{
  "experiment_name": "rauber_de_fe_setup",
  "feature_extraction": "WaveletFeatures",
  "classifier": "RandomForestClassifier",
  "augmentation": true,
  "start_time": "2026-05-01_02-53-35",
  "scores": {
    "fold_0_0": {
      "load_data_time": 20.456073429,
      "training_time": 25.912795074,
      "prediction_time": 0.463591144,
      "accuracy_score": 0.4926866820631255,
      "f1_macro": 0.5225323484761653,
      "confusion_matrix": "[[469   1   0   1]\n [  0   5   0 468]\n [  0   0 238   0]\n [589 259   0 568]]"
    },
    "fold_0_1": {
      "load_data_time": 14.177845159,
      "training_time": 18.287960487,
      "prediction_time": 0.559734764,
      "accuracy_score": 0.6204417051874679,
      "f1_macro": 0.55152910984035,
      "confusion_matrix": "[[389  39   0  44]\n [217   0   0 255]\n [  0   0 472   0]\n [184   0   0 347]]"
    },
    "fold_0_2": {
      "load_data_time": 29.519133276,
      "training_time": 37.368641268,
      "prediction_time": 0.219776038,
      "accuracy_score": 0.5186757215619694,
      "f1_macro": 0.48021335389756437,
      "confusion_matrix": "[[235   1   0 235]\n [213   0   0 259]\n [  0   0 472   0]\n [278 148   0 515]]"
    },
    "fold_0_3": {
      "load_data_time": 10.637624331,
      "training_time": 13.704369311,
      "prediction_time": 0.67041012,
      "accuracy_score": 0.5021186440677966,
      "f1_macro": 0.25,
      "confusion_matrix": "[[  0   0   0 235]\n [  0   0   0 235]\n [  0   0 474   0]\n [  0   0   0   0]]"
    },
    "fold_1_0": {
      "load_data_time": 19.994236709,
      "training_time": 25.189962558,
      "prediction_time": 0.400941689,
      "accuracy_score": 0.5321100917431193,
      "f1_macro": 0.5201218923776207,
      "confusion_matrix": "[[467   2   0   2]\n [  0   1   0 472]\n [  0   0 474   0]\n [576 274   0 566]]"
    },
    "fold_1_1": {
      "load_data_time": 13.804291734,
      "training_time": 18.330102451,
      "prediction_time": 0.551276557,
      "accuracy_score": 0.5872737886748395,
      "f1_macro": 0.5636450708445699,
      "confusion_matrix": "[[412  32   0  28]\n [189   0   0 283]\n [  0   0 238   0]\n [175   0   0 356]]"
    },
    "fold_1_2": {
      "load_data_time": 29.230888052,
      "training_time": 37.372227265,
      "prediction_time": 0.219698501,
      "accuracy_score": 0.48174872665534807,
      "f1_macro": 0.45506676453743533,
      "confusion_matrix": "[[231   1   0 239]\n [232   2   0 238]\n [  0   0 472   0]\n [393 118   0 430]]"
    },
    "fold_1_3": {
      "load_data_time": 10.685534741,
      "training_time": 13.751108027,
      "prediction_time": 0.660683826,
      "accuracy_score": 0.5010615711252654,
      "f1_macro": 0.25,
      "confusion_matrix": "[[  0   0   0 235]\n [  0   0   0 235]\n [  0   0 472   0]\n [  0   0   0   0]]"
    },
    "fold_2_0": {
      "load_data_time": 19.981804688,
      "training_time": 25.164275445,
      "prediction_time": 0.453231637,
      "accuracy_score": 0.5342514124293786,
      "f1_macro": 0.5235115583599826,
      "confusion_matrix": "[[469   1   0   1]\n [  1   8   0 464]\n [  0   0 472   0]\n [594 258   0 564]]"
    },
    "fold_2_1": {
      "load_data_time": 14.197318531,
      "training_time": 18.489476294,
      "prediction_time": 0.492661797,
      "accuracy_score": 0.629040533606978,
      "f1_macro": 0.55448125105095,
      "confusion_matrix": "[[400  10   0  62]\n [201   0   0 271]\n [  0   0 474   0]\n [179   0   0 352]]"
    },
    "fold_2_2": {
      "load_data_time": 29.895677601,
      "training_time": 37.257828685,
      "prediction_time": 0.220066466,
      "accuracy_score": 0.43920829406220546,
      "f1_macro": 0.46677363949562295,
      "confusion_matrix": "[[252   0   0 219]\n [225   2   0 245]\n [  0   0 238   0]\n [366 135   0 440]]"
    },
    "fold_2_3": {
      "load_data_time": 10.810364335,
      "training_time": 13.794388433,
      "prediction_time": 0.660107134,
      "accuracy_score": 0.5233545647558386,
      "f1_macro": 0.291015625,
      "confusion_matrix": "[[  0   0   0 235]\n [  0  21   0 214]\n [  0   0 472   0]\n [  0   0   0   0]]"
    },
    "fold_3_0": {
      "load_data_time": 20.149866375,
      "training_time": 25.157011829,
      "prediction_time": 0.454031564,
      "accuracy_score": 0.5278954802259888,
      "f1_macro": 0.5235515995143232,
      "confusion_matrix": "[[469   1   0   1]\n [  4  10   0 459]\n [  0   0 472   0]\n [571 301   0 544]]"
    },
    "fold_3_1": {
      "load_data_time": 13.915268506,
      "training_time": 18.245083421,
      "prediction_time": 0.549255312,
      "accuracy_score": 0.6219825372367745,
      "f1_macro": 0.5509195831776477,
      "confusion_matrix": "[[409  29   0  34]\n [220   0   0 252]\n [  0   0 472   0]\n [201   0   0 330]]"
    },
    "fold_3_2": {
      "load_data_time": 29.411089172,
      "training_time": 37.268054174,
      "prediction_time": 0.165436483,
      "accuracy_score": 0.5,
      "f1_macro": 0.46700487773119503,
      "confusion_matrix": "[[227   0   0 244]\n [218   2   0 252]\n [  0   0 474   0]\n [332 133   0 476]]"
    },
    "fold_3_3": {
      "load_data_time": 20.042455091,
      "training_time": 25.227685992,
      "prediction_time": 0.40026262,
      "accuracy_score": 0.3361581920903955,
      "f1_macro": 0.25,
      "confusion_matrix": "[[  0   0   0 235]\n [  0   0   0 235]\n [  0   0 238   0]\n [  0   0   0   0]]"
    },
    "fold_4_0": {
      "load_data_time": 10.728534519,
      "training_time": 13.685407148,
      "prediction_time": 0.657587274,
      "accuracy_score": 0.5732632807939287,
      "f1_macro": 0.553718826366731,
      "confusion_matrix": "[[390  29   0  53]\n [193   0   0 279]\n [  0   0 238   0]\n [177   0   0 354]]"
    },
    "fold_4_1": {
      "load_data_time": 13.947715036,
      "training_time": 18.262564683,
      "prediction_time": 0.547323361,
      "accuracy_score": 0.5324858757062146,
      "f1_macro": 0.5232275131797218,
      "confusion_matrix": "[[469   1   0   1]\n [  0   7   0 466]\n [  0   0 472   0]\n [583 273   0 560]]"
    },
    "fold_4_2": {
      "load_data_time": 29.417695202,
      "training_time": 37.416380902,
      "prediction_time": 0.220315326,
      "accuracy_score": 0.517402376910017,
      "f1_macro": 0.47811490866830275,
      "confusion_matrix": "[[228   7   0 236]\n [215   2   0 255]\n [  0   0 472   0]\n [301 123   0 517]]"
    },
    "fold_4_3": {
      "load_data_time": 20.060822882,
      "training_time": 25.087081977,
      "prediction_time": 0.454626911,
      "accuracy_score": 0.5021186440677966,
      "f1_macro": 0.25,
      "confusion_matrix": "[[  0   0   0 235]\n [  0   0   0 235]\n [  0   0 474   0]\n [  0   0   0   0]]"
    },
    "fold_5_0": {
      "load_data_time": 11.169031266,
      "training_time": 13.793256633,
      "prediction_time": 0.60503034,
      "accuracy_score": 0.6187788609543355,
      "f1_macro": 0.548410662200674,
      "confusion_matrix": "[[399  30   0  43]\n [210   0   0 262]\n [  0   0 474   0]\n [198   0   0 333]]"
    },
    "fold_5_1": {
      "load_data_time": 14.607866953,
      "training_time": 18.304439368,
      "prediction_time": 0.548143578,
      "accuracy_score": 0.4996150885296382,
      "f1_macro": 0.5229238121115476,
      "confusion_matrix": "[[469   0   0   2]\n [  0   1   0 472]\n [  0   0 238   0]\n [590 236   0 590]]"
    },
    "fold_5_2": {
      "load_data_time": 30.434667086,
      "training_time": 37.048364196,
      "prediction_time": 0.220356384,
      "accuracy_score": 0.4906621392190153,
      "f1_macro": 0.45801939915673273,
      "confusion_matrix": "[[205   5   0 261]\n [227   2   0 243]\n [  0   0 472   0]\n [343 121   0 477]]"
    },
    "fold_5_3": {
      "load_data_time": 20.928369796,
      "training_time": 25.161144968,
      "prediction_time": 0.452826789,
      "accuracy_score": 0.5021231422505308,
      "f1_macro": 0.2521186440677966,
      "confusion_matrix": "[[  0   0   0 235]\n [  0   1   0 234]\n [  0   0 472   0]\n [  0   0   0   0]]"
    },