{
  "experiment_name": "rauber_de_fe_setup",
  "feature_extraction": "WaveletFeatures",
  "classifier": "RandomForestClassifier",
  "augmentation": false,
  "start_time": "2026-04-30_17-15-02",
  "scores": {
    "fold_0_0": {
      "load_data_time": 0.06595846,
      "training_time": 2.7369157,
      "prediction_time": 0.462676601,
      "accuracy_score": 0.5931485758275596,
      "f1_macro": 0.6078213894253354,
      "confusion_matrix": "[[459   8   0   4]\n [  0   0   0 473]\n [  0   0 238   0]\n [197 375   0 844]]"
    },
    "fold_0_1": {
      "load_data_time": 0.059211316,
      "training_time": 2.433381725,
      "prediction_time": 0.558097458,
      "accuracy_score": 0.6101694915254238,
      "f1_macro": 0.5425467653219568,
      "confusion_matrix": "[[425  27   0  20]\n [ 95   0   0 377]\n [  0   0 472   0]\n [235   5   0 291]]"
    },
    "fold_0_2": {
      "load_data_time": 0.08214641,
      "training_time": 3.17354956,
      "prediction_time": 0.22072188,
      "accuracy_score": 0.6532258064516129,
      "f1_macro": 0.6212079305927565,
      "confusion_matrix": "[[350   9   0 112]\n [ 10   0   0 462]\n [  0   0 472   0]\n [  0 224   0 717]]"
    },
    "fold_0_3": {
      "load_data_time": 0.05745443,
      "training_time": 2.215556891,
      "prediction_time": 0.67022353,
      "accuracy_score": 0.5296610169491526,
      "f1_macro": 0.2998084291187739,
      "confusion_matrix": "[[  0   0   0 235]\n [  0  26   0 209]\n [  0   0 474   0]\n [  0   0   0   0]]"
    },
    "fold_1_0": {
      "load_data_time": 0.070340401,
      "training_time": 2.762357018,
      "prediction_time": 0.400865278,
      "accuracy_score": 0.6397318278052223,
      "f1_macro": 0.6118357449540293,
      "confusion_matrix": "[[463   8   0   0]\n [  0   0   0 473]\n [  0   0 474   0]\n [204 336   0 876]]"
    },
    "fold_1_1": {
      "load_data_time": 0.062577232,
      "training_time": 2.439632957,
      "prediction_time": 0.554015651,
      "accuracy_score": 0.5680093403385873,
      "f1_macro": 0.5518599568188656,
      "confusion_matrix": "[[398  18   0  56]\n [ 94   0   0 378]\n [  0   0 238   0]\n [190   4   0 337]]"
    },
    "fold_1_2": {
      "load_data_time": 0.079546936,
      "training_time": 3.192461949,
      "prediction_time": 0.219489257,
      "accuracy_score": 0.6710526315789473,
      "f1_macro": 0.636392353332208,
      "confusion_matrix": "[[376  11   0  84]\n [  3   1   0 468]\n [  0   0 472   0]\n [  0 209   0 732]]"
    },
    "fold_1_3": {
      "load_data_time": 0.055419964,
      "training_time": 2.255876289,
      "prediction_time": 0.665124702,
      "accuracy_score": 0.5318471337579618,
      "f1_macro": 0.30492424242424243,
      "confusion_matrix": "[[  0   0   0 235]\n [  0  29   0 206]\n [  0   0 472   0]\n [  0   0   0   0]]"
    },
    "fold_2_0": {
      "load_data_time": 0.067831769,
      "training_time": 2.675885409,
      "prediction_time": 0.453667772,
      "accuracy_score": 0.652542372881356,
      "f1_macro": 0.6241726940839252,
      "confusion_matrix": "[[460   9   0   2]\n [  0   0   0 473]\n [  0   0 472   0]\n [159 341   0 916]]"
    },
    "fold_2_1": {
      "load_data_time": 0.065919721,
      "training_time": 2.500748133,
      "prediction_time": 0.494868915,
      "accuracy_score": 0.6187788609543355,
      "f1_macro": 0.5517811905310239,
      "confusion_matrix": "[[405  33   0  34]\n [ 98   0   0 374]\n [  0   0 474   0]\n [198   6   0 327]]"
    },
    "fold_2_2": {
      "load_data_time": 0.081273312,
      "training_time": 3.168488546,
      "prediction_time": 0.219690864,
      "accuracy_score": 0.6281809613572101,
      "f1_macro": 0.6245555540683434,
      "confusion_matrix": "[[344  12   0 115]\n [  4   0   0 468]\n [  0   0 238   0]\n [  2 188   0 751]]"
    },
    "fold_2_3": {
      "load_data_time": 0.058030955,
      "training_time": 2.226042682,
      "prediction_time": 0.659300062,
      "accuracy_score": 0.5329087048832272,
      "f1_macro": 0.30660377358490565,
      "confusion_matrix": "[[  0   0   0 235]\n [  0  30   0 205]\n [  0   0 472   0]\n [  0   0   0   0]]"
    },
    "fold_3_0": {
      "load_data_time": 0.066102075,
      "training_time": 2.705816595,
      "prediction_time": 0.452270026,
      "accuracy_score": 0.6444209039548022,
      "f1_macro": 0.613061280562907,
      "confusion_matrix": "[[462   9   0   0]\n [  0   0   0 473]\n [  0   0 472   0]\n [206 319   0 891]]"
    },
    "fold_3_1": {
      "load_data_time": 0.062928496,
      "training_time": 2.45320928,
      "prediction_time": 0.546226043,
      "accuracy_score": 0.6040061633281972,
      "f1_macro": 0.5378554134902055,
      "confusion_matrix": "[[411  25   0  36]\n [ 98   0   0 374]\n [  0   0 472   0]\n [234   4   0 293]]"
    },
    "fold_3_2": {
      "load_data_time": 0.084558712,
      "training_time": 3.219478538,
      "prediction_time": 0.166003812,
      "accuracy_score": 0.6603053435114504,
      "f1_macro": 0.6258862163085055,
      "confusion_matrix": "[[353  14   0 104]\n [ 11   2   0 459]\n [  0   0 474   0]\n [  0 213   0 728]]"
    },
    "fold_3_3": {
      "load_data_time": 0.070306569,
      "training_time": 2.743034489,
      "prediction_time": 0.399212335,
      "accuracy_score": 0.5070621468926554,
      "f1_macro": 0.4199438202247191,
      "confusion_matrix": "[[  0   0   0 235]\n [  0 121   0 114]\n [  0   0 238   0]\n [  0   0   0   0]]"
    },
    "fold_4_0": {
      "load_data_time": 0.05793565,
      "training_time": 2.226074328,
      "prediction_time": 0.655175977,
      "accuracy_score": 0.5604203152364273,
      "f1_macro": 0.5476375757935715,
      "confusion_matrix": "[[419  37   0  16]\n [ 79   0   0 393]\n [  0   0 238   0]\n [222   6   0 303]]"
    },
    "fold_4_1": {
      "load_data_time": 0.061759649,
      "training_time": 2.417292647,
      "prediction_time": 0.548251163,
      "accuracy_score": 0.6324152542372882,
      "f1_macro": 0.5988971934106162,
      "confusion_matrix": "[[459  11   0   1]\n [  0   0   0 473]\n [  0   0 472   0]\n [262 294   0 860]]"
    },
    "fold_4_2": {
      "load_data_time": 0.081594602,
      "training_time": 3.196160504,
      "prediction_time": 0.220598658,
      "accuracy_score": 0.6213921901528013,
      "f1_macro": 0.6106619757762285,
      "confusion_matrix": "[[345   6   0 120]\n [  7   4   0 461]\n [  0   0 472   0]\n [  0 298   0 643]]"
    },
    "fold_4_3": {
      "load_data_time": 0.067751956,
      "training_time": 2.673654098,
      "prediction_time": 0.453275265,
      "accuracy_score": 0.5444915254237288,
      "f1_macro": 0.32272727272727275,
      "confusion_matrix": "[[  0   0   0 235]\n [  0  40   0 195]\n [  0   0 474   0]\n [  0   0   0   0]]"
    },
    "fold_5_0": {
      "load_data_time": 0.06017566,
      "training_time": 2.266623989,
      "prediction_time": 0.600847628,
      "accuracy_score": 0.6126218573627501,
      "f1_macro": 0.5433517764903206,
      "confusion_matrix": "[[428  24   0  20]\n [113   0   0 359]\n [  0   0 474   0]\n [232   7   0 292]]"
    },
    "fold_5_1": {
      "load_data_time": 0.063476227,
      "training_time": 2.428178667,
      "prediction_time": 0.544665279,
      "accuracy_score": 0.6173979984603541,
      "f1_macro": 0.6183065698277227,
      "confusion_matrix": "[[464   6   0   1]\n [  0   0   0 473]\n [  0   0 238   0]\n [187 327   0 902]]"
    },
    "fold_5_2": {
      "load_data_time": 0.079458194,
      "training_time": 3.185187246,
      "prediction_time": 0.218908056,
      "accuracy_score": 0.6544991511035654,
      "f1_macro": 0.6222794136717703,
      "confusion_matrix": "[[349   6   0 116]\n [  4   0   0 468]\n [  0   0 472   0]\n [  0 220   0 721]]"
    },
    "fold_5_3": {
      "load_data_time": 0.065583348,
      "training_time": 2.670641001,
      "prediction_time": 0.453574026,
      "accuracy_score": 0.5021231422505308,
      "f1_macro": 0.2521186440677966,