{
  "experiment_name": "rauber_loca_et_al_setup",
  "feature_extraction": "WaveletFeatures",
  "classifier": "RandomForestClassifier",
  "augmentation": false,
  "start_time": "2026-05-01_04-01-28",
  "scores": {
    "fold_0_0": {
      "load_data_time": 0.037738433,
      "training_time": 1.44853717,
      "prediction_time": 0.224898135,
      "accuracy_score": 0.6192307692307693,
      "f1_macro": 0.6612903225806451,
      "confusion_matrix": "[[236   0   0   0]\n [  0   0   0 237]\n [  0   0 119   0]\n [  0 258   0 450]]"
    },
    "fold_0_1": {
      "load_data_time": 0.031586582,
      "training_time": 1.148872582,
      "prediction_time": 0.338475173,
      "accuracy_score": 0.4989406779661017,
      "f1_macro": 0.4027958387516255,
      "confusion_matrix": "[[235   0   0   1]\n [ 62   0   0 174]\n [  0   0 236   0]\n [236   0   0   0]]"
    },
    "fold_0_2": {
      "load_data_time": 0.044345703,
      "training_time": 1.489828296,
      "prediction_time": 0.166275804,
      "accuracy_score": 0.7648305084745762,
      "f1_macro": 0.799185325020659,
      "confusion_matrix": "[[232   0   0   4]\n [  6 154   0  76]\n [  0   0 236   0]\n [  3 244   0 461]]"
    },
    "fold_0_3": {
      "load_data_time": 0.033450186,
      "training_time": 1.181314693,
      "prediction_time": 0.334226564,
      "accuracy_score": 0.3352192362093352,
      "f1_macro": 0.25,
      "confusion_matrix": "[[  0   0   0 235]\n [  0   0   0 235]\n [  0   0 237   0]\n [  0   0   0   0]]"
    },
    "fold_1_0": {
      "load_data_time": 0.04039665,
      "training_time": 1.427039556,
      "prediction_time": 0.195036338,
      "accuracy_score": 0.6600846262341326,
      "f1_macro": 0.6644176136363636,
      "confusion_matrix": "[[236   0   0   0]\n [  0   0   0 237]\n [  0   0 237   0]\n [  0 245   0 463]]"
    },
    "fold_1_1": {
      "load_data_time": 0.033556828,
      "training_time": 1.152708447,
      "prediction_time": 0.331699048,
      "accuracy_score": 0.42926239419588874,
      "f1_macro": 0.4081769436997319,
      "confusion_matrix": "[[236   0   0   0]\n [ 38   0   0 198]\n [  0   0 119   0]\n [236   0   0   0]]"
    },
    "fold_1_2": {
      "load_data_time": 0.042870164,
      "training_time": 1.476130322,
      "prediction_time": 0.16568763,
      "accuracy_score": 0.7238700564971752,
      "f1_macro": 0.7568666099007362,
      "confusion_matrix": "[[231   0   0   5]\n [  5 103   0 128]\n [  0   0 236   0]\n [  1 252   0 455]]"
    },
    "fold_1_3": {
      "load_data_time": 0.03222439,
      "training_time": 1.181732905,
      "prediction_time": 0.332051869,
      "accuracy_score": 0.3342776203966006,
      "f1_macro": 0.25,
      "confusion_matrix": "[[  0   0   0 235]\n [  0   0   0 235]\n [  0   0 236   0]\n [  0   0   0   0]]"
    },
    "fold_2_0": {
      "load_data_time": 0.038717072,
      "training_time": 1.405006094,
      "prediction_time": 0.22119958,
      "accuracy_score": 0.6704304869442484,
      "f1_macro": 0.667955024595924,
      "confusion_matrix": "[[236   0   0   0]\n [  0   0   0 237]\n [  0   0 236   0]\n [  0 230   0 478]]"
    },
    "fold_2_1": {
      "load_data_time": 0.034550313,
      "training_time": 1.176156932,
      "prediction_time": 0.305817543,
      "accuracy_score": 0.5005291005291005,
      "f1_macro": 0.40649867374005305,
      "confusion_matrix": "[[236   0   0   0]\n [ 46   0   0 190]\n [  0   0 237   0]\n [236   0   0   0]]"
    },
    "fold_2_2": {
      "load_data_time": 0.043634947,
      "training_time": 1.476949029,
      "prediction_time": 0.166471283,
      "accuracy_score": 0.7513471901462664,
      "f1_macro": 0.8116311307465746,
      "confusion_matrix": "[[231   1   0   4]\n [  6 184   0  46]\n [  0   0 119   0]\n [  2 264   0 442]]"
    },
    "fold_2_3": {
      "load_data_time": 0.03311365,
      "training_time": 1.180272967,
      "prediction_time": 0.331997839,
      "accuracy_score": 0.3356940509915014,
      "f1_macro": 0.2521186440677966,
      "confusion_matrix": "[[  0   0   0 235]\n [  0   1   0 234]\n [  0   0 236   0]\n [  0   0   0   0]]"
    },
    "fold_3_0": {
      "load_data_time": 0.037702054,
      "training_time": 1.39773633,
      "prediction_time": 0.223729675,
      "accuracy_score": 0.6619618913196895,
      "f1_macro": 0.6651311126860383,
      "confusion_matrix": "[[236   0   0   0]\n [  0   0   0 237]\n [  0   0 236   0]\n [  0 242   0 466]]"
    },
    "fold_3_1": {
      "load_data_time": 0.033423774,
      "training_time": 1.145262804,
      "prediction_time": 0.331322478,
      "accuracy_score": 0.4989406779661017,
      "f1_macro": 0.403997378768021,
      "confusion_matrix": "[[235   0   0   1]\n [ 56   0   0 180]\n [  0   0 236   0]\n [236   0   0   0]]"
    },
    "fold_3_2": {
      "load_data_time": 0.045199963,
      "training_time": 1.502061502,
      "prediction_time": 0.139419984,
      "accuracy_score": 0.7417078334509527,
      "f1_macro": 0.7766034623380916,
      "confusion_matrix": "[[232   0   0   4]\n [  5 126   0 105]\n [  0   0 237   0]\n [  1 251   0 456]]"
    },
    "fold_3_3": {
      "load_data_time": 0.040338392,
      "training_time": 1.438259541,
      "prediction_time": 0.195958512,
      "accuracy_score": 0.20203735144312393,
      "f1_macro": 0.25,
      "confusion_matrix": "[[  0   0   0 235]\n [  0   0   0 235]\n [  0   0 119   0]\n [  0   0   0   0]]"
    },
    "fold_4_0": {
      "load_data_time": 0.0334411,
      "training_time": 1.181254812,
      "prediction_time": 0.332351598,
      "accuracy_score": 0.4280532043530834,
      "f1_macro": 0.4041994750656168,
      "confusion_matrix": "[[235   0   0   1]\n [ 55   0   0 181]\n [  0   0 119   0]\n [236   0   0   0]]"
    },
    "fold_4_1": {
      "load_data_time": 0.032360547,
      "training_time": 1.143050996,
      "prediction_time": 0.335383342,
      "accuracy_score": 0.6400846859562456,
      "f1_macro": 0.657608695652174,
      "confusion_matrix": "[[236   0   0   0]\n [  0   0   0 237]\n [  0   0 236   0]\n [  0 273   0 435]]"
    },
    "fold_4_2": {
      "load_data_time": 0.044576356,
      "training_time": 1.481384339,
      "prediction_time": 0.166327415,
      "accuracy_score": 0.7492937853107344,
      "f1_macro": 0.7830067951792901,
      "confusion_matrix": "[[232   0   0   4]\n [  9 135   0  92]\n [  0   0 236   0]\n [  1 249   0 458]]"
    },
    "fold_4_3": {
      "load_data_time": 0.038728931,
      "training_time": 1.393782572,
      "prediction_time": 0.221650929,
      "accuracy_score": 0.3352192362093352,
      "f1_macro": 0.25,
      "confusion_matrix": "[[  0   0   0 235]\n [  0   0   0 235]\n [  0   0 237   0]\n [  0   0   0   0]]"
    },
    "fold_5_0": {
      "load_data_time": 0.034779855,
      "training_time": 1.212518778,
      "prediction_time": 0.307835337,
      "accuracy_score": 0.49947089947089945,
      "f1_macro": 0.40319426336375486,
      "confusion_matrix": "[[235   0   0   1]\n [ 60   0   0 176]\n [  0   0 237   0]\n [236   0   0   0]]"
    },
    "fold_5_1": {
      "load_data_time": 0.033392608,
      "training_time": 1.135298097,
      "prediction_time": 0.332019633,
      "accuracy_score": 0.6376923076923077,
      "f1_macro": 0.6670190274841438,
      "confusion_matrix": "[[236   0   0   0]\n [  0   0   0 237]\n [  0   0 119   0]\n [  0 234   0 474]]"
    },
    "fold_5_2": {
      "load_data_time": 0.042914177,
      "training_time": 1.463118167,
      "prediction_time": 0.166225949,
      "accuracy_score": 0.7563559322033898,
      "f1_macro": 0.7914826733324731,
      "confusion_matrix": "[[232   0   0   4]\n [  5 143   0  88]\n [  0   0 236   0]\n [  1 247   0 460]]"
    },
    "fold_5_3": {
      "load_data_time": 0.037649428,
      "training_time": 1.399700707,
      "prediction_time": 0.221424839,
      "accuracy_score": 0.3342776203966006,
      "f1_macro": 0.25,
      "confusion_matrix": "[[  0   0   0 235]\n [  0   0   0 235]\n [  0   0 236   0]\n [  0   0   0   0]]"
    },