{
  "experiment_name": "rauber_loca_et_al_setup",
  "feature_extraction": "WaveletFeatures",
  "classifier": "RandomForestClassifier",
  "augmentation": false,
  "start_time": "2026-05-01_17-20-47",
  "scores": {
    "fold_0_0": {
      "load_data_time": 0.037959021,
      "training_time": 1.45649679,
      "prediction_time": 0.230885879,
      "accuracy_score": 0.6130769230769231,
      "f1_macro": 0.6593366979091564,
      "confusion_matrix": "[[236   0   0   0]\n [  0   0   0 237]\n [  0   0 119   0]\n [  0 266   0 442]]"
    },
    "fold_0_1": {
      "load_data_time": 0.031679442,
      "training_time": 1.165700639,
      "prediction_time": 0.344717242,
      "accuracy_score": 0.5,
      "f1_macro": 0.40364583333333337,
      "confusion_matrix": "[[236   0   0   0]\n [ 60   0   0 176]\n [  0   0 236   0]\n [236   0   0   0]]"
    },
    "fold_0_2": {
      "load_data_time": 0.04454706,
      "training_time": 1.500993126,
      "prediction_time": 0.169409679,
      "accuracy_score": 0.7139830508474576,
      "f1_macro": 0.7425358992431387,
      "confusion_matrix": "[[232   2   0   2]\n [  5  85   0 146]\n [  0   0 236   0]\n [  3 247   0 458]]"
    },
    "fold_0_3": {
      "load_data_time": 0.033712388,
      "training_time": 1.194119225,
      "prediction_time": 0.342994949,
      "accuracy_score": 0.3352192362093352,
      "f1_macro": 0.25,
      "confusion_matrix": "[[  0   0   0 235]\n [  0   0   0 235]\n [  0   0 237   0]\n [  0   0   0   0]]"
    },
    "fold_1_0": {
      "load_data_time": 0.040686756,
      "training_time": 1.457201966,
      "prediction_time": 0.199200602,
      "accuracy_score": 0.6636107193229901,
      "f1_macro": 0.6656050955414012,
      "confusion_matrix": "[[236   0   0   0]\n [  0   0   0 237]\n [  0   0 237   0]\n [  0 240   0 468]]"
    },
    "fold_1_1": {
      "load_data_time": 0.033675859,
      "training_time": 1.158195961,
      "prediction_time": 0.340610023,
      "accuracy_score": 0.4280532043530834,
      "f1_macro": 0.4041994750656168,
      "confusion_matrix": "[[235   0   0   1]\n [ 55   0   0 181]\n [  0   0 119   0]\n [236   0   0   0]]"
    },
    "fold_1_2": {
      "load_data_time": 0.043254523,
      "training_time": 1.494252186,
      "prediction_time": 0.169751114,
      "accuracy_score": 0.7464689265536724,
      "f1_macro": 0.7874823647830588,
      "confusion_matrix": "[[231   0   0   5]\n [  5 154   0  77]\n [  0   0 236   0]\n [  4 268   0 436]]"
    },
    "fold_1_3": {
      "load_data_time": 0.032320942,
      "training_time": 1.199809201,
      "prediction_time": 0.340068217,
      "accuracy_score": 0.3342776203966006,
      "f1_macro": 0.25,
      "confusion_matrix": "[[  0   0   0 235]\n [  0   0   0 235]\n [  0   0 236   0]\n [  0   0   0   0]]"
    },
    "fold_2_0": {
      "load_data_time": 0.039256086,
      "training_time": 1.42782443,
      "prediction_time": 0.226546008,
      "accuracy_score": 0.6436132674664785,
      "f1_macro": 0.6588447653429603,
      "confusion_matrix": "[[236   0   0   0]\n [  0   0   0 237]\n [  0   0 236   0]\n [  0 268   0 440]]"
    },
    "fold_2_1": {
      "load_data_time": 0.035101366,
      "training_time": 1.18370924,
      "prediction_time": 0.311526758,
      "accuracy_score": 0.49947089947089945,
      "f1_macro": 0.40319426336375486,
      "confusion_matrix": "[[235   0   0   1]\n [ 60   0   0 176]\n [  0   0 237   0]\n [236   0   0   0]]"
    },
    "fold_2_2": {
      "load_data_time": 0.044463273,
      "training_time": 1.492271886,
      "prediction_time": 0.169801261,
      "accuracy_score": 0.7097767513471901,
      "f1_macro": 0.7656297855448924,
      "confusion_matrix": "[[232   0   0   4]\n [  6 114   0 116]\n [  0   0 119   0]\n [  5 246   0 457]]"
    },
    "fold_2_3": {
      "load_data_time": 0.033898932,
      "training_time": 1.190404458,
      "prediction_time": 0.339904301,
      "accuracy_score": 0.3342776203966006,
      "f1_macro": 0.25,
      "confusion_matrix": "[[  0   0   0 235]\n [  0   0   0 235]\n [  0   0 236   0]\n [  0   0   0   0]]"
    },
    "fold_3_0": {
      "load_data_time": 0.03814936,
      "training_time": 1.409267056,
      "prediction_time": 0.226805732,
      "accuracy_score": 0.6577275935074101,
      "f1_macro": 0.6637010676156584,
      "confusion_matrix": "[[236   0   0   0]\n [  0   0   0 237]\n [  0   0 236   0]\n [  0 248   0 460]]"
    },
    "fold_3_1": {
      "load_data_time": 0.033726261,
      "training_time": 1.158130631,
      "prediction_time": 0.339788454,
      "accuracy_score": 0.5,
      "f1_macro": 0.4042483660130719,
      "confusion_matrix": "[[236   0   0   0]\n [ 57   0   0 179]\n [  0   0 236   0]\n [236   0   0   0]]"
    },
    "fold_3_2": {
      "load_data_time": 0.045486809,
      "training_time": 1.52881123,
      "prediction_time": 0.143382468,
      "accuracy_score": 0.7494707127734651,
      "f1_macro": 0.7931841098327745,
      "confusion_matrix": "[[229   3   0   4]\n [  5 167   0  64]\n [  0   0 237   0]\n [  1 278   0 429]]"
    },
    "fold_3_3": {
      "load_data_time": 0.040968605,
      "training_time": 1.458368085,
      "prediction_time": 0.199702136,
      "accuracy_score": 0.20203735144312393,
      "f1_macro": 0.25,
      "confusion_matrix": "[[  0   0   0 235]\n [  0   0   0 235]\n [  0   0 119   0]\n [  0   0   0   0]]"
    },
    "fold_4_0": {
      "load_data_time": 0.033760723,
      "training_time": 1.188892274,
      "prediction_time": 0.338380628,
      "accuracy_score": 0.42926239419588874,
      "f1_macro": 0.40364583333333337,
      "confusion_matrix": "[[236   0   0   0]\n [ 60   0   0 176]\n [  0   0 119   0]\n [236   0   0   0]]"
    },
    "fold_4_1": {
      "load_data_time": 0.032758876,
      "training_time": 1.147971373,
      "prediction_time": 0.341102949,
      "accuracy_score": 0.647847565278758,
      "f1_macro": 0.6603163191948238,
      "confusion_matrix": "[[236   0   0   0]\n [  0   0   0 237]\n [  0   0 236   0]\n [  0 262   0 446]]"
    },
    "fold_4_2": {
      "load_data_time": 0.04426751,
      "training_time": 1.4806258,
      "prediction_time": 0.169930397,
      "accuracy_score": 0.6977401129943502,
      "f1_macro": 0.7239568549567981,
      "confusion_matrix": "[[231   0   0   5]\n [  6  68   0 162]\n [  0   0 236   0]\n [  4 251   0 453]]"
    },
    "fold_4_3": {
      "load_data_time": 0.038981879,
      "training_time": 1.42139216,
      "prediction_time": 0.227155847,
      "accuracy_score": 0.3352192362093352,
      "f1_macro": 0.25,
      "confusion_matrix": "[[  0   0   0 235]\n [  0   0   0 235]\n [  0   0 237   0]\n [  0   0   0   0]]"
    },
    "fold_5_0": {
      "load_data_time": 0.034700683,
      "training_time": 1.223398932,
      "prediction_time": 0.31169565,
      "accuracy_score": 0.49947089947089945,
      "f1_macro": 0.40521796565389695,
      "confusion_matrix": "[[235   0   0   1]\n [ 50   0   0 186]\n [  0   0 237   0]\n [236   0   0   0]]"
    },
    "fold_5_1": {
      "load_data_time": 0.033594649,
      "training_time": 1.141154441,
      "prediction_time": 0.3387237,
      "accuracy_score": 0.6246153846153846,
      "f1_macro": 0.662981455064194,
      "confusion_matrix": "[[236   0   0   0]\n [  0   0   0 237]\n [  0   0 119   0]\n [  0 251   0 457]]"
    },
    "fold_5_2": {
      "load_data_time": 0.042958259,
      "training_time": 1.494373302,
      "prediction_time": 0.170263026,
      "accuracy_score": 0.7379943502824858,
      "f1_macro": 0.7705263532704306,
      "confusion_matrix": "[[231   0   0   5]\n [  6 119   0 111]\n [  0   0 236   0]\n [  3 246   0 459]]"
    },
    "fold_5_3": {
      "load_data_time": 0.037763153,
      "training_time": 1.414073771,
      "prediction_time": 0.226809404,
      "accuracy_score": 0.3342776203966006,
      "f1_macro": 0.25,
      "confusion_matrix": "[[  0   0   0 235]\n [  0   0   0 235]\n [  0   0 236   0]\n [  0   0   0   0]]"
    },
    "fold_6_0": {
      "load_data_time": 0.033626303,