{
  "experiment_name": "rauber_loca_et_al_setup",
  "feature_extraction": "WaveletFeatures",
  "classifier": "RandomForestClassifier",
  "augmentation": true,
  "start_time": "2026-05-02_00-02-11",
  "scores": {
    "fold_0_0": {
      "load_data_time": 6.460350352,
      "training_time": 7.756290734,
      "prediction_time": 0.224745359,
      "accuracy_score": 0.6246153846153846,
      "f1_macro": 0.6624529138379783,
      "confusion_matrix": "[[236   0   0   0]\n [  0   0   0 237]\n [  0   0 119   0]\n [  1 250   0 457]]"
    },
    "fold_0_1": {
      "load_data_time": 3.758373928,
      "training_time": 4.363736395,
      "prediction_time": 0.334656639,
      "accuracy_score": 0.5010593220338984,
      "f1_macro": 0.4123182572209212,
      "confusion_matrix": "[[236   0   0   0]\n [ 25   0   0 211]\n [  0   0 236   0]\n [235   0   0   1]]"
    },
    "fold_0_2": {
      "load_data_time": 8.894336095,
      "training_time": 9.430990468,
      "prediction_time": 0.166134261,
      "accuracy_score": 0.6412429378531074,
      "f1_macro": 0.601289305527915,
      "confusion_matrix": "[[209   2   0  25]\n [138   8   0  90]\n [  0   0 236   0]\n [ 53 200   0 455]]"
    },
    "fold_0_3": {
      "load_data_time": 3.808290022,
      "training_time": 4.402873877,
      "prediction_time": 0.333298539,
      "accuracy_score": 0.3352192362093352,
      "f1_macro": 0.25,
      "confusion_matrix": "[[  0   0   0 235]\n [  0   0   0 235]\n [  0   0 237   0]\n [  0   0   0   0]]"
    },
    "fold_1_0": {
      "load_data_time": 6.569510141,
      "training_time": 7.583739356,
      "prediction_time": 0.19522115,
      "accuracy_score": 0.6325811001410437,
      "f1_macro": 0.6548575602629657,
      "confusion_matrix": "[[236   0   0   0]\n [  0   0   0 237]\n [  0   0 237   0]\n [  0 284   0 424]]"
    },
    "fold_1_1": {
      "load_data_time": 3.737373529,
      "training_time": 4.38939772,
      "prediction_time": 0.330491297,
      "accuracy_score": 0.4365175332527207,
      "f1_macro": 0.4208389103932279,
      "confusion_matrix": "[[236   0   0   0]\n [ 16   0   0 220]\n [  0   0 119   0]\n [230   0   0   6]]"
    },
    "fold_1_2": {
      "load_data_time": 8.846284406,
      "training_time": 9.363230398,
      "prediction_time": 0.165533486,
      "accuracy_score": 0.614406779661017,
      "f1_macro": 0.5932113564996865,
      "confusion_matrix": "[[204   2   0  30]\n [107   6   0 123]\n [  0   0 236   0]\n [ 46 238   0 424]]"
    },
    "fold_1_3": {
      "load_data_time": 3.790938877,
      "training_time": 4.391943426,
      "prediction_time": 0.330947363,
      "accuracy_score": 0.3342776203966006,
      "f1_macro": 0.25,
      "confusion_matrix": "[[  0   0   0 235]\n [  0   0   0 235]\n [  0   0 236   0]\n [  0   0   0   0]]"
    },
    "fold_2_0": {
      "load_data_time": 6.569985413,
      "training_time": 7.638078018,
      "prediction_time": 0.221636884,
      "accuracy_score": 0.6436132674664785,
      "f1_macro": 0.6588447653429603,
      "confusion_matrix": "[[236   0   0   0]\n [  0   0   0 237]\n [  0   0 236   0]\n [  0 268   0 440]]"
    },
    "fold_2_1": {
      "load_data_time": 3.713461053,
      "training_time": 4.420473415,
      "prediction_time": 0.305915318,
      "accuracy_score": 0.5047619047619047,
      "f1_macro": 0.41823671497584536,
      "confusion_matrix": "[[236   0   0   0]\n [ 16   0   0 220]\n [  0   0 237   0]\n [232   0   0   4]]"
    },
    "fold_2_2": {
      "load_data_time": 8.721978175,
      "training_time": 9.306746582,
      "prediction_time": 0.166230602,
      "accuracy_score": 0.6127790608160123,
      "f1_macro": 0.5928843765339336,
      "confusion_matrix": "[[221   1   0  14]\n [127   2   0 107]\n [  0   0 119   0]\n [ 92 162   0 454]]"
    },
    "fold_2_3": {
      "load_data_time": 3.687498994,
      "training_time": 4.379968492,
      "prediction_time": 0.331224941,
      "accuracy_score": 0.3342776203966006,
      "f1_macro": 0.25,
      "confusion_matrix": "[[  0   0   0 235]\n [  0   0   0 235]\n [  0   0 236   0]\n [  0   0   0   0]]"
    },
    "fold_3_0": {
      "load_data_time": 6.367501071,
      "training_time": 7.639652237,
      "prediction_time": 0.221525497,
      "accuracy_score": 0.629498941425547,
      "f1_macro": 0.6517453135100194,
      "confusion_matrix": "[[236   0   0   0]\n [  0   0   0 237]\n [  0   0 236   0]\n [  4 284   0 420]]"
    },
    "fold_3_1": {
      "load_data_time": 3.68436306,
      "training_time": 4.378928916,
      "prediction_time": 0.331344396,
      "accuracy_score": 0.5042372881355932,
      "f1_macro": 0.41672587761249325,
      "confusion_matrix": "[[236   0   0   0]\n [ 23   0   0 213]\n [  0   0 236   0]\n [232   0   0   4]]"
    },
    "fold_3_2": {
      "load_data_time": 8.656132386,
      "training_time": 9.365877743,
      "prediction_time": 0.139742526,
      "accuracy_score": 0.6386732533521524,
      "f1_macro": 0.6015258136716933,
      "confusion_matrix": "[[202   0   0  34]\n [ 95   6   0 135]\n [  0   0 237   0]\n [ 52 196   0 460]]"
    },
    "fold_3_3": {
      "load_data_time": 6.341549416,
      "training_time": 7.633186456,
      "prediction_time": 0.194921209,
      "accuracy_score": 0.20203735144312393,
      "f1_macro": 0.25,
      "confusion_matrix": "[[  0   0   0 235]\n [  0   0   0 235]\n [  0   0 119   0]\n [  0   0   0   0]]"
    },
    "fold_4_0": {
      "load_data_time": 3.760383385,
      "training_time": 4.420365484,
      "prediction_time": 0.332031134,
      "accuracy_score": 0.4316807738814994,
      "f1_macro": 0.4153970358129723,
      "confusion_matrix": "[[236   0   0   0]\n [ 17   0   0 219]\n [  0   0 119   0]\n [234   0   0   2]]"
    },
    "fold_4_1": {
      "load_data_time": 3.764755929,
      "training_time": 4.402155484,
      "prediction_time": 0.331162071,
      "accuracy_score": 0.6499647141848977,
      "f1_macro": 0.6605188045413597,
      "confusion_matrix": "[[236   0   0   0]\n [  0   0   0 237]\n [  0   0 236   0]\n [  1 258   0 449]]"
    },
    "fold_4_2": {
      "load_data_time": 8.840647006,
      "training_time": 9.340195397,
      "prediction_time": 0.166257161,
      "accuracy_score": 0.6603107344632768,
      "f1_macro": 0.6326551108854137,
      "confusion_matrix": "[[216   0   0  20]\n [121  23   0  92]\n [  0   0 236   0]\n [ 31 217   0 460]]"
    },
    "fold_4_3": {
      "load_data_time": 6.410793625,
      "training_time": 7.669040324,
      "prediction_time": 0.222328756,
      "accuracy_score": 0.3352192362093352,
      "f1_macro": 0.25,
      "confusion_matrix": "[[  0   0   0 235]\n [  0   0   0 235]\n [  0   0 237   0]\n [  0   0   0   0]]"
    },
    "fold_5_0": {
      "load_data_time": 3.780122904,
      "training_time": 4.453449117,
      "prediction_time": 0.304498408,
      "accuracy_score": 0.5068783068783069,
      "f1_macro": 0.4201975288497276,
      "confusion_matrix": "[[236   0   0   0]\n [ 19   0   0 217]\n [  0   0 237   0]\n [230   0   0   6]]"
    },
    "fold_5_1": {
      "load_data_time": 3.73862258,
      "training_time": 4.373813033,
      "prediction_time": 0.331359226,
      "accuracy_score": 0.6053846153846154,
      "f1_macro": 0.6542422000246639,
      "confusion_matrix": "[[236   0   0   0]\n [  0   0   0 237]\n [  0   0 119   0]\n [  5 271   0 432]]"
    },
    "fold_5_2": {
      "load_data_time": 8.888214724,
      "training_time": 9.338746567,
      "prediction_time": 0.165513322,
      "accuracy_score": 0.6271186440677966,
      "f1_macro": 0.5933449396808435,
      "confusion_matrix": "[[219   1   0  16]\n [121  14   0 101]\n [  0   0 236   0]\n [115 174   0 419]]"
    },
    "fold_5_3": {
      "load_data_time": 6.54794546,
      "training_time": 7.650740798,
      "prediction_time": 0.221723704,
      "accuracy_score": 0.3342776203966006,
      "f1_macro": 0.25,
      "confusion_matrix": "[[  0   0   0 235]\n [  0   0   0 235]\n [  0   0 236   0]\n [  0   0   0   0]]"
    },
    "fold_6_0": {
      "load_data_time": 3.77951505,