{
  "experiment_name": "rauber_loca_et_al_setup",
  "feature_extraction": "WaveletFeatures",
  "classifier": "RandomForestClassifier",
  "augmentation": false,
  "start_time": "2026-05-01_22-32-03",
  "scores": {
    "fold_0_0": {
      "load_data_time": 0.037531886,
      "training_time": 1.422607797,
      "prediction_time": 0.222133241,
      "accuracy_score": 0.6184615384615385,
      "f1_macro": 0.6610473457675753,
      "confusion_matrix": "[[236   0   0   0]\n [  0   0   0 237]\n [  0   0 119   0]\n [  0 259   0 449]]"
    },
    "fold_0_1": {
      "load_data_time": 0.031195028,
      "training_time": 1.139043959,
      "prediction_time": 0.33255832,
      "accuracy_score": 0.4989406779661017,
      "f1_macro": 0.4050131926121372,
      "confusion_matrix": "[[235   0   0   1]\n [ 51   0   0 185]\n [  0   0 236   0]\n [236   0   0   0]]"
    },
    "fold_0_2": {
      "load_data_time": 0.043687089,
      "training_time": 1.46923932,
      "prediction_time": 0.164349273,
      "accuracy_score": 0.71045197740113,
      "f1_macro": 0.7376359491607448,
      "confusion_matrix": "[[232   1   0   3]\n [ 10  82   0 144]\n [  0   0 236   0]\n [  2 250   0 456]]"
    },
    "fold_0_3": {
      "load_data_time": 0.033303479,
      "training_time": 1.174975812,
      "prediction_time": 0.331826381,
      "accuracy_score": 0.3352192362093352,
      "f1_macro": 0.25,
      "confusion_matrix": "[[  0   0   0 235]\n [  0   0   0 235]\n [  0   0 237   0]\n [  0   0   0   0]]"
    },
    "fold_1_0": {
      "load_data_time": 0.040380621,
      "training_time": 1.427929962,
      "prediction_time": 0.192861576,
      "accuracy_score": 0.6424541607898449,
      "f1_macro": 0.658351409978308,
      "confusion_matrix": "[[236   0   0   0]\n [  0   0   0 237]\n [  0   0 237   0]\n [  0 270   0 438]]"
    },
    "fold_1_1": {
      "load_data_time": 0.033433406,
      "training_time": 1.131050717,
      "prediction_time": 0.328834012,
      "accuracy_score": 0.4280532043530834,
      "f1_macro": 0.4033942558746736,
      "confusion_matrix": "[[235   0   0   1]\n [ 59   0   0 177]\n [  0   0 119   0]\n [236   0   0   0]]"
    },
    "fold_1_2": {
      "load_data_time": 0.04253528,
      "training_time": 1.453706655,
      "prediction_time": 0.163766805,
      "accuracy_score": 0.721045197740113,
      "f1_macro": 0.7630415499738851,
      "confusion_matrix": "[[232   0   0   4]\n [  6 124   0 106]\n [  0   0 236   0]\n [  2 277   0 429]]"
    },
    "fold_1_3": {
      "load_data_time": 0.03230548,
      "training_time": 1.165421077,
      "prediction_time": 0.327836434,
      "accuracy_score": 0.3342776203966006,
      "f1_macro": 0.25,
      "confusion_matrix": "[[  0   0   0 235]\n [  0   0   0 235]\n [  0   0 236   0]\n [  0   0   0   0]]"
    },
    "fold_2_0": {
      "load_data_time": 0.038985644,
      "training_time": 1.402533017,
      "prediction_time": 0.219932593,
      "accuracy_score": 0.6436132674664785,
      "f1_macro": 0.6588447653429603,
      "confusion_matrix": "[[236   0   0   0]\n [  0   0   0 237]\n [  0   0 236   0]\n [  0 268   0 440]]"
    },
    "fold_2_1": {
      "load_data_time": 0.034634029,
      "training_time": 1.168521076,
      "prediction_time": 0.302581839,
      "accuracy_score": 0.49947089947089945,
      "f1_macro": 0.4037958115183246,
      "confusion_matrix": "[[235   0   0   1]\n [ 57   0   0 179]\n [  0   0 237   0]\n [236   0   0   0]]"
    },
    "fold_2_2": {
      "load_data_time": 0.04333079,
      "training_time": 1.455186165,
      "prediction_time": 0.163858016,
      "accuracy_score": 0.6828329484218629,
      "f1_macro": 0.7379532048114469,
      "confusion_matrix": "[[231   0   0   5]\n [  6  84   0 146]\n [  0   0 119   0]\n [  5 250   0 453]]"
    },
    "fold_2_3": {
      "load_data_time": 0.033362032,
      "training_time": 1.170251102,
      "prediction_time": 0.328300934,
      "accuracy_score": 0.3356940509915014,
      "f1_macro": 0.2521186440677966,
      "confusion_matrix": "[[  0   0   0 235]\n [  0   1   0 234]\n [  0   0 236   0]\n [  0   0   0   0]]"
    },
    "fold_3_0": {
      "load_data_time": 0.038063905,
      "training_time": 1.384962485,
      "prediction_time": 0.219089662,
      "accuracy_score": 0.6429075511644319,
      "f1_macro": 0.6585982658959537,
      "confusion_matrix": "[[236   0   0   0]\n [  0   0   0 237]\n [  0   0 236   0]\n [  0 269   0 439]]"
    },
    "fold_3_1": {
      "load_data_time": 0.033225342,
      "training_time": 1.126493475,
      "prediction_time": 0.327395188,
      "accuracy_score": 0.5,
      "f1_macro": 0.405467720685112,
      "confusion_matrix": "[[236   0   0   0]\n [ 51   0   0 185]\n [  0   0 236   0]\n [236   0   0   0]]"
    },
    "fold_3_2": {
      "load_data_time": 0.044877361,
      "training_time": 1.493257864,
      "prediction_time": 0.138110554,
      "accuracy_score": 0.7417078334509527,
      "f1_macro": 0.7739336386395831,
      "confusion_matrix": "[[232   0   0   4]\n [  5 119   0 112]\n [  0   0 237   0]\n [  1 244   0 463]]"
    },
    "fold_3_3": {
      "load_data_time": 0.040051298,
      "training_time": 1.414469751,
      "prediction_time": 0.19278191,
      "accuracy_score": 0.20203735144312393,
      "f1_macro": 0.25,
      "confusion_matrix": "[[  0   0   0 235]\n [  0   0   0 235]\n [  0   0 119   0]\n [  0   0   0   0]]"
    },
    "fold_4_0": {
      "load_data_time": 0.033508616,
      "training_time": 1.165906243,
      "prediction_time": 0.32725375,
      "accuracy_score": 0.4280532043530834,
      "f1_macro": 0.4035947712418301,
      "confusion_matrix": "[[235   0   0   1]\n [ 58   0   0 178]\n [  0   0 119   0]\n [236   0   0   0]]"
    },
    "fold_4_1": {
      "load_data_time": 0.032480968,
      "training_time": 1.124795649,
      "prediction_time": 0.328124207,
      "accuracy_score": 0.6492589978828511,
      "f1_macro": 0.6608040201005025,
      "confusion_matrix": "[[236   0   0   0]\n [  0   0   0 237]\n [  0   0 236   0]\n [  0 260   0 448]]"
    },
    "fold_4_2": {
      "load_data_time": 0.043714777,
      "training_time": 1.455324704,
      "prediction_time": 0.1643796,
      "accuracy_score": 0.7245762711864406,
      "f1_macro": 0.7619765353306798,
      "confusion_matrix": "[[230   2   0   4]\n [  5 117   0 114]\n [  0   0 236   0]\n [  3 262   0 443]]"
    },
    "fold_4_3": {
      "load_data_time": 0.038893987,
      "training_time": 1.391038723,
      "prediction_time": 0.219492286,
      "accuracy_score": 0.33663366336633666,
      "f1_macro": 0.2521186440677966,
      "confusion_matrix": "[[  0   0   0 235]\n [  0   1   0 234]\n [  0   0 237   0]\n [  0   0   0   0]]"
    },
    "fold_5_0": {
      "load_data_time": 0.034858627,
      "training_time": 1.197252497,
      "prediction_time": 0.302676384,
      "accuracy_score": 0.5005291005291005,
      "f1_macro": 0.4030479896238651,
      "confusion_matrix": "[[236   0   0   0]\n [ 63   0   0 173]\n [  0   0 237   0]\n [236   0   0   0]]"
    },
    "fold_5_1": {
      "load_data_time": 0.034062101,
      "training_time": 1.130103085,
      "prediction_time": 0.328255641,
      "accuracy_score": 0.61,
      "f1_macro": 0.658351409978308,
      "confusion_matrix": "[[236   0   0   0]\n [  0   0   0 237]\n [  0   0 119   0]\n [  0 270   0 438]]"
    },
    "fold_5_2": {
      "load_data_time": 0.042847844,
      "training_time": 1.44273037,
      "prediction_time": 0.16388224,
      "accuracy_score": 0.7365819209039548,
      "f1_macro": 0.7714656029887982,
      "confusion_matrix": "[[232   2   0   2]\n [  5 123   0 108]\n [  0   0 236   0]\n [  4 252   0 452]]"
    },
    "fold_5_3": {
      "load_data_time": 0.037526421,
      "training_time": 1.38916769,
      "prediction_time": 0.219577658,
      "accuracy_score": 0.3342776203966006,
      "f1_macro": 0.25,
      "confusion_matrix": "[[  0   0   0 235]\n [  0   0   0 235]\n [  0   0 236   0]\n [  0   0   0   0]]"
    },
    "fold_6_0": {
      "load_data_time": 0.033855625,