{
  "experiment_name": "rauber_loca_et_al_setup",
  "feature_extraction": "WaveletFeatures",
  "classifier": "RandomForestClassifier",
  "augmentation": false,
  "start_time": "2026-05-01_00-19-29",
  "scores": {
    "fold_0_0": {
      "load_data_time": 0.037461389,
      "training_time": 1.426915875,
      "prediction_time": 0.220979624,
      "accuracy_score": 0.61,
      "f1_macro": 0.658351409978308,
      "confusion_matrix": "[[236   0   0   0]\n [  0   0   0 237]\n [  0   0 119   0]\n [  0 270   0 438]]"
    },
    "fold_0_1": {
      "load_data_time": 0.031031785,
      "training_time": 1.133751149,
      "prediction_time": 0.332085024,
      "accuracy_score": 0.5,
      "f1_macro": 0.4042483660130719,
      "confusion_matrix": "[[236   0   0   0]\n [ 57   0   0 179]\n [  0   0 236   0]\n [236   0   0   0]]"
    },
    "fold_0_2": {
      "load_data_time": 0.043945016,
      "training_time": 1.476088176,
      "prediction_time": 0.162723984,
      "accuracy_score": 0.7387005649717514,
      "f1_macro": 0.7736321996385431,
      "confusion_matrix": "[[230   1   0   5]\n [  6 125   0 105]\n [  0   0 236   0]\n [  1 252   0 455]]"
    },
    "fold_0_3": {
      "load_data_time": 0.033347535,
      "training_time": 1.168644293,
      "prediction_time": 0.330747515,
      "accuracy_score": 0.3352192362093352,
      "f1_macro": 0.25,
      "confusion_matrix": "[[  0   0   0 235]\n [  0   0   0 235]\n [  0   0 237   0]\n [  0   0   0   0]]"
    },
    "fold_1_0": {
      "load_data_time": 0.040060558,
      "training_time": 1.422427755,
      "prediction_time": 0.191945328,
      "accuracy_score": 0.6424541607898449,
      "f1_macro": 0.658351409978308,
      "confusion_matrix": "[[236   0   0   0]\n [  0   0   0 237]\n [  0   0 237   0]\n [  0 270   0 438]]"
    },
    "fold_1_1": {
      "load_data_time": 0.033367882,
      "training_time": 1.130929799,
      "prediction_time": 0.325739928,
      "accuracy_score": 0.4280532043530834,
      "f1_macro": 0.40319426336375486,
      "confusion_matrix": "[[235   0   0   1]\n [ 60   0   0 176]\n [  0   0 119   0]\n [236   0   0   0]]"
    },
    "fold_1_2": {
      "load_data_time": 0.042818564,
      "training_time": 1.476943357,
      "prediction_time": 0.164010595,
      "accuracy_score": 0.7337570621468926,
      "f1_macro": 0.766001548575987,
      "confusion_matrix": "[[231   0   0   5]\n [  6 113   0 117]\n [  0   0 236   0]\n [  2 247   0 459]]"
    },
    "fold_1_3": {
      "load_data_time": 0.032238386,
      "training_time": 1.166850626,
      "prediction_time": 0.325893169,
      "accuracy_score": 0.3342776203966006,
      "f1_macro": 0.25,
      "confusion_matrix": "[[  0   0   0 235]\n [  0   0   0 235]\n [  0   0 236   0]\n [  0   0   0   0]]"
    },
    "fold_2_0": {
      "load_data_time": 0.038968374,
      "training_time": 1.387695431,
      "prediction_time": 0.218728494,
      "accuracy_score": 0.6492589978828511,
      "f1_macro": 0.6608040201005025,
      "confusion_matrix": "[[236   0   0   0]\n [  0   0   0 237]\n [  0   0 236   0]\n [  0 260   0 448]]"
    },
    "fold_2_1": {
      "load_data_time": 0.034738623,
      "training_time": 1.159122001,
      "prediction_time": 0.300187172,
      "accuracy_score": 0.5005291005291005,
      "f1_macro": 0.40567282321899734,
      "confusion_matrix": "[[236   0   0   0]\n [ 50   0   0 186]\n [  0   0 237   0]\n [236   0   0   0]]"
    },
    "fold_2_2": {
      "load_data_time": 0.043739319,
      "training_time": 1.454104298,
      "prediction_time": 0.163325555,
      "accuracy_score": 0.7328714395688991,
      "f1_macro": 0.7913553874012127,
      "confusion_matrix": "[[230   1   0   5]\n [  5 147   0  84]\n [  0   0 119   0]\n [  1 251   0 456]]"
    },
    "fold_2_3": {
      "load_data_time": 0.033208417,
      "training_time": 1.152993296,
      "prediction_time": 0.325193386,
      "accuracy_score": 0.3342776203966006,
      "f1_macro": 0.25,
      "confusion_matrix": "[[  0   0   0 235]\n [  0   0   0 235]\n [  0   0 236   0]\n [  0   0   0   0]]"
    },
    "fold_3_0": {
      "load_data_time": 0.037574549,
      "training_time": 1.389851666,
      "prediction_time": 0.218146598,
      "accuracy_score": 0.6464361326746648,
      "f1_macro": 0.6598272138228942,
      "confusion_matrix": "[[236   0   0   0]\n [  0   0   0 237]\n [  0   0 236   0]\n [  0 264   0 444]]"
    },
    "fold_3_1": {
      "load_data_time": 0.03357949,
      "training_time": 1.131698357,
      "prediction_time": 0.327557432,
      "accuracy_score": 0.5,
      "f1_macro": 0.40670650730411684,
      "confusion_matrix": "[[236   0   0   0]\n [ 45   0   0 191]\n [  0   0 236   0]\n [236   0   0   0]]"
    },
    "fold_3_2": {
      "load_data_time": 0.044989306,
      "training_time": 1.493367813,
      "prediction_time": 0.136998933,
      "accuracy_score": 0.6958362738179252,
      "f1_macro": 0.7283133202017154,
      "confusion_matrix": "[[223   0   0  13]\n [  6  80   0 150]\n [  0   0 237   0]\n [  0 262   0 446]]"
    },
    "fold_3_3": {
      "load_data_time": 0.039912716,
      "training_time": 1.414833443,
      "prediction_time": 0.191615191,
      "accuracy_score": 0.22750424448217318,
      "f1_macro": 0.28,
      "confusion_matrix": "[[  0   0   0 235]\n [  0  15   0 220]\n [  0   0 119   0]\n [  0   0   0   0]]"
    },
    "fold_4_0": {
      "load_data_time": 0.03343107,
      "training_time": 1.160845391,
      "prediction_time": 0.326951074,
      "accuracy_score": 0.4280532043530834,
      "f1_macro": 0.4035947712418301,
      "confusion_matrix": "[[235   0   0   1]\n [ 58   0   0 178]\n [  0   0 119   0]\n [236   0   0   0]]"
    },
    "fold_4_1": {
      "load_data_time": 0.032246466,
      "training_time": 1.130080709,
      "prediction_time": 0.324664175,
      "accuracy_score": 0.647847565278758,
      "f1_macro": 0.6603163191948238,
      "confusion_matrix": "[[236   0   0   0]\n [  0   0   0 237]\n [  0   0 236   0]\n [  0 262   0 446]]"
    },
    "fold_4_2": {
      "load_data_time": 0.043807438,
      "training_time": 1.444168955,
      "prediction_time": 0.163433351,
      "accuracy_score": 0.6807909604519774,
      "f1_macro": 0.7013908150703216,
      "confusion_matrix": "[[228   0   0   8]\n [  6  46   0 184]\n [  0   0 236   0]\n [  4 250   0 454]]"
    },
    "fold_4_3": {
      "load_data_time": 0.038715095,
      "training_time": 1.390511679,
      "prediction_time": 0.217543024,
      "accuracy_score": 0.3352192362093352,
      "f1_macro": 0.25,
      "confusion_matrix": "[[  0   0   0 235]\n [  0   0   0 235]\n [  0   0 237   0]\n [  0   0   0   0]]"
    },
    "fold_5_0": {
      "load_data_time": 0.034598891,
      "training_time": 1.188430031,
      "prediction_time": 0.299180332,
      "accuracy_score": 0.49947089947089945,
      "f1_macro": 0.40319426336375486,
      "confusion_matrix": "[[235   0   0   1]\n [ 60   0   0 176]\n [  0   0 237   0]\n [236   0   0   0]]"
    },
    "fold_5_1": {
      "load_data_time": 0.033338492,
      "training_time": 1.116117929,
      "prediction_time": 0.327263977,
      "accuracy_score": 0.6138461538461538,
      "f1_macro": 0.6595821325648414,
      "confusion_matrix": "[[236   0   0   0]\n [  0   0   0 237]\n [  0   0 119   0]\n [  0 265   0 443]]"
    },
    "fold_5_2": {
      "load_data_time": 0.042339814,
      "training_time": 1.457821349,
      "prediction_time": 0.164121573,
      "accuracy_score": 0.7252824858757062,
      "f1_macro": 0.7565400105124299,
      "confusion_matrix": "[[232   1   0   3]\n [  6 104   0 126]\n [  0   0 236   0]\n [  5 248   0 455]]"
    },
    "fold_5_3": {
      "load_data_time": 0.037317775,
      "training_time": 1.380732354,
      "prediction_time": 0.217992444,
      "accuracy_score": 0.3342776203966006,
      "f1_macro": 0.25,
      "confusion_matrix": "[[  0   0   0 235]\n [  0   0   0 235]\n [  0   0 236   0]\n [  0   0   0   0]]"
    },
    "fold_6_0": {
      "load_data_time": 0.033312061,
      "training_time": 1.1423327,