{
  "experiment_name": "rauber_loca_et_al_setup",
  "feature_extraction": "WaveletFeatures",
  "classifier": "RandomForestClassifier",
  "augmentation": false,
  "start_time": "2026-04-30_22-50-42",
  "scores": {
    "fold_0_0": {
      "load_data_time": 0.037567722,
      "training_time": 1.427150738,
      "prediction_time": 0.225450873,
      "accuracy_score": 0.6138461538461538,
      "f1_macro": 0.6595821325648414,
      "confusion_matrix": "[[236   0   0   0]\n [  0   0   0 237]\n [  0   0 119   0]\n [  0 265   0 443]]"
    },
    "fold_0_1": {
      "load_data_time": 0.031311803,
      "training_time": 1.144269452,
      "prediction_time": 0.334422225,
      "accuracy_score": 0.4989406779661017,
      "f1_macro": 0.403997378768021,
      "confusion_matrix": "[[235   0   0   1]\n [ 56   0   0 180]\n [  0   0 236   0]\n [236   0   0   0]]"
    },
    "fold_0_2": {
      "load_data_time": 0.044277717,
      "training_time": 1.47065644,
      "prediction_time": 0.165155507,
      "accuracy_score": 0.7372881355932204,
      "f1_macro": 0.7715484589910349,
      "confusion_matrix": "[[231   1   0   4]\n [  5 120   0 111]\n [  0   0 236   0]\n [  1 250   0 457]]"
    },
    "fold_0_3": {
      "load_data_time": 0.0335392,
      "training_time": 1.177314001,
      "prediction_time": 0.333336269,
      "accuracy_score": 0.3352192362093352,
      "f1_macro": 0.25,
      "confusion_matrix": "[[  0   0   0 235]\n [  0   0   0 235]\n [  0   0 237   0]\n [  0   0   0   0]]"
    },
    "fold_1_0": {
      "load_data_time": 0.040575594,
      "training_time": 1.435498776,
      "prediction_time": 0.194321354,
      "accuracy_score": 0.6600846262341326,
      "f1_macro": 0.6644176136363636,
      "confusion_matrix": "[[236   0   0   0]\n [  0   0   0 237]\n [  0   0 237   0]\n [  0 245   0 463]]"
    },
    "fold_1_1": {
      "load_data_time": 0.033468351,
      "training_time": 1.135900336,
      "prediction_time": 0.330927976,
      "accuracy_score": 0.4280532043530834,
      "f1_macro": 0.40460526315789475,
      "confusion_matrix": "[[235   0   0   1]\n [ 53   0   0 183]\n [  0   0 119   0]\n [236   0   0   0]]"
    },
    "fold_1_2": {
      "load_data_time": 0.043178888,
      "training_time": 1.462053618,
      "prediction_time": 0.164908243,
      "accuracy_score": 0.7457627118644068,
      "f1_macro": 0.7827756901111647,
      "confusion_matrix": "[[231   0   0   5]\n [  5 136   0  95]\n [  0   0 236   0]\n [  0 255   0 453]]"
    },
    "fold_1_3": {
      "load_data_time": 0.032497834,
      "training_time": 1.176427473,
      "prediction_time": 0.329438515,
      "accuracy_score": 0.3342776203966006,
      "f1_macro": 0.25,
      "confusion_matrix": "[[  0   0   0 235]\n [  0   0   0 235]\n [  0   0 236   0]\n [  0   0   0   0]]"
    },
    "fold_2_0": {
      "load_data_time": 0.03925105,
      "training_time": 1.402437811,
      "prediction_time": 0.220490651,
      "accuracy_score": 0.6436132674664785,
      "f1_macro": 0.6588447653429603,
      "confusion_matrix": "[[236   0   0   0]\n [  0   0   0 237]\n [  0   0 236   0]\n [  0 268   0 440]]"
    },
    "fold_2_1": {
      "load_data_time": 0.03451865,
      "training_time": 1.164793079,
      "prediction_time": 0.302733228,
      "accuracy_score": 0.49947089947089945,
      "f1_macro": 0.4033942558746736,
      "confusion_matrix": "[[235   0   0   1]\n [ 59   0   0 177]\n [  0   0 237   0]\n [236   0   0   0]]"
    },
    "fold_2_2": {
      "load_data_time": 0.043515256,
      "training_time": 1.458935466,
      "prediction_time": 0.165366731,
      "accuracy_score": 0.6997690531177829,
      "f1_macro": 0.7552726254678193,
      "confusion_matrix": "[[230   1   0   5]\n [  5 100   0 131]\n [  0   0 119   0]\n [  2 246   0 460]]"
    },
    "fold_2_3": {
      "load_data_time": 0.033200298,
      "training_time": 1.163460331,
      "prediction_time": 0.330020796,
      "accuracy_score": 0.3371104815864023,
      "f1_macro": 0.2542194092827004,
      "confusion_matrix": "[[  0   0   0 235]\n [  0   2   0 233]\n [  0   0 236   0]\n [  0   0   0   0]]"
    },
    "fold_3_0": {
      "load_data_time": 0.037677209,
      "training_time": 1.388007047,
      "prediction_time": 0.220396436,
      "accuracy_score": 0.647847565278758,
      "f1_macro": 0.6603163191948238,
      "confusion_matrix": "[[236   0   0   0]\n [  0   0   0 237]\n [  0   0 236   0]\n [  0 262   0 446]]"
    },
    "fold_3_1": {
      "load_data_time": 0.033458349,
      "training_time": 1.130749722,
      "prediction_time": 0.330567802,
      "accuracy_score": 0.4989406779661017,
      "f1_macro": 0.4050131926121372,
      "confusion_matrix": "[[235   0   0   1]\n [ 51   0   0 185]\n [  0   0 236   0]\n [236   0   0   0]]"
    },
    "fold_3_2": {
      "load_data_time": 0.045230476,
      "training_time": 1.504090226,
      "prediction_time": 0.139331539,
      "accuracy_score": 0.7035991531404375,
      "f1_macro": 0.7300703453218981,
      "confusion_matrix": "[[232   0   0   4]\n [  6  74   0 156]\n [  0   0 237   0]\n [  5 249   0 454]]"
    },
    "fold_3_3": {
      "load_data_time": 0.040661881,
      "training_time": 1.419162321,
      "prediction_time": 0.195003545,
      "accuracy_score": 0.20203735144312393,
      "f1_macro": 0.25,
      "confusion_matrix": "[[  0   0   0 235]\n [  0   0   0 235]\n [  0   0 119   0]\n [  0   0   0   0]]"
    },
    "fold_4_0": {
      "load_data_time": 0.033588697,
      "training_time": 1.162527993,
      "prediction_time": 0.331388469,
      "accuracy_score": 0.42926239419588874,
      "f1_macro": 0.4042483660130719,
      "confusion_matrix": "[[236   0   0   0]\n [ 57   0   0 179]\n [  0   0 119   0]\n [236   0   0   0]]"
    },
    "fold_4_1": {
      "load_data_time": 0.032625944,
      "training_time": 1.129662895,
      "prediction_time": 0.329818663,
      "accuracy_score": 0.6450247000705717,
      "f1_macro": 0.6593366979091564,
      "confusion_matrix": "[[236   0   0   0]\n [  0   0   0 237]\n [  0   0 236   0]\n [  0 266   0 442]]"
    },
    "fold_4_2": {
      "load_data_time": 0.044130128,
      "training_time": 1.460839138,
      "prediction_time": 0.164946424,
      "accuracy_score": 0.7627118644067796,
      "f1_macro": 0.8019307819839734,
      "confusion_matrix": "[[230   0   0   6]\n [  4 164   0  68]\n [  0   0 236   0]\n [  0 258   0 450]]"
    },
    "fold_4_3": {
      "load_data_time": 0.039038718,
      "training_time": 1.385559376,
      "prediction_time": 0.220273449,
      "accuracy_score": 0.3352192362093352,
      "f1_macro": 0.25,
      "confusion_matrix": "[[  0   0   0 235]\n [  0   0   0 235]\n [  0   0 237   0]\n [  0   0   0   0]]"
    },
    "fold_5_0": {
      "load_data_time": 0.034926424,
      "training_time": 1.196867847,
      "prediction_time": 0.304046074,
      "accuracy_score": 0.49947089947089945,
      "f1_macro": 0.403997378768021,
      "confusion_matrix": "[[235   0   0   1]\n [ 56   0   0 180]\n [  0   0 237   0]\n [236   0   0   0]]"
    },
    "fold_5_1": {
      "load_data_time": 0.033627341,
      "training_time": 1.12614823,
      "prediction_time": 0.329659038,
      "accuracy_score": 0.61,
      "f1_macro": 0.658351409978308,
      "confusion_matrix": "[[236   0   0   0]\n [  0   0   0 237]\n [  0   0 119   0]\n [  0 270   0 438]]"
    },
    "fold_5_2": {
      "load_data_time": 0.04294882,
      "training_time": 1.458448405,
      "prediction_time": 0.16498501,
      "accuracy_score": 0.7266949152542372,
      "f1_macro": 0.7602415268158843,
      "confusion_matrix": "[[232   0   0   4]\n [  7 110   0 119]\n [  0   0 236   0]\n [  3 254   0 451]]"
    },
    "fold_5_3": {
      "load_data_time": 0.037786082,
      "training_time": 1.385712239,
      "prediction_time": 0.221639395,
      "accuracy_score": 0.3371104815864023,
      "f1_macro": 0.2542194092827004,
      "confusion_matrix": "[[  0   0   0 235]\n [  0   2   0 233]\n [  0   0 236   0]\n [  0   0   0   0]]"
    },