{
  "experiment_name": "rauber_de_fe_setup",
  "feature_extraction": "WaveletFeatures",
  "classifier": "RandomForestClassifier",
  "augmentation": false,
  "start_time": "2026-05-01_13-57-07",
  "scores": {
    "fold_0_0": {
      "load_data_time": 0.067056359,
      "training_time": 2.777050272,
      "prediction_time": 0.466478783,
      "accuracy_score": 0.6043110084680523,
      "f1_macro": 0.605112200247664,
      "confusion_matrix": "[[460  10   0   1]\n [  0   0   0 473]\n [  0   0 238   0]\n [235 309   0 872]]"
    },
    "fold_0_1": {
      "load_data_time": 0.059233872,
      "training_time": 2.460930184,
      "prediction_time": 0.562989779,
      "accuracy_score": 0.6224961479198767,
      "f1_macro": 0.5537791929204016,
      "confusion_matrix": "[[426  33   0  13]\n [101   0   0 371]\n [  0   0 472   0]\n [211   6   0 314]]"
    },
    "fold_0_2": {
      "load_data_time": 0.082293118,
      "training_time": 3.210245647,
      "prediction_time": 0.221237739,
      "accuracy_score": 0.629881154499151,
      "f1_macro": 0.6120168529711257,
      "confusion_matrix": "[[343  14   0 114]\n [  7   1   0 464]\n [  0   0 472   0]\n [  1 272   0 668]]"
    },
    "fold_0_3": {
      "load_data_time": 0.056092558,
      "training_time": 2.240714539,
      "prediction_time": 0.675392523,
      "accuracy_score": 0.5529661016949152,
      "f1_macro": 0.33480565371024734,
      "confusion_matrix": "[[  0   0   0 235]\n [  0  48   0 187]\n [  0   0 474   0]\n [  0   0   0   0]]"
    },
    "fold_1_0": {
      "load_data_time": 0.070642951,
      "training_time": 2.786576175,
      "prediction_time": 0.404909004,
      "accuracy_score": 0.6302046577275935,
      "f1_macro": 0.606814433767407,
      "confusion_matrix": "[[463   7   0   1]\n [  0   0   0 473]\n [  0   0 474   0]\n [213 354   0 849]]"
    },
    "fold_1_1": {
      "load_data_time": 0.063291439,
      "training_time": 2.446343029,
      "prediction_time": 0.557926005,
      "accuracy_score": 0.542907180385289,
      "f1_macro": 0.5328840653946302,
      "confusion_matrix": "[[400  25   0  47]\n [109   0   0 363]\n [  0   0 238   0]\n [235   4   0 292]]"
    },
    "fold_1_2": {
      "load_data_time": 0.080024101,
      "training_time": 3.19290468,
      "prediction_time": 0.220458531,
      "accuracy_score": 0.652376910016978,
      "f1_macro": 0.6196118638021854,
      "confusion_matrix": "[[338  19   0 114]\n [  3   0   0 469]\n [  0   0 472   0]\n [  0 214   0 727]]"
    },
    "fold_1_3": {
      "load_data_time": 0.055351381,
      "training_time": 2.230688106,
      "prediction_time": 0.666928606,
      "accuracy_score": 0.5021231422505308,
      "f1_macro": 0.2521186440677966,
      "confusion_matrix": "[[  0   0   0 235]\n [  0   1   0 234]\n [  0   0 472   0]\n [  0   0   0   0]]"
    },
    "fold_2_0": {
      "load_data_time": 0.068072382,
      "training_time": 2.68687733,
      "prediction_time": 0.456604874,
      "accuracy_score": 0.6334745762711864,
      "f1_macro": 0.603149229123964,
      "confusion_matrix": "[[463   8   0   0]\n [  0   0   0 473]\n [  0   0 472   0]\n [242 315   0 859]]"
    },
    "fold_2_1": {
      "load_data_time": 0.065896375,
      "training_time": 2.511515812,
      "prediction_time": 0.495920642,
      "accuracy_score": 0.6085171883016932,
      "f1_macro": 0.5415450224388361,
      "confusion_matrix": "[[415  32   0  25]\n [101   0   0 371]\n [  0   0 474   0]\n [231   3   0 297]]"
    },
    "fold_2_2": {
      "load_data_time": 0.082009311,
      "training_time": 3.239900723,
      "prediction_time": 0.220717413,
      "accuracy_score": 0.6163996229971724,
      "f1_macro": 0.6225490196078431,
      "confusion_matrix": "[[350   6   0 115]\n [  4   0   0 468]\n [  0   0 238   0]\n [  0 221   0 720]]"
    },
    "fold_2_3": {
      "load_data_time": 0.057924803,
      "training_time": 2.217210864,
      "prediction_time": 0.66466127,
      "accuracy_score": 0.5817409766454352,
      "f1_macro": 0.3721864951768489,
      "confusion_matrix": "[[  0   0   0 235]\n [  0  76   0 159]\n [  0   0 472   0]\n [  0   0   0   0]]"
    },
    "fold_3_0": {
      "load_data_time": 0.067239731,
      "training_time": 2.693875554,
      "prediction_time": 0.456738176,
      "accuracy_score": 0.6560734463276836,
      "f1_macro": 0.6193300813870258,
      "confusion_matrix": "[[462   8   0   1]\n [  0   0   0 473]\n [  0   0 472   0]\n [193 299   0 924]]"
    },
    "fold_3_1": {
      "load_data_time": 0.062972671,
      "training_time": 2.448177936,
      "prediction_time": 0.554364106,
      "accuracy_score": 0.632768361581921,
      "f1_macro": 0.5632720338926152,
      "confusion_matrix": "[[427  30   0  15]\n [ 78   0   0 394]\n [  0   0 472   0]\n [193   5   0 333]]"
    },
    "fold_3_2": {
      "load_data_time": 0.084258934,
      "training_time": 3.271569096,
      "prediction_time": 0.166780928,
      "accuracy_score": 0.6272264631043257,
      "f1_macro": 0.6088685115176162,
      "confusion_matrix": "[[337   7   0 127]\n [  5   0   0 467]\n [  0   0 474   0]\n [  0 273   0 668]]"
    },
    "fold_3_3": {
      "load_data_time": 0.070013318,
      "training_time": 2.75038897,
      "prediction_time": 0.402034849,
      "accuracy_score": 0.4477401129943503,
      "f1_macro": 0.37579617834394907,
      "confusion_matrix": "[[  0   0   0 235]\n [  0  79   0 156]\n [  0   0 238   0]\n [  0   0   0   0]]"
    },
    "fold_4_0": {
      "load_data_time": 0.058098164,
      "training_time": 2.233142606,
      "prediction_time": 0.660842368,
      "accuracy_score": 0.5528312901342674,
      "f1_macro": 0.5403178604446986,
      "confusion_matrix": "[[414  21   0  37]\n [ 80   0   0 392]\n [  0   0 238   0]\n [232   4   0 295]]"
    },
    "fold_4_1": {
      "load_data_time": 0.061239742,
      "training_time": 2.45832007,
      "prediction_time": 0.552497132,
      "accuracy_score": 0.6278248587570622,
      "f1_macro": 0.6051958481698351,
      "confusion_matrix": "[[464   7   0   0]\n [  0   0   0 473]\n [  0   0 472   0]\n [219 355   0 842]]"
    },
    "fold_4_2": {
      "load_data_time": 0.081922708,
      "training_time": 3.217737593,
      "prediction_time": 0.222234639,
      "accuracy_score": 0.6281833616298812,
      "f1_macro": 0.6124285856381317,
      "confusion_matrix": "[[346   6   0 119]\n [  4   1   0 467]\n [  0   0 472   0]\n [  0 280   0 661]]"
    },
    "fold_4_3": {
      "load_data_time": 0.068155864,
      "training_time": 2.68913585,
      "prediction_time": 0.457667198,
      "accuracy_score": 0.5286016949152542,
      "f1_macro": 0.2980769230769231,
      "confusion_matrix": "[[  0   0   0 235]\n [  0  25   0 210]\n [  0   0 474   0]\n [  0   0   0   0]]"
    },
    "fold_5_0": {
      "load_data_time": 0.059996937,
      "training_time": 2.291279568,
      "prediction_time": 0.606085656,
      "accuracy_score": 0.6157003591585428,
      "f1_macro": 0.5477272257319163,
      "confusion_matrix": "[[407  21   0  44]\n [103   0   0 369]\n [  0   0 474   0]\n [205   7   0 319]]"
    },
    "fold_5_1": {
      "load_data_time": 0.063283896,
      "training_time": 2.438474721,
      "prediction_time": 0.552173811,
      "accuracy_score": 0.5839107005388761,
      "f1_macro": 0.5928811292296309,
      "confusion_matrix": "[[465   6   0   0]\n [  0   0   0 473]\n [  0   0 238   0]\n [273 329   0 814]]"
    },
    "fold_5_2": {
      "load_data_time": 0.079553291,
      "training_time": 3.221772289,
      "prediction_time": 0.221343446,
      "accuracy_score": 0.6358234295415959,
      "f1_macro": 0.6139276946951234,
      "confusion_matrix": "[[339   8   0 124]\n [  2   1   0 469]\n [  0   0 472   0]\n [  0 255   0 686]]"
    },
    "fold_5_3": {
      "load_data_time": 0.065450752,
      "training_time": 2.681642666,
      "prediction_time": 0.456638059,
      "accuracy_score": 0.5201698513800425,
      "f1_macro": 0.2855731225296443,