{
  "experiment_name": "rauber_loca_et_al_setup",
  "feature_extraction": "WaveletFeatures",
  "classifier": "RandomForestClassifier",
  "augmentation": false,
  "start_time": "2026-05-01_07-43-26",
  "scores": {
    "fold_0_0": {
      "load_data_time": 0.037507683,
      "training_time": 1.445332248,
      "prediction_time": 0.225508588,
      "accuracy_score": 0.6138461538461538,
      "f1_macro": 0.6595821325648414,
      "confusion_matrix": "[[236   0   0   0]\n [  0   0   0 237]\n [  0   0 119   0]\n [  0 265   0 443]]"
    },
    "fold_0_1": {
      "load_data_time": 0.031471562,
      "training_time": 1.15136592,
      "prediction_time": 0.337412742,
      "accuracy_score": 0.5,
      "f1_macro": 0.4048556430446194,
      "confusion_matrix": "[[236   0   0   0]\n [ 54   0   0 182]\n [  0   0 236   0]\n [236   0   0   0]]"
    },
    "fold_0_2": {
      "load_data_time": 0.044152856,
      "training_time": 1.498486877,
      "prediction_time": 0.166579425,
      "accuracy_score": 0.7274011299435028,
      "f1_macro": 0.7593872062570806,
      "confusion_matrix": "[[227   1   0   8]\n [  5 106   0 125]\n [  0   0 236   0]\n [  0 247   0 461]]"
    },
    "fold_0_3": {
      "load_data_time": 0.033158535,
      "training_time": 1.186742973,
      "prediction_time": 0.336845722,
      "accuracy_score": 0.3352192362093352,
      "f1_macro": 0.25,
      "confusion_matrix": "[[  0   0   0 235]\n [  0   0   0 235]\n [  0   0 237   0]\n [  0   0   0   0]]"
    },
    "fold_1_0": {
      "load_data_time": 0.040207852,
      "training_time": 1.443918069,
      "prediction_time": 0.195962024,
      "accuracy_score": 0.6431593794076164,
      "f1_macro": 0.6585982658959537,
      "confusion_matrix": "[[236   0   0   0]\n [  0   0   0 237]\n [  0   0 237   0]\n [  0 269   0 439]]"
    },
    "fold_1_1": {
      "load_data_time": 0.033332785,
      "training_time": 1.140464194,
      "prediction_time": 0.333540879,
      "accuracy_score": 0.4280532043530834,
      "f1_macro": 0.4035947712418301,
      "confusion_matrix": "[[235   0   0   1]\n [ 58   0   0 178]\n [  0   0 119   0]\n [236   0   0   0]]"
    },
    "fold_1_2": {
      "load_data_time": 0.042536719,
      "training_time": 1.475340786,
      "prediction_time": 0.166786766,
      "accuracy_score": 0.731638418079096,
      "f1_macro": 0.7646720335756572,
      "confusion_matrix": "[[232   0   0   4]\n [  7 113   0 116]\n [  0   0 236   0]\n [  2 251   0 455]]"
    },
    "fold_1_3": {
      "load_data_time": 0.032043816,
      "training_time": 1.179094778,
      "prediction_time": 0.333031897,
      "accuracy_score": 0.3342776203966006,
      "f1_macro": 0.25,
      "confusion_matrix": "[[  0   0   0 235]\n [  0   0   0 235]\n [  0   0 236   0]\n [  0   0   0   0]]"
    },
    "fold_2_0": {
      "load_data_time": 0.038788323,
      "training_time": 1.407198138,
      "prediction_time": 0.222087554,
      "accuracy_score": 0.6457304163726182,
      "f1_macro": 0.6595821325648414,
      "confusion_matrix": "[[236   0   0   0]\n [  0   0   0 237]\n [  0   0 236   0]\n [  0 265   0 443]]"
    },
    "fold_2_1": {
      "load_data_time": 0.034795599,
      "training_time": 1.176439426,
      "prediction_time": 0.304923458,
      "accuracy_score": 0.49947089947089945,
      "f1_macro": 0.40319426336375486,
      "confusion_matrix": "[[235   0   0   1]\n [ 60   0   0 176]\n [  0   0 237   0]\n [236   0   0   0]]"
    },
    "fold_2_2": {
      "load_data_time": 0.043327244,
      "training_time": 1.478940928,
      "prediction_time": 0.167741507,
      "accuracy_score": 0.7143956889915319,
      "f1_macro": 0.7723162838820725,
      "confusion_matrix": "[[224   3   0   9]\n [  5 128   0 103]\n [  0   0 119   0]\n [  3 248   0 457]]"
    },
    "fold_2_3": {
      "load_data_time": 0.033002461,
      "training_time": 1.183509999,
      "prediction_time": 0.333913786,
      "accuracy_score": 0.3342776203966006,
      "f1_macro": 0.25,
      "confusion_matrix": "[[  0   0   0 235]\n [  0   0   0 235]\n [  0   0 236   0]\n [  0   0   0   0]]"
    },
    "fold_3_0": {
      "load_data_time": 0.037321614,
      "training_time": 1.404218643,
      "prediction_time": 0.222757317,
      "accuracy_score": 0.6407904022582922,
      "f1_macro": 0.6578566256335988,
      "confusion_matrix": "[[236   0   0   0]\n [  0   0   0 237]\n [  0   0 236   0]\n [  0 272   0 436]]"
    },
    "fold_3_1": {
      "load_data_time": 0.033230973,
      "training_time": 1.149278948,
      "prediction_time": 0.334866687,
      "accuracy_score": 0.4989406779661017,
      "f1_macro": 0.4033942558746736,
      "confusion_matrix": "[[235   0   0   1]\n [ 59   0   0 177]\n [  0   0 236   0]\n [236   0   0   0]]"
    },
    "fold_3_2": {
      "load_data_time": 0.046873559,
      "training_time": 1.520400145,
      "prediction_time": 0.140436846,
      "accuracy_score": 0.7332392378263938,
      "f1_macro": 0.7675019112914562,
      "confusion_matrix": "[[232   1   0   3]\n [  5 118   0 113]\n [  0   0 237   0]\n [  4 252   0 452]]"
    },
    "fold_3_3": {
      "load_data_time": 0.04076017,
      "training_time": 1.441415089,
      "prediction_time": 0.196805683,
      "accuracy_score": 0.20203735144312393,
      "f1_macro": 0.25,
      "confusion_matrix": "[[  0   0   0 235]\n [  0   0   0 235]\n [  0   0 119   0]\n [  0   0   0   0]]"
    },
    "fold_4_0": {
      "load_data_time": 0.03309284,
      "training_time": 1.182347382,
      "prediction_time": 0.33259691,
      "accuracy_score": 0.42926239419588874,
      "f1_macro": 0.40364583333333337,
      "confusion_matrix": "[[236   0   0   0]\n [ 60   0   0 176]\n [  0   0 119   0]\n [236   0   0   0]]"
    },
    "fold_4_1": {
      "load_data_time": 0.032131677,
      "training_time": 1.14184896,
      "prediction_time": 0.332061537,
      "accuracy_score": 0.5963302752293578,
      "f1_macro": 0.6415022761760243,
      "confusion_matrix": "[[236   0   0   0]\n [  0   0   0 237]\n [  0   0 236   0]\n [  0 335   0 373]]"
    },
    "fold_4_2": {
      "load_data_time": 0.043426562,
      "training_time": 1.475620237,
      "prediction_time": 0.166576499,
      "accuracy_score": 0.7429378531073446,
      "f1_macro": 0.7772535972006533,
      "confusion_matrix": "[[231   0   0   5]\n [  5 129   0 102]\n [  0   0 236   0]\n [  4 248   0 456]]"
    },
    "fold_4_3": {
      "load_data_time": 0.038534602,
      "training_time": 1.405743078,
      "prediction_time": 0.222864669,
      "accuracy_score": 0.33663366336633666,
      "f1_macro": 0.2521186440677966,
      "confusion_matrix": "[[  0   0   0 235]\n [  0   1   0 234]\n [  0   0 237   0]\n [  0   0   0   0]]"
    },
    "fold_5_0": {
      "load_data_time": 0.034458708,
      "training_time": 1.196535469,
      "prediction_time": 0.305173802,
      "accuracy_score": 0.5005291005291005,
      "f1_macro": 0.40505913272010513,
      "confusion_matrix": "[[236   0   0   0]\n [ 53   0   0 183]\n [  0   0 237   0]\n [236   0   0   0]]"
    },
    "fold_5_1": {
      "load_data_time": 0.033227416,
      "training_time": 1.139904946,
      "prediction_time": 0.331800644,
      "accuracy_score": 0.6107692307692307,
      "f1_macro": 0.6585982658959537,
      "confusion_matrix": "[[236   0   0   0]\n [  0   0   0 237]\n [  0   0 119   0]\n [  0 269   0 439]]"
    },
    "fold_5_2": {
      "load_data_time": 0.042076433,
      "training_time": 1.478046721,
      "prediction_time": 0.166749548,
      "accuracy_score": 0.7478813559322034,
      "f1_macro": 0.7851431917486776,
      "confusion_matrix": "[[226   1   0   9]\n [  9 148   0  79]\n [  0   0 236   0]\n [  0 259   0 449]]"
    },
    "fold_5_3": {
      "load_data_time": 0.037508949,
      "training_time": 1.410193526,
      "prediction_time": 0.222679512,
      "accuracy_score": 0.3371104815864023,
      "f1_macro": 0.2542194092827004,
      "confusion_matrix": "[[  0   0   0 235]\n [  0   2   0 233]\n [  0   0 236   0]\n [  0   0   0   0]]"
    },