{
  "experiment_name": "rauber_de_fe_setup",
  "feature_extraction": "WaveletFeatures",
  "classifier": "RandomForestClassifier",
  "augmentation": true,
  "start_time": "2026-05-01_12-30-07",
  "scores": {
    "fold_0_0": {
      "load_data_time": 20.419917442,
      "training_time": 25.816294309,
      "prediction_time": 0.470924215,
      "accuracy_score": 0.48922247882986913,
      "f1_macro": 0.5190050827276602,
      "confusion_matrix": "[[471   0   0   0]\n [  0   2   0 471]\n [  0   0 238   0]\n [595 261   0 560]]"
    },
    "fold_0_1": {
      "load_data_time": 14.053357339,
      "training_time": 18.366222031,
      "prediction_time": 0.568080682,
      "accuracy_score": 0.6214689265536724,
      "f1_macro": 0.5491241826974858,
      "confusion_matrix": "[[385  10   0  77]\n [191   0   0 281]\n [  0   0 472   0]\n [178   0   0 353]]"
    },
    "fold_0_2": {
      "load_data_time": 29.843216621,
      "training_time": 37.670485685,
      "prediction_time": 0.223153724,
      "accuracy_score": 0.49151103565365023,
      "f1_macro": 0.4647480832056025,
      "confusion_matrix": "[[251   2   0 218]\n [218   1   0 253]\n [  0   0 472   0]\n [362 145   0 434]]"
    },
    "fold_0_3": {
      "load_data_time": 10.915239653,
      "training_time": 13.80399036,
      "prediction_time": 0.678451826,
      "accuracy_score": 0.5158898305084746,
      "f1_macro": 0.2762096774193548,
      "confusion_matrix": "[[  0   0   0 235]\n [  0  13   0 222]\n [  0   0 474   0]\n [  0   0   0   0]]"
    },
    "fold_1_0": {
      "load_data_time": 20.317535227,
      "training_time": 25.557865295,
      "prediction_time": 0.406168296,
      "accuracy_score": 0.5384615384615384,
      "f1_macro": 0.521729470752895,
      "confusion_matrix": "[[469   1   0   1]\n [  0   1   0 472]\n [  0   0 474   0]\n [590 244   0 582]]"
    },
    "fold_1_1": {
      "load_data_time": 14.072607371,
      "training_time": 18.52217909,
      "prediction_time": 0.559209171,
      "accuracy_score": 0.5557501459427904,
      "f1_macro": 0.5428675513707993,
      "confusion_matrix": "[[407  52   0  13]\n [201   0   0 271]\n [  0   0 238   0]\n [224   0   0 307]]"
    },
    "fold_1_2": {
      "load_data_time": 29.860444365,
      "training_time": 37.630960271,
      "prediction_time": 0.222777466,
      "accuracy_score": 0.5012733446519525,
      "f1_macro": 0.4686384027042208,
      "confusion_matrix": "[[231   2   0 238]\n [226   3   0 243]\n [  0   0 472   0]\n [342 124   0 475]]"
    },
    "fold_1_3": {
      "load_data_time": 10.826627916,
      "training_time": 13.916473459,
      "prediction_time": 0.671330112,
      "accuracy_score": 0.5010615711252654,
      "f1_macro": 0.25,
      "confusion_matrix": "[[  0   0   0 235]\n [  0   0   0 235]\n [  0   0 472   0]\n [  0   0   0   0]]"
    },
    "fold_2_0": {
      "load_data_time": 20.452149179,
      "training_time": 25.471726842,
      "prediction_time": 0.460496912,
      "accuracy_score": 0.53954802259887,
      "f1_macro": 0.5254345218305136,
      "confusion_matrix": "[[468   0   0   3]\n [  0   3   0 470]\n [  0   0 472   0]\n [569 262   0 585]]"
    },
    "fold_2_1": {
      "load_data_time": 14.223476289,
      "training_time": 18.60068893,
      "prediction_time": 0.499632043,
      "accuracy_score": 0.6254489481785531,
      "f1_macro": 0.5534791406391817,
      "confusion_matrix": "[[406  28   0  38]\n [202   0   0 270]\n [  0   0 474   0]\n [192   0   0 339]]"
    },
    "fold_2_2": {
      "load_data_time": 30.264535507,
      "training_time": 37.613897593,
      "prediction_time": 0.223421529,
      "accuracy_score": 0.40669180018850143,
      "f1_macro": 0.4429173328500907,
      "confusion_matrix": "[[214   3   0 254]\n [215   1   0 256]\n [  0   0 238   0]\n [406 125   0 410]]"
    },
    "fold_2_3": {
      "load_data_time": 10.878525447,
      "training_time": 13.778006676,
      "prediction_time": 0.667844229,
      "accuracy_score": 0.5031847133757962,
      "f1_macro": 0.2542194092827004,
      "confusion_matrix": "[[  0   0   0 235]\n [  0   2   0 233]\n [  0   0 472   0]\n [  0   0   0   0]]"
    },
    "fold_3_0": {
      "load_data_time": 20.025526108,
      "training_time": 25.56144809,
      "prediction_time": 0.460987004,
      "accuracy_score": 0.5455508474576272,
      "f1_macro": 0.5292297168135154,
      "confusion_matrix": "[[470   0   0   1]\n [  0   1   0 472]\n [  0   0 472   0]\n [549 265   0 602]]"
    },
    "fold_3_1": {
      "load_data_time": 13.97662795,
      "training_time": 18.485657895,
      "prediction_time": 0.558099521,
      "accuracy_score": 0.6086286594761171,
      "f1_macro": 0.540504651633331,
      "confusion_matrix": "[[392  29   0  51]\n [233   0   0 239]\n [  0   0 472   0]\n [210   0   0 321]]"
    },
    "fold_3_2": {
      "load_data_time": 29.593497945,
      "training_time": 37.525491035,
      "prediction_time": 0.168201444,
      "accuracy_score": 0.48897370653095845,
      "f1_macro": 0.45911572980397586,
      "confusion_matrix": "[[220   6   0 245]\n [217   1   0 254]\n [  0   0 474   0]\n [347 136   0 458]]"
    },
    "fold_3_3": {
      "load_data_time": 20.15472881,
      "training_time": 25.471450754,
      "prediction_time": 0.407247264,
      "accuracy_score": 0.3898305084745763,
      "f1_macro": 0.31959706959706957,
      "confusion_matrix": "[[  0   0   0 235]\n [  0  38   0 197]\n [  0   0 238   0]\n [  0   0   0   0]]"
    },
    "fold_4_0": {
      "load_data_time": 10.850702804,
      "training_time": 13.77552499,
      "prediction_time": 0.671307782,
      "accuracy_score": 0.5931115002918855,
      "f1_macro": 0.5650387140300804,
      "confusion_matrix": "[[425  13   0  34]\n [193   0   0 279]\n [  0   0 238   0]\n [178   0   0 353]]"
    },
    "fold_4_1": {
      "load_data_time": 14.100733145,
      "training_time": 18.424932839,
      "prediction_time": 0.556680891,
      "accuracy_score": 0.538135593220339,
      "f1_macro": 0.523756867831985,
      "confusion_matrix": "[[468   0   0   3]\n [  1   3   0 469]\n [  0   0 472   0]\n [579 256   0 581]]"
    },
    "fold_4_2": {
      "load_data_time": 30.123196107,
      "training_time": 37.595937952,
      "prediction_time": 0.223502303,
      "accuracy_score": 0.5055178268251274,
      "f1_macro": 0.46966988683182376,
      "confusion_matrix": "[[214   4   0 253]\n [217   3   0 252]\n [  0   0 472   0]\n [309 130   0 502]]"
    },
    "fold_4_3": {
      "load_data_time": 20.322149074,
      "training_time": 25.392419943,
      "prediction_time": 0.460756804,
      "accuracy_score": 0.503177966101695,
      "f1_macro": 0.2521186440677966,
      "confusion_matrix": "[[  0   0   0 235]\n [  0   1   0 234]\n [  0   0 474   0]\n [  0   0   0   0]]"
    },
    "fold_5_0": {
      "load_data_time": 10.794259907,
      "training_time": 13.963682471,
      "prediction_time": 0.613454837,
      "accuracy_score": 0.6316059517701386,
      "f1_macro": 0.5585358139718606,
      "confusion_matrix": "[[402  21   0  49]\n [207   1   0 264]\n [  0   0 474   0]\n [177   0   0 354]]"
    },
    "fold_5_1": {
      "load_data_time": 14.233636927,
      "training_time": 18.403452285,
      "prediction_time": 0.558170611,
      "accuracy_score": 0.514626635873749,
      "f1_macro": 0.5359395888649081,
      "confusion_matrix": "[[469   1   0   1]\n [  0   6   0 467]\n [  0   0 238   0]\n [550 242   0 624]]"
    },
    "fold_5_2": {
      "load_data_time": 29.679909353,
      "training_time": 37.587375587,
      "prediction_time": 0.224688722,
      "accuracy_score": 0.5144312393887945,
      "f1_macro": 0.4737278639797363,
      "confusion_matrix": "[[209   0   0 262]\n [198   2   0 272]\n [  0   0 472   0]\n [282 130   0 529]]"
    },
    "fold_5_3": {
      "load_data_time": 20.202639974,
      "training_time": 25.417751544,
      "prediction_time": 0.46222037,
      "accuracy_score": 0.564755838641189,
      "f1_macro": 0.3516949152542373,