{
  "experiment_name": "rauber_loca_et_al_setup",
  "feature_extraction": "WaveletFeatures",
  "classifier": "RandomForestClassifier",
  "augmentation": false,
  "start_time": "2026-05-01_18-05-13",
  "scores": {
    "fold_0_0": {
      "load_data_time": 0.037588292,
      "training_time": 1.437852335,
      "prediction_time": 0.222720947,
      "accuracy_score": 0.6130769230769231,
      "f1_macro": 0.6593366979091564,
      "confusion_matrix": "[[236   0   0   0]\n [  0   0   0 237]\n [  0   0 119   0]\n [  0 266   0 442]]"
    },
    "fold_0_1": {
      "load_data_time": 0.031516865,
      "training_time": 1.14769971,
      "prediction_time": 0.33407947,
      "accuracy_score": 0.5,
      "f1_macro": 0.40404699738903394,
      "confusion_matrix": "[[236   0   0   0]\n [ 58   0   0 178]\n [  0   0 236   0]\n [236   0   0   0]]"
    },
    "fold_0_2": {
      "load_data_time": 0.044095855,
      "training_time": 1.474623647,
      "prediction_time": 0.166296011,
      "accuracy_score": 0.742231638418079,
      "f1_macro": 0.7932837798676344,
      "confusion_matrix": "[[231   0   0   5]\n [  5 183   0  48]\n [  0   0 236   0]\n [  0 307   0 401]]"
    },
    "fold_0_3": {
      "load_data_time": 0.033728719,
      "training_time": 1.175999555,
      "prediction_time": 0.332461195,
      "accuracy_score": 0.3422913719943423,
      "f1_macro": 0.2604166666666667,
      "confusion_matrix": "[[  0   0   0 235]\n [  0   5   0 230]\n [  0   0 237   0]\n [  0   0   0   0]]"
    },
    "fold_1_0": {
      "load_data_time": 0.040608001,
      "training_time": 1.430903297,
      "prediction_time": 0.193710099,
      "accuracy_score": 0.6480959097320169,
      "f1_macro": 0.6603163191948238,
      "confusion_matrix": "[[236   0   0   0]\n [  0   0   0 237]\n [  0   0 237   0]\n [  0 262   0 446]]"
    },
    "fold_1_1": {
      "load_data_time": 0.033469117,
      "training_time": 1.138392106,
      "prediction_time": 0.330447732,
      "accuracy_score": 0.42926239419588874,
      "f1_macro": 0.4044502617801047,
      "confusion_matrix": "[[236   0   0   0]\n [ 56   0   0 180]\n [  0   0 119   0]\n [236   0   0   0]]"
    },
    "fold_1_2": {
      "load_data_time": 0.042780465,
      "training_time": 1.465808115,
      "prediction_time": 0.165602665,
      "accuracy_score": 0.7528248587570622,
      "f1_macro": 0.7877039264828738,
      "confusion_matrix": "[[231   0   0   5]\n [  6 141   0  89]\n [  0   0 236   0]\n [  2 248   0 458]]"
    },
    "fold_1_3": {
      "load_data_time": 0.033082777,
      "training_time": 1.177205012,
      "prediction_time": 0.329689793,
      "accuracy_score": 0.3342776203966006,
      "f1_macro": 0.25,
      "confusion_matrix": "[[  0   0   0 235]\n [  0   0   0 235]\n [  0   0 236   0]\n [  0   0   0   0]]"
    },
    "fold_2_0": {
      "load_data_time": 0.038772383,
      "training_time": 1.391338663,
      "prediction_time": 0.22054902,
      "accuracy_score": 0.6541990119971771,
      "f1_macro": 0.6625,
      "confusion_matrix": "[[236   0   0   0]\n [  0   0   0 237]\n [  0   0 236   0]\n [  0 253   0 455]]"
    },
    "fold_2_1": {
      "load_data_time": 0.034473302,
      "training_time": 1.175035194,
      "prediction_time": 0.30195617,
      "accuracy_score": 0.49947089947089945,
      "f1_macro": 0.40460526315789475,
      "confusion_matrix": "[[235   0   0   1]\n [ 53   0   0 183]\n [  0   0 237   0]\n [236   0   0   0]]"
    },
    "fold_2_2": {
      "load_data_time": 0.043792845,
      "training_time": 1.469505364,
      "prediction_time": 0.164332492,
      "accuracy_score": 0.7244033872209392,
      "f1_macro": 0.7845389953216586,
      "confusion_matrix": "[[227   1   0   8]\n [  5 143   0  88]\n [  0   0 119   0]\n [  1 255   0 452]]"
    },
    "fold_2_3": {
      "load_data_time": 0.033415481,
      "training_time": 1.186568837,
      "prediction_time": 0.32835589,
      "accuracy_score": 0.3342776203966006,
      "f1_macro": 0.25,
      "confusion_matrix": "[[  0   0   0 235]\n [  0   0   0 235]\n [  0   0 236   0]\n [  0   0   0   0]]"
    },
    "fold_3_0": {
      "load_data_time": 0.037506365,
      "training_time": 1.393233412,
      "prediction_time": 0.219977924,
      "accuracy_score": 0.6471418489767113,
      "f1_macro": 0.6600719424460432,
      "confusion_matrix": "[[236   0   0   0]\n [  0   0   0 237]\n [  0   0 236   0]\n [  0 263   0 445]]"
    },
    "fold_3_1": {
      "load_data_time": 0.033290982,
      "training_time": 1.136917253,
      "prediction_time": 0.329285911,
      "accuracy_score": 0.4989406779661017,
      "f1_macro": 0.4033942558746736,
      "confusion_matrix": "[[235   0   0   1]\n [ 59   0   0 177]\n [  0   0 236   0]\n [236   0   0   0]]"
    },
    "fold_3_2": {
      "load_data_time": 0.045333911,
      "training_time": 1.504796347,
      "prediction_time": 0.139324125,
      "accuracy_score": 0.7318278052223006,
      "f1_macro": 0.7680370104916028,
      "confusion_matrix": "[[230   0   0   6]\n [ 10 127   0  99]\n [  0   0 237   0]\n [  3 262   0 443]]"
    },
    "fold_3_3": {
      "load_data_time": 0.040343075,
      "training_time": 1.433149097,
      "prediction_time": 0.192457622,
      "accuracy_score": 0.20203735144312393,
      "f1_macro": 0.25,
      "confusion_matrix": "[[  0   0   0 235]\n [  0   0   0 235]\n [  0   0 119   0]\n [  0   0   0   0]]"
    },
    "fold_4_0": {
      "load_data_time": 0.033526616,
      "training_time": 1.171946009,
      "prediction_time": 0.329602055,
      "accuracy_score": 0.4280532043530834,
      "f1_macro": 0.4041994750656168,
      "confusion_matrix": "[[235   0   0   1]\n [ 55   0   0 181]\n [  0   0 119   0]\n [236   0   0   0]]"
    },
    "fold_4_1": {
      "load_data_time": 0.03265708,
      "training_time": 1.130848542,
      "prediction_time": 0.330754064,
      "accuracy_score": 0.6429075511644319,
      "f1_macro": 0.6585982658959537,
      "confusion_matrix": "[[236   0   0   0]\n [  0   0   0 237]\n [  0   0 236   0]\n [  0 269   0 439]]"
    },
    "fold_4_2": {
      "load_data_time": 0.044095377,
      "training_time": 1.464701003,
      "prediction_time": 0.165296676,
      "accuracy_score": 0.7337570621468926,
      "f1_macro": 0.774827200354403,
      "confusion_matrix": "[[231   2   0   3]\n [  5 134   0  97]\n [  0   0 236   0]\n [  0 270   0 438]]"
    },
    "fold_4_3": {
      "load_data_time": 0.039194105,
      "training_time": 1.390381522,
      "prediction_time": 0.220759284,
      "accuracy_score": 0.3352192362093352,
      "f1_macro": 0.25,
      "confusion_matrix": "[[  0   0   0 235]\n [  0   0   0 235]\n [  0   0 237   0]\n [  0   0   0   0]]"
    },
    "fold_5_0": {
      "load_data_time": 0.034709274,
      "training_time": 1.199852058,
      "prediction_time": 0.302597946,
      "accuracy_score": 0.49947089947089945,
      "f1_macro": 0.40625,
      "confusion_matrix": "[[235   0   0   1]\n [ 45   0   0 191]\n [  0   0 237   0]\n [236   0   0   0]]"
    },
    "fold_5_1": {
      "load_data_time": 0.033688541,
      "training_time": 1.127751976,
      "prediction_time": 0.330866124,
      "accuracy_score": 0.6153846153846154,
      "f1_macro": 0.6600719424460432,
      "confusion_matrix": "[[236   0   0   0]\n [  0   0   0 237]\n [  0   0 119   0]\n [  0 263   0 445]]"
    },
    "fold_5_2": {
      "load_data_time": 0.04292097,
      "training_time": 1.458617106,
      "prediction_time": 0.165481448,
      "accuracy_score": 0.7690677966101694,
      "f1_macro": 0.8050126073853969,
      "confusion_matrix": "[[231   2   0   3]\n [  5 166   0  65]\n [  0   0 236   0]\n [  4 248   0 456]]"
    },
    "fold_5_3": {
      "load_data_time": 0.037877535,
      "training_time": 1.393157465,
      "prediction_time": 0.220477597,
      "accuracy_score": 0.3356940509915014,
      "f1_macro": 0.2521186440677966,
      "confusion_matrix": "[[  0   0   0 235]\n [  0   1   0 234]\n [  0   0 236   0]\n [  0   0   0   0]]"
    },
    "fold_6_0": {
      "load_data_time": 0.033567571,