{
  "experiment_name": "rauber_de_fe_setup",
  "feature_extraction": "WaveletFeatures",
  "classifier": "RandomForestClassifier",
  "augmentation": true,
  "start_time": "2026-04-30_23-11-29",
  "scores": {
    "fold_0_0": {
      "load_data_time": 20.416736511,
      "training_time": 26.067254624,
      "prediction_time": 0.462785144,
      "accuracy_score": 0.5015396458814473,
      "f1_macro": 0.5235898623686652,
      "confusion_matrix": "[[469   1   0   1]\n [  0   3   0 470]\n [  0   0 238   0]\n [604 219   0 593]]"
    },
    "fold_0_1": {
      "load_data_time": 13.933299572,
      "training_time": 18.306520964,
      "prediction_time": 0.558261609,
      "accuracy_score": 0.6296866974833076,
      "f1_macro": 0.5594378458631395,
      "confusion_matrix": "[[398  43   0  31]\n [195   0   0 277]\n [  0   0 472   0]\n [175   0   0 356]]"
    },
    "fold_0_2": {
      "load_data_time": 29.513865378,
      "training_time": 37.592447974,
      "prediction_time": 0.219304054,
      "accuracy_score": 0.4859932088285229,
      "f1_macro": 0.4569422226770826,
      "confusion_matrix": "[[223   1   0 247]\n [224   2   0 246]\n [  0   0 472   0]\n [375 118   0 448]]"
    },
    "fold_0_3": {
      "load_data_time": 10.825305659,
      "training_time": 13.77423186,
      "prediction_time": 0.668897098,
      "accuracy_score": 0.503177966101695,
      "f1_macro": 0.2521186440677966,
      "confusion_matrix": "[[  0   0   0 235]\n [  0   1   0 234]\n [  0   0 474   0]\n [  0   0   0   0]]"
    },
    "fold_1_0": {
      "load_data_time": 20.229775774,
      "training_time": 25.405998598,
      "prediction_time": 0.400367331,
      "accuracy_score": 0.55257586450247,
      "f1_macro": 0.5344188014677099,
      "confusion_matrix": "[[469   1   0   1]\n [  1   5   0 467]\n [  0   0 474   0]\n [548 250   0 618]]"
    },
    "fold_1_1": {
      "load_data_time": 14.278713162,
      "training_time": 18.407802726,
      "prediction_time": 0.550873496,
      "accuracy_score": 0.5761821366024519,
      "f1_macro": 0.5542376513340448,
      "confusion_matrix": "[[409  20   0  43]\n [185   0   0 287]\n [  0   0 238   0]\n [191   0   0 340]]"
    },
    "fold_1_2": {
      "load_data_time": 29.838902247,
      "training_time": 37.199091648,
      "prediction_time": 0.219914297,
      "accuracy_score": 0.45543293718166383,
      "f1_macro": 0.4354861067089276,
      "confusion_matrix": "[[185   4   0 282]\n [212   3   0 257]\n [  0   0 472   0]\n [382 146   0 413]]"
    },
    "fold_1_3": {
      "load_data_time": 10.889229718,
      "training_time": 13.72774369,
      "prediction_time": 0.663185058,
      "accuracy_score": 0.5010615711252654,
      "f1_macro": 0.25,
      "confusion_matrix": "[[  0   0   0 235]\n [  0   0   0 235]\n [  0   0 472   0]\n [  0   0   0   0]]"
    },
    "fold_2_0": {
      "load_data_time": 20.38630952,
      "training_time": 25.196314485,
      "prediction_time": 0.454492324,
      "accuracy_score": 0.5388418079096046,
      "f1_macro": 0.524439603986538,
      "confusion_matrix": "[[469   0   0   2]\n [  0   7   0 466]\n [  0   0 472   0]\n [601 237   0 578]]"
    },
    "fold_2_1": {
      "load_data_time": 14.216545136,
      "training_time": 18.512086978,
      "prediction_time": 0.493630463,
      "accuracy_score": 0.6393022062596203,
      "f1_macro": 0.5644127959972588,
      "confusion_matrix": "[[410  25   0  37]\n [212   0   0 260]\n [  0   0 474   0]\n [169   0   0 362]]"
    },
    "fold_2_2": {
      "load_data_time": 29.917416446,
      "training_time": 37.121935871,
      "prediction_time": 0.220403215,
      "accuracy_score": 0.43732327992459946,
      "f1_macro": 0.46250700049893717,
      "confusion_matrix": "[[228   6   0 237]\n [215   1   0 256]\n [  0   0 238   0]\n [352 128   0 461]]"
    },
    "fold_2_3": {
      "load_data_time": 10.756964542,
      "training_time": 13.786732996,
      "prediction_time": 0.660395361,
      "accuracy_score": 0.5583864118895966,
      "f1_macro": 0.34342560553633217,
      "confusion_matrix": "[[  0   0   0 235]\n [  0  54   0 181]\n [  0   0 472   0]\n [  0   0   0   0]]"
    },
    "fold_3_0": {
      "load_data_time": 20.072573894,
      "training_time": 25.247418989,
      "prediction_time": 0.454495785,
      "accuracy_score": 0.5374293785310734,
      "f1_macro": 0.5254166377905097,
      "confusion_matrix": "[[469   1   0   1]\n [  0   7   0 466]\n [  0   0 472   0]\n [584 258   0 574]]"
    },
    "fold_3_1": {
      "load_data_time": 14.130176976,
      "training_time": 18.368290408,
      "prediction_time": 0.547690283,
      "accuracy_score": 0.6384180790960452,
      "f1_macro": 0.5637109547116335,
      "confusion_matrix": "[[402  19   0  51]\n [181   0   0 291]\n [  0   0 472   0]\n [162   0   0 369]]"
    },
    "fold_3_2": {
      "load_data_time": 29.91781106,
      "training_time": 37.65520464,
      "prediction_time": 0.165531093,
      "accuracy_score": 0.5173876166242578,
      "f1_macro": 0.48003536871182206,
      "confusion_matrix": "[[250   1   0 220]\n [215   1   0 256]\n [  0   0 474   0]\n [317 129   0 495]]"
    },
    "fold_3_3": {
      "load_data_time": 20.306715067,
      "training_time": 25.353660639,
      "prediction_time": 0.400021049,
      "accuracy_score": 0.365819209039548,
      "f1_macro": 0.291015625,
      "confusion_matrix": "[[  0   0   0 235]\n [  0  21   0 214]\n [  0   0 238   0]\n [  0   0   0   0]]"
    },
    "fold_4_0": {
      "load_data_time": 10.719843124,
      "training_time": 13.779706589,
      "prediction_time": 0.659030822,
      "accuracy_score": 0.5884413309982487,
      "f1_macro": 0.5625769385879662,
      "confusion_matrix": "[[409  17   0  46]\n [219   0   0 253]\n [  0   0 238   0]\n [170   0   0 361]]"
    },
    "fold_4_1": {
      "load_data_time": 13.994579523,
      "training_time": 18.315512122,
      "prediction_time": 0.54920542,
      "accuracy_score": 0.5286016949152542,
      "f1_macro": 0.5185994962754906,
      "confusion_matrix": "[[470   0   0   1]\n [  0   6   0 467]\n [  0   0 472   0]\n [608 259   0 549]]"
    },
    "fold_4_2": {
      "load_data_time": 29.836409083,
      "training_time": 37.294458197,
      "prediction_time": 0.220335712,
      "accuracy_score": 0.47750424448217316,
      "f1_macro": 0.4486460457162005,
      "confusion_matrix": "[[197   0   0 274]\n [216   2   0 254]\n [  0   0 472   0]\n [364 123   0 454]]"
    },
    "fold_4_3": {
      "load_data_time": 20.381108765,
      "training_time": 25.443076462,
      "prediction_time": 0.454817571,
      "accuracy_score": 0.503177966101695,
      "f1_macro": 0.2521186440677966,
      "confusion_matrix": "[[  0   0   0 235]\n [  0   1   0 234]\n [  0   0 474   0]\n [  0   0   0   0]]"
    },
    "fold_5_0": {
      "load_data_time": 10.913190849,
      "training_time": 13.884166527,
      "prediction_time": 0.603671709,
      "accuracy_score": 0.6177526936890713,
      "f1_macro": 0.5447355954284361,
      "confusion_matrix": "[[406   9   0  57]\n [214   0   0 258]\n [  0   0 474   0]\n [207   0   0 324]]"
    },
    "fold_5_1": {
      "load_data_time": 13.996871764,
      "training_time": 18.390599646,
      "prediction_time": 0.549011308,
      "accuracy_score": 0.4996150885296382,
      "f1_macro": 0.5241099921583973,
      "confusion_matrix": "[[469   0   0   2]\n [  0   2   0 471]\n [  0   0 238   0]\n [584 243   0 589]]"
    },
    "fold_5_2": {
      "load_data_time": 29.417863241,
      "training_time": 37.523289066,
      "prediction_time": 0.220061147,
      "accuracy_score": 0.49108658743633277,
      "f1_macro": 0.4629990090045675,
      "confusion_matrix": "[[238   4   0 229]\n [193   1   0 278]\n [  0   0 472   0]\n [358 137   0 446]]"
    },
    "fold_5_3": {
      "load_data_time": 20.003369419,
      "training_time": 25.222426892,
      "prediction_time": 0.45285933,
      "accuracy_score": 0.5010615711252654,
      "f1_macro": 0.25,