{
  "experiment_name": "rauber_loca_et_al_setup",
  "feature_extraction": "WaveletFeatures",
  "classifier": "RandomForestClassifier",
  "augmentation": false,
  "start_time": "2026-05-01_06-58-56",
  "scores": {
    "fold_0_0": {
      "load_data_time": 0.037636924,
      "training_time": 1.441800063,
      "prediction_time": 0.226137463,
      "accuracy_score": 0.6215384615384615,
      "f1_macro": 0.6620171673819742,
      "confusion_matrix": "[[236   0   0   0]\n [  0   0   0 237]\n [  0   0 119   0]\n [  0 255   0 453]]"
    },
    "fold_0_1": {
      "load_data_time": 0.031146782,
      "training_time": 1.146195801,
      "prediction_time": 0.338827762,
      "accuracy_score": 0.4989406779661017,
      "f1_macro": 0.40460526315789475,
      "confusion_matrix": "[[235   0   0   1]\n [ 53   0   0 183]\n [  0   0 236   0]\n [236   0   0   0]]"
    },
    "fold_0_2": {
      "load_data_time": 0.043896013,
      "training_time": 1.476884563,
      "prediction_time": 0.167026895,
      "accuracy_score": 0.7259887005649718,
      "f1_macro": 0.7580611177929417,
      "confusion_matrix": "[[227   0   0   9]\n [  6 109   0 121]\n [  0   0 236   0]\n [  4 248   0 456]]"
    },
    "fold_0_3": {
      "load_data_time": 0.033382027,
      "training_time": 1.17893223,
      "prediction_time": 0.336882876,
      "accuracy_score": 0.3352192362093352,
      "f1_macro": 0.25,
      "confusion_matrix": "[[  0   0   0 235]\n [  0   0   0 235]\n [  0   0 237   0]\n [  0   0   0   0]]"
    },
    "fold_1_0": {
      "load_data_time": 0.040835446,
      "training_time": 1.44598688,
      "prediction_time": 0.196351948,
      "accuracy_score": 0.6424541607898449,
      "f1_macro": 0.658351409978308,
      "confusion_matrix": "[[236   0   0   0]\n [  0   0   0 237]\n [  0   0 237   0]\n [  0 270   0 438]]"
    },
    "fold_1_1": {
      "load_data_time": 0.033628329,
      "training_time": 1.146751817,
      "prediction_time": 0.334542158,
      "accuracy_score": 0.42926239419588874,
      "f1_macro": 0.4028497409326425,
      "confusion_matrix": "[[236   0   0   0]\n [ 64   0   0 172]\n [  0   0 119   0]\n [236   0   0   0]]"
    },
    "fold_1_2": {
      "load_data_time": 0.042959053,
      "training_time": 1.479906213,
      "prediction_time": 0.166846977,
      "accuracy_score": 0.7492937853107344,
      "f1_macro": 0.7883987901921384,
      "confusion_matrix": "[[231   2   0   3]\n [  5 148   0  83]\n [  0   0 236   0]\n [  1 261   0 446]]"
    },
    "fold_1_3": {
      "load_data_time": 0.032339287,
      "training_time": 1.177616644,
      "prediction_time": 0.333066372,
      "accuracy_score": 0.3342776203966006,
      "f1_macro": 0.25,
      "confusion_matrix": "[[  0   0   0 235]\n [  0   0   0 235]\n [  0   0 236   0]\n [  0   0   0   0]]"
    },
    "fold_2_0": {
      "load_data_time": 0.038762419,
      "training_time": 1.406520336,
      "prediction_time": 0.223243206,
      "accuracy_score": 0.6612561750176429,
      "f1_macro": 0.6648936170212766,
      "confusion_matrix": "[[236   0   0   0]\n [  0   0   0 237]\n [  0   0 236   0]\n [  0 243   0 465]]"
    },
    "fold_2_1": {
      "load_data_time": 0.034541713,
      "training_time": 1.171408959,
      "prediction_time": 0.305244434,
      "accuracy_score": 0.5005291005291005,
      "f1_macro": 0.40384615384615385,
      "confusion_matrix": "[[236   0   0   0]\n [ 59   0   0 177]\n [  0   0 237   0]\n [236   0   0   0]]"
    },
    "fold_2_2": {
      "load_data_time": 0.043798611,
      "training_time": 1.468557901,
      "prediction_time": 0.166185539,
      "accuracy_score": 0.6943802925327175,
      "f1_macro": 0.7535777848765572,
      "confusion_matrix": "[[232   0   0   4]\n [  6 102   0 128]\n [  0   0 119   0]\n [  2 257   0 449]]"
    },
    "fold_2_3": {
      "load_data_time": 0.033294566,
      "training_time": 1.172836295,
      "prediction_time": 0.333681652,
      "accuracy_score": 0.3342776203966006,
      "f1_macro": 0.25,
      "confusion_matrix": "[[  0   0   0 235]\n [  0   0   0 235]\n [  0   0 236   0]\n [  0   0   0   0]]"
    },
    "fold_3_0": {
      "load_data_time": 0.037815156,
      "training_time": 1.39990003,
      "prediction_time": 0.223711656,
      "accuracy_score": 0.6520818630910374,
      "f1_macro": 0.6617752326413744,
      "confusion_matrix": "[[236   0   0   0]\n [  0   0   0 237]\n [  0   0 236   0]\n [  0 256   0 452]]"
    },
    "fold_3_1": {
      "load_data_time": 0.033516275,
      "training_time": 1.130616775,
      "prediction_time": 0.332303321,
      "accuracy_score": 0.5,
      "f1_macro": 0.4042483660130719,
      "confusion_matrix": "[[236   0   0   0]\n [ 57   0   0 179]\n [  0   0 236   0]\n [236   0   0   0]]"
    },
    "fold_3_2": {
      "load_data_time": 0.045341704,
      "training_time": 1.515071522,
      "prediction_time": 0.140559775,
      "accuracy_score": 0.7459421312632322,
      "f1_macro": 0.7843098409628102,
      "confusion_matrix": "[[231   1   0   4]\n [  6 144   0  86]\n [  0   0 237   0]\n [  2 261   0 445]]"
    },
    "fold_3_3": {
      "load_data_time": 0.040398957,
      "training_time": 1.433989366,
      "prediction_time": 0.195372105,
      "accuracy_score": 0.20203735144312393,
      "f1_macro": 0.25,
      "confusion_matrix": "[[  0   0   0 235]\n [  0   0   0 235]\n [  0   0 119   0]\n [  0   0   0   0]]"
    },
    "fold_4_0": {
      "load_data_time": 0.0339027,
      "training_time": 1.171305513,
      "prediction_time": 0.333496249,
      "accuracy_score": 0.4280532043530834,
      "f1_macro": 0.403997378768021,
      "confusion_matrix": "[[235   0   0   1]\n [ 56   0   0 180]\n [  0   0 119   0]\n [236   0   0   0]]"
    },
    "fold_4_1": {
      "load_data_time": 0.032931048,
      "training_time": 1.131806312,
      "prediction_time": 0.335068324,
      "accuracy_score": 0.6492589978828511,
      "f1_macro": 0.6608040201005025,
      "confusion_matrix": "[[236   0   0   0]\n [  0   0   0 237]\n [  0   0 236   0]\n [  0 260   0 448]]"
    },
    "fold_4_2": {
      "load_data_time": 0.044456959,
      "training_time": 1.463770277,
      "prediction_time": 0.166931194,
      "accuracy_score": 0.7175141242937854,
      "f1_macro": 0.7459063108145678,
      "confusion_matrix": "[[232   0   0   4]\n [  6  91   0 139]\n [  0   0 236   0]\n [  6 245   0 457]]"
    },
    "fold_4_3": {
      "load_data_time": 0.039186863,
      "training_time": 1.397417811,
      "prediction_time": 0.2229349,
      "accuracy_score": 0.3352192362093352,
      "f1_macro": 0.25,
      "confusion_matrix": "[[  0   0   0 235]\n [  0   0   0 235]\n [  0   0 237   0]\n [  0   0   0   0]]"
    },
    "fold_5_0": {
      "load_data_time": 0.034644097,
      "training_time": 1.200413473,
      "prediction_time": 0.305366216,
      "accuracy_score": 0.49947089947089945,
      "f1_macro": 0.4044021024967148,
      "confusion_matrix": "[[235   0   0   1]\n [ 54   0   0 182]\n [  0   0 237   0]\n [236   0   0   0]]"
    },
    "fold_5_1": {
      "load_data_time": 0.033610551,
      "training_time": 1.13246964,
      "prediction_time": 0.332385282,
      "accuracy_score": 0.6215384615384615,
      "f1_macro": 0.6620171673819742,
      "confusion_matrix": "[[236   0   0   0]\n [  0   0   0 237]\n [  0   0 119   0]\n [  0 255   0 453]]"
    },
    "fold_5_2": {
      "load_data_time": 0.042850004,
      "training_time": 1.465059016,
      "prediction_time": 0.166216268,
      "accuracy_score": 0.7556497175141242,
      "f1_macro": 0.7925332909770679,
      "confusion_matrix": "[[232   1   0   3]\n [  5 151   0  80]\n [  0   0 236   0]\n [  4 253   0 451]]"
    },
    "fold_5_3": {
      "load_data_time": 0.037683362,
      "training_time": 1.396374838,
      "prediction_time": 0.222754033,
      "accuracy_score": 0.3342776203966006,
      "f1_macro": 0.25,
      "confusion_matrix": "[[  0   0   0 235]\n [  0   0   0 235]\n [  0   0 236   0]\n [  0   0   0   0]]"
    },
    "fold_6_0": {
      "load_data_time": 0.033607246,