{
  "experiment_name": "rauber_de_fe_setup",
  "feature_extraction": "WaveletFeatures",
  "classifier": "RandomForestClassifier",
  "augmentation": false,
  "start_time": "2026-04-30_22-25-13",
  "scores": {
    "fold_0_0": {
      "load_data_time": 0.067229159,
      "training_time": 2.761356907,
      "prediction_time": 0.462547477,
      "accuracy_score": 0.5727482678983834,
      "f1_macro": 0.5840429860592933,
      "confusion_matrix": "[[463   8   0   0]\n [  0   0   0 473]\n [  0   0 238   0]\n [304 325   0 787]]"
    },
    "fold_0_1": {
      "load_data_time": 0.059248799,
      "training_time": 2.434295466,
      "prediction_time": 0.560608163,
      "accuracy_score": 0.6070878274268104,
      "f1_macro": 0.539344650255003,
      "confusion_matrix": "[[414  22   0  36]\n [111   0   0 361]\n [  0   0 472   0]\n [232   3   0 296]]"
    },
    "fold_0_2": {
      "load_data_time": 0.082182005,
      "training_time": 3.184614114,
      "prediction_time": 0.218532479,
      "accuracy_score": 0.6651103565365025,
      "f1_macro": 0.6246538229981939,
      "confusion_matrix": "[[345  15   0 111]\n [  9   0   0 463]\n [  0   0 472   0]\n [  0 191   0 750]]"
    },
    "fold_0_3": {
      "load_data_time": 0.058109859,
      "training_time": 2.217657814,
      "prediction_time": 0.670566814,
      "accuracy_score": 0.5529661016949152,
      "f1_macro": 0.33480565371024734,
      "confusion_matrix": "[[  0   0   0 235]\n [  0  48   0 187]\n [  0   0 474   0]\n [  0   0   0   0]]"
    },
    "fold_1_0": {
      "load_data_time": 0.069834098,
      "training_time": 2.77084272,
      "prediction_time": 0.400203333,
      "accuracy_score": 0.6517290049400141,
      "f1_macro": 0.6235703055052438,
      "confusion_matrix": "[[461   8   0   2]\n [  0   0   0 473]\n [  0   0 474   0]\n [161 343   0 912]]"
    },
    "fold_1_1": {
      "load_data_time": 0.06284137,
      "training_time": 2.431839523,
      "prediction_time": 0.550017785,
      "accuracy_score": 0.5557501459427904,
      "f1_macro": 0.5413370107556976,
      "confusion_matrix": "[[415  19   0  38]\n [ 97   0   0 375]\n [  0   0 238   0]\n [229   3   0 299]]"
    },
    "fold_1_2": {
      "load_data_time": 0.079169967,
      "training_time": 3.191419616,
      "prediction_time": 0.21863467,
      "accuracy_score": 0.6498302207130731,
      "f1_macro": 0.623629081045216,
      "confusion_matrix": "[[360  13   0  98]\n [  6   0   0 466]\n [  0   0 472   0]\n [  0 242   0 699]]"
    },
    "fold_1_3": {
      "load_data_time": 0.055497866,
      "training_time": 2.221167223,
      "prediction_time": 0.663028057,
      "accuracy_score": 0.5636942675159236,
      "f1_macro": 0.35034013605442177,
      "confusion_matrix": "[[  0   0   0 235]\n [  0  59   0 176]\n [  0   0 472   0]\n [  0   0   0   0]]"
    },
    "fold_2_0": {
      "load_data_time": 0.068537688,
      "training_time": 2.675094331,
      "prediction_time": 0.453028625,
      "accuracy_score": 0.6182909604519774,
      "f1_macro": 0.5879781147221306,
      "confusion_matrix": "[[463   8   0   0]\n [  0   0   0 473]\n [  0   0 472   0]\n [303 297   0 816]]"
    },
    "fold_2_1": {
      "load_data_time": 0.066106642,
      "training_time": 2.496306592,
      "prediction_time": 0.49146666,
      "accuracy_score": 0.6157003591585428,
      "f1_macro": 0.548182881968029,
      "confusion_matrix": "[[412  32   0  28]\n [111   0   0 361]\n [  0   0 474   0]\n [210   7   0 314]]"
    },
    "fold_2_2": {
      "load_data_time": 0.082126514,
      "training_time": 3.193595628,
      "prediction_time": 0.21858586,
      "accuracy_score": 0.6055607917059378,
      "f1_macro": 0.6190451088928597,
      "confusion_matrix": "[[346   4   0 121]\n [  4   2   0 466]\n [  0   0 238   0]\n [  0 242   0 699]]"
    },
    "fold_2_3": {
      "load_data_time": 0.057935128,
      "training_time": 2.198228095,
      "prediction_time": 0.657733777,
      "accuracy_score": 0.5127388535031847,
      "f1_macro": 0.27235772357723576,
      "confusion_matrix": "[[  0   0   0 235]\n [  0  11   0 224]\n [  0   0 472   0]\n [  0   0   0   0]]"
    },
    "fold_3_0": {
      "load_data_time": 0.065937039,
      "training_time": 2.699478817,
      "prediction_time": 0.45357858,
      "accuracy_score": 0.6059322033898306,
      "f1_macro": 0.5836493178342279,
      "confusion_matrix": "[[463   7   0   1]\n [  0   0   0 473]\n [  0   0 472   0]\n [301 334   0 781]]"
    },
    "fold_3_1": {
      "load_data_time": 0.063007742,
      "training_time": 2.442599741,
      "prediction_time": 0.545767607,
      "accuracy_score": 0.613251155624037,
      "f1_macro": 0.5460101109732816,
      "confusion_matrix": "[[425  29   0  18]\n [ 77   0   0 395]\n [  0   0 472   0]\n [231   3   0 297]]"
    },
    "fold_3_2": {
      "load_data_time": 0.083839541,
      "training_time": 3.241180626,
      "prediction_time": 0.164770105,
      "accuracy_score": 0.6603053435114504,
      "f1_macro": 0.6324224076230849,
      "confusion_matrix": "[[370   9   0  92]\n [  4   4   0 464]\n [  0   0 474   0]\n [  0 232   0 709]]"
    },
    "fold_3_3": {
      "load_data_time": 0.070296091,
      "training_time": 2.755829294,
      "prediction_time": 0.397445039,
      "accuracy_score": 0.3785310734463277,
      "f1_macro": 0.30660377358490565,
      "confusion_matrix": "[[  0   0   0 235]\n [  0  30   0 205]\n [  0   0 238   0]\n [  0   0   0   0]]"
    },
    "fold_4_0": {
      "load_data_time": 0.057773041,
      "training_time": 2.214347636,
      "prediction_time": 0.654744267,
      "accuracy_score": 0.5586690017513135,
      "f1_macro": 0.5435861784436015,
      "confusion_matrix": "[[428  28   0  16]\n [102   0   0 370]\n [  0   0 238   0]\n [234   6   0 291]]"
    },
    "fold_4_1": {
      "load_data_time": 0.061104144,
      "training_time": 2.426456834,
      "prediction_time": 0.546037096,
      "accuracy_score": 0.614406779661017,
      "f1_macro": 0.5971409685267683,
      "confusion_matrix": "[[462   9   0   0]\n [  0   0   0 473]\n [  0   0 472   0]\n [236 374   0 806]]"
    },
    "fold_4_2": {
      "load_data_time": 0.082020441,
      "training_time": 3.186414296,
      "prediction_time": 0.220447332,
      "accuracy_score": 0.6290322580645161,
      "f1_macro": 0.6125387028983255,
      "confusion_matrix": "[[344   5   0 122]\n [  5   2   0 465]\n [  0   0 472   0]\n [  0 277   0 664]]"
    },
    "fold_4_3": {
      "load_data_time": 0.068044812,
      "training_time": 2.669866933,
      "prediction_time": 0.452699558,
      "accuracy_score": 0.5550847457627118,
      "f1_macro": 0.33771929824561403,
      "confusion_matrix": "[[  0   0   0 235]\n [  0  50   0 185]\n [  0   0 474   0]\n [  0   0   0   0]]"
    },
    "fold_5_0": {
      "load_data_time": 0.059858123,
      "training_time": 2.269838432,
      "prediction_time": 0.604904911,
      "accuracy_score": 0.6136480246280144,
      "f1_macro": 0.542830478700044,
      "confusion_matrix": "[[431  20   0  21]\n [127   0   0 345]\n [  0   0 474   0]\n [235   5   0 291]]"
    },
    "fold_5_1": {
      "load_data_time": 0.063140362,
      "training_time": 2.427775305,
      "prediction_time": 0.546547867,
      "accuracy_score": 0.5496535796766744,
      "f1_macro": 0.5768152330486915,
      "confusion_matrix": "[[460  11   0   0]\n [  0   0   0 473]\n [  0   0 238   0]\n [296 390   0 730]]"
    },
    "fold_5_2": {
      "load_data_time": 0.079597546,
      "training_time": 3.199740692,
      "prediction_time": 0.219940973,
      "accuracy_score": 0.6659592529711376,
      "f1_macro": 0.6264911489998274,
      "confusion_matrix": "[[351   6   0 114]\n [  6   0   0 466]\n [  0   0 472   0]\n [  0 195   0 746]]"
    },
    "fold_5_3": {
      "load_data_time": 0.065677353,
      "training_time": 2.675273176,
      "prediction_time": 0.453444185,
      "accuracy_score": 0.5180467091295117,
      "f1_macro": 0.28187250996015933,