{
  "experiment_name": "rauber_de_fe_setup",
  "feature_extraction": "WaveletFeatures",
  "classifier": "RandomForestClassifier",
  "augmentation": true,
  "start_time": "2026-05-01_08-04-14",
  "scores": {
    "fold_0_0": {
      "load_data_time": 20.405639455,
      "training_time": 25.848690802,
      "prediction_time": 0.462981693,
      "accuracy_score": 0.5011547344110855,
      "f1_macro": 0.5278278030166357,
      "confusion_matrix": "[[468   0   0   3]\n [  0   5   0 468]\n [  0   0 238   0]\n [569 256   0 591]]"
    },
    "fold_0_1": {
      "load_data_time": 14.119218766,
      "training_time": 18.315203827,
      "prediction_time": 0.557755407,
      "accuracy_score": 0.6240369799691834,
      "f1_macro": 0.5511896970057584,
      "confusion_matrix": "[[411  17   0  44]\n [188   0   0 284]\n [  0   0 472   0]\n [199   0   0 332]]"
    },
    "fold_0_2": {
      "load_data_time": 29.760781086,
      "training_time": 37.309351693,
      "prediction_time": 0.219614261,
      "accuracy_score": 0.5,
      "f1_macro": 0.46722954599229377,
      "confusion_matrix": "[[238   2   0 231]\n [217   1   0 254]\n [  0   0 472   0]\n [353 121   0 467]]"
    },
    "fold_0_3": {
      "load_data_time": 10.913697393,
      "training_time": 13.652534423,
      "prediction_time": 0.666710891,
      "accuracy_score": 0.5021186440677966,
      "f1_macro": 0.25,
      "confusion_matrix": "[[  0   0   0 235]\n [  0   0   0 235]\n [  0   0 474   0]\n [  0   0   0   0]]"
    },
    "fold_1_0": {
      "load_data_time": 20.254935434,
      "training_time": 25.253502704,
      "prediction_time": 0.399366078,
      "accuracy_score": 0.5511644318983768,
      "f1_macro": 0.5327040363855952,
      "confusion_matrix": "[[469   1   0   1]\n [  0   3   0 470]\n [  0   0 474   0]\n [548 252   0 616]]"
    },
    "fold_1_1": {
      "load_data_time": 14.136966953,
      "training_time": 18.278979791,
      "prediction_time": 0.549125965,
      "accuracy_score": 0.5872737886748395,
      "f1_macro": 0.5632375584070808,
      "confusion_matrix": "[[410  29   0  33]\n [211   0   0 261]\n [  0   0 238   0]\n [173   0   0 358]]"
    },
    "fold_1_2": {
      "load_data_time": 29.884110202,
      "training_time": 37.05863015,
      "prediction_time": 0.21908941,
      "accuracy_score": 0.4868421052631579,
      "f1_macro": 0.46148613017894724,
      "confusion_matrix": "[[251   1   0 219]\n [235   2   0 235]\n [  0   0 472   0]\n [382 137   0 422]]"
    },
    "fold_1_3": {
      "load_data_time": 10.860237712,
      "training_time": 13.698963425,
      "prediction_time": 0.660118339,
      "accuracy_score": 0.5021231422505308,
      "f1_macro": 0.2521186440677966,
      "confusion_matrix": "[[  0   0   0 235]\n [  0   1   0 234]\n [  0   0 472   0]\n [  0   0   0   0]]"
    },
    "fold_2_0": {
      "load_data_time": 20.221893466,
      "training_time": 25.174540934,
      "prediction_time": 0.451717138,
      "accuracy_score": 0.5187146892655368,
      "f1_macro": 0.5114646076423078,
      "confusion_matrix": "[[469   1   0   1]\n [  1   4   0 468]\n [  0   0 472   0]\n [622 270   0 524]]"
    },
    "fold_2_1": {
      "load_data_time": 14.067350627,
      "training_time": 18.514396382,
      "prediction_time": 0.492474082,
      "accuracy_score": 0.6536685479733196,
      "f1_macro": 0.5760586557448988,
      "confusion_matrix": "[[412  25   0  35]\n [216   0   0 256]\n [  0   0 474   0]\n [143   0   0 388]]"
    },
    "fold_2_2": {
      "load_data_time": 29.853518895,
      "training_time": 37.551346254,
      "prediction_time": 0.218324549,
      "accuracy_score": 0.45852968897266727,
      "f1_macro": 0.4780793626845088,
      "confusion_matrix": "[[240   0   0 231]\n [217   4   0 251]\n [  0   0 238   0]\n [315 135   0 491]]"
    },
    "fold_2_3": {
      "load_data_time": 10.957400475,
      "training_time": 13.719374475,
      "prediction_time": 0.65613624,
      "accuracy_score": 0.5169851380042463,
      "f1_macro": 0.28,
      "confusion_matrix": "[[  0   0   0 235]\n [  0  15   0 220]\n [  0   0 472   0]\n [  0   0   0   0]]"
    },
    "fold_3_0": {
      "load_data_time": 20.473469866,
      "training_time": 25.16417376,
      "prediction_time": 0.451958995,
      "accuracy_score": 0.513771186440678,
      "f1_macro": 0.5038569920420313,
      "confusion_matrix": "[[434   1   0  36]\n [  0   2   0 471]\n [  0   0 472   0]\n [626 243   0 547]]"
    },
    "fold_3_1": {
      "load_data_time": 14.250558203,
      "training_time": 18.422724889,
      "prediction_time": 0.54486683,
      "accuracy_score": 0.637904468412943,
      "f1_macro": 0.5661338819219693,
      "confusion_matrix": "[[407  44   0  21]\n [191   0   0 281]\n [  0   0 472   0]\n [168   0   0 363]]"
    },
    "fold_3_2": {
      "load_data_time": 29.875697327,
      "training_time": 37.259933454,
      "prediction_time": 0.164817547,
      "accuracy_score": 0.5114503816793893,
      "f1_macro": 0.4743097479157314,
      "confusion_matrix": "[[243   1   0 227]\n [221   2   0 249]\n [  0   0 474   0]\n [348 106   0 487]]"
    },
    "fold_3_3": {
      "load_data_time": 19.960523469,
      "training_time": 25.416113831,
      "prediction_time": 0.396866172,
      "accuracy_score": 0.3375706214689266,
      "f1_macro": 0.2521186440677966,
      "confusion_matrix": "[[  0   0   0 235]\n [  0   1   0 234]\n [  0   0 238   0]\n [  0   0   0   0]]"
    },
    "fold_4_0": {
      "load_data_time": 10.691163911,
      "training_time": 13.733423553,
      "prediction_time": 0.657085765,
      "accuracy_score": 0.5814360770577933,
      "f1_macro": 0.557662030529049,
      "confusion_matrix": "[[410  18   0  44]\n [200   0   0 272]\n [  0   0 238   0]\n [183   0   0 348]]"
    },
    "fold_4_1": {
      "load_data_time": 14.183347074,
      "training_time": 18.294536852,
      "prediction_time": 0.546214557,
      "accuracy_score": 0.5190677966101694,
      "f1_macro": 0.5132213535479391,
      "confusion_matrix": "[[469   1   0   1]\n [  0   3   0 470]\n [  0   0 472   0]\n [600 290   0 526]]"
    },
    "fold_4_2": {
      "load_data_time": 29.98912779,
      "training_time": 37.088475934,
      "prediction_time": 0.218826487,
      "accuracy_score": 0.47198641765704585,
      "f1_macro": 0.4510347883985309,
      "confusion_matrix": "[[232   9   0 230]\n [213   2   0 257]\n [  0   0 472   0]\n [391 144   0 406]]"
    },
    "fold_4_3": {
      "load_data_time": 20.462055222,
      "training_time": 25.173515841,
      "prediction_time": 0.451386161,
      "accuracy_score": 0.5021186440677966,
      "f1_macro": 0.25,
      "confusion_matrix": "[[  0   0   0 235]\n [  0   0   0 235]\n [  0   0 474   0]\n [  0   0   0   0]]"
    },
    "fold_5_0": {
      "load_data_time": 10.959615078,
      "training_time": 13.823752935,
      "prediction_time": 0.601613999,
      "accuracy_score": 0.6110826064648538,
      "f1_macro": 0.5406635568528526,
      "confusion_matrix": "[[392  16   0  64]\n [199   0   0 273]\n [  0   0 474   0]\n [206   0   0 325]]"
    },
    "fold_5_1": {
      "load_data_time": 14.24665115,
      "training_time": 18.228919768,
      "prediction_time": 0.544363518,
      "accuracy_score": 0.4976905311778291,
      "f1_macro": 0.5245767705618102,
      "confusion_matrix": "[[467   1   0   3]\n [  2   4   0 467]\n [  0   0 238   0]\n [580 252   0 584]]"
    },
    "fold_5_2": {
      "load_data_time": 29.971089228,
      "training_time": 37.241312308,
      "prediction_time": 0.218682717,
      "accuracy_score": 0.5140067911714771,
      "f1_macro": 0.47662969094089014,
      "confusion_matrix": "[[227   1   0 243]\n [225   2   0 245]\n [  0   0 472   0]\n [291 140   0 510]]"
    },
    "fold_5_3": {
      "load_data_time": 20.033461921,
      "training_time": 25.151972107,
      "prediction_time": 0.453378025,
      "accuracy_score": 0.5010615711252654,
      "f1_macro": 0.25,