{
  "experiment_name": "rauber_loca_et_al_setup",
  "feature_extraction": "WaveletFeatures",
  "classifier": "RandomForestClassifier",
  "augmentation": true,
  "start_time": "2026-05-01_18-06-16",
  "scores": {
    "fold_0_0": {
      "load_data_time": 6.494988198,
      "training_time": 7.758484828,
      "prediction_time": 0.222660172,
      "accuracy_score": 0.6107692307692307,
      "f1_macro": 0.6580697246697381,
      "confusion_matrix": "[[236   0   0   0]\n [  0   0   0 237]\n [  0   0 119   0]\n [  1 268   0 439]]"
    },
    "fold_0_1": {
      "load_data_time": 3.762598694,
      "training_time": 4.39216486,
      "prediction_time": 0.33412708,
      "accuracy_score": 0.503177966101695,
      "f1_macro": 0.41671001221739706,
      "confusion_matrix": "[[236   0   0   0]\n [ 17   0   0 219]\n [  0   0 236   0]\n [233   0   0   3]]"
    },
    "fold_0_2": {
      "load_data_time": 8.830401005,
      "training_time": 9.397660698,
      "prediction_time": 0.165391633,
      "accuracy_score": 0.6257062146892656,
      "f1_macro": 0.5802670425202272,
      "confusion_matrix": "[[178   1   0  57]\n [115  13   0 108]\n [  0   0 236   0]\n [ 99 150   0 459]]"
    },
    "fold_0_3": {
      "load_data_time": 3.840522433,
      "training_time": 4.414115459,
      "prediction_time": 0.331680858,
      "accuracy_score": 0.3352192362093352,
      "f1_macro": 0.25,
      "confusion_matrix": "[[  0   0   0 235]\n [  0   0   0 235]\n [  0   0 237   0]\n [  0   0   0   0]]"
    },
    "fold_1_0": {
      "load_data_time": 6.57833449,
      "training_time": 7.623213707,
      "prediction_time": 0.193405822,
      "accuracy_score": 0.6431593794076164,
      "f1_macro": 0.6554601905821462,
      "confusion_matrix": "[[236   0   0   0]\n [  0   0   0 237]\n [  0   0 237   0]\n [  6 263   0 439]]"
    },
    "fold_1_1": {
      "load_data_time": 3.744887549,
      "training_time": 4.371948652,
      "prediction_time": 0.33093804,
      "accuracy_score": 0.4328899637243047,
      "f1_macro": 0.4164911277166922,
      "confusion_matrix": "[[236   0   0   0]\n [ 18   0   0 218]\n [  0   0 119   0]\n [233   0   0   3]]"
    },
    "fold_1_2": {
      "load_data_time": 8.712173114,
      "training_time": 9.262190627,
      "prediction_time": 0.165853723,
      "accuracy_score": 0.5911016949152542,
      "f1_macro": 0.5918436056973791,
      "confusion_matrix": "[[192   0   0  44]\n [ 71  14   0 151]\n [  0   0 236   0]\n [ 46 267   0 395]]"
    },
    "fold_1_3": {
      "load_data_time": 3.75045838,
      "training_time": 4.441993997,
      "prediction_time": 0.329383223,
      "accuracy_score": 0.3356940509915014,
      "f1_macro": 0.2521186440677966,
      "confusion_matrix": "[[  0   0   0 235]\n [  0   1   0 234]\n [  0   0 236   0]\n [  0   0   0   0]]"
    },
    "fold_2_0": {
      "load_data_time": 6.524254432,
      "training_time": 7.590044533,
      "prediction_time": 0.221545745,
      "accuracy_score": 0.6471418489767113,
      "f1_macro": 0.6584929950776222,
      "confusion_matrix": "[[236   0   0   0]\n [  0   0   0 237]\n [  0   0 236   0]\n [  3 260   0 445]]"
    },
    "fold_2_1": {
      "load_data_time": 3.739350934,
      "training_time": 4.430407746,
      "prediction_time": 0.304351804,
      "accuracy_score": 0.5005291005291005,
      "f1_macro": 0.41054421768707483,
      "confusion_matrix": "[[236   0   0   0]\n [ 27   0   0 209]\n [  0   0 237   0]\n [236   0   0   0]]"
    },
    "fold_2_2": {
      "load_data_time": 8.899342549,
      "training_time": 9.305562451,
      "prediction_time": 0.165377781,
      "accuracy_score": 0.5981524249422633,
      "f1_macro": 0.6048650701730045,
      "confusion_matrix": "[[216   3   0  17]\n [118   6   0 112]\n [  0   0 119   0]\n [ 39 233   0 436]]"
    },
    "fold_2_3": {
      "load_data_time": 3.759997252,
      "training_time": 4.439495987,
      "prediction_time": 0.330777766,
      "accuracy_score": 0.3342776203966006,
      "f1_macro": 0.25,
      "confusion_matrix": "[[  0   0   0 235]\n [  0   0   0 235]\n [  0   0 236   0]\n [  0   0   0   0]]"
    },
    "fold_3_0": {
      "load_data_time": 6.535713752,
      "training_time": 7.539433108,
      "prediction_time": 0.220760419,
      "accuracy_score": 0.6464361326746648,
      "f1_macro": 0.6577263734867598,
      "confusion_matrix": "[[236   0   0   0]\n [  0   0   0 237]\n [  0   0 236   0]\n [  4 260   0 444]]"
    },
    "fold_3_1": {
      "load_data_time": 3.744740535,
      "training_time": 4.362725064,
      "prediction_time": 0.330445909,
      "accuracy_score": 0.503177966101695,
      "f1_macro": 0.41349455268292234,
      "confusion_matrix": "[[236   0   0   0]\n [ 32   0   0 204]\n [  0   0 236   0]\n [233   0   0   3]]"
    },
    "fold_3_2": {
      "load_data_time": 8.775328383,
      "training_time": 9.326425356,
      "prediction_time": 0.13905267,
      "accuracy_score": 0.6457304163726182,
      "f1_macro": 0.6127118816799775,
      "confusion_matrix": "[[226   0   0  10]\n [ 78   1   0 157]\n [  0   0 237   0]\n [ 50 207   0 451]]"
    },
    "fold_3_3": {
      "load_data_time": 6.46843981,
      "training_time": 7.64518059,
      "prediction_time": 0.194422413,
      "accuracy_score": 0.20203735144312393,
      "f1_macro": 0.25,
      "confusion_matrix": "[[  0   0   0 235]\n [  0   0   0 235]\n [  0   0 119   0]\n [  0   0   0   0]]"
    },
    "fold_4_0": {
      "load_data_time": 3.709361402,
      "training_time": 4.389164242,
      "prediction_time": 0.329571317,
      "accuracy_score": 0.42926239419588874,
      "f1_macro": 0.4118655692729767,
      "confusion_matrix": "[[236   0   0   0]\n [ 21   0   0 215]\n [  0   0 119   0]\n [236   0   0   0]]"
    },
    "fold_4_1": {
      "load_data_time": 3.706667883,
      "training_time": 4.397579057,
      "prediction_time": 0.330421566,
      "accuracy_score": 0.6471418489767113,
      "f1_macro": 0.6344065432064995,
      "confusion_matrix": "[[236   0   0   0]\n [  0   0   0 237]\n [  0   0 236   0]\n [ 54 209   0 445]]"
    },
    "fold_4_2": {
      "load_data_time": 8.723616548,
      "training_time": 9.222462111,
      "prediction_time": 0.166970951,
      "accuracy_score": 0.6497175141242938,
      "f1_macro": 0.5997734424303286,
      "confusion_matrix": "[[225   1   0  10]\n [119   2   0 115]\n [  0   0 236   0]\n [ 81 170   0 457]]"
    },
    "fold_4_3": {
      "load_data_time": 6.482743919,
      "training_time": 7.580234608,
      "prediction_time": 0.222581847,
      "accuracy_score": 0.3352192362093352,
      "f1_macro": 0.25,
      "confusion_matrix": "[[  0   0   0 235]\n [  0   0   0 235]\n [  0   0 237   0]\n [  0   0   0   0]]"
    },
    "fold_5_0": {
      "load_data_time": 3.730936503,
      "training_time": 4.469679347,
      "prediction_time": 0.303847299,
      "accuracy_score": 0.5005291005291005,
      "f1_macro": 0.4092442645074224,
      "confusion_matrix": "[[236   0   0   0]\n [ 33   0   0 203]\n [  0   0 237   0]\n [236   0   0   0]]"
    },
    "fold_5_1": {
      "load_data_time": 3.728442116,
      "training_time": 4.363552054,
      "prediction_time": 0.33044828,
      "accuracy_score": 0.5923076923076923,
      "f1_macro": 0.6525735294117647,
      "confusion_matrix": "[[236   0   0   0]\n [  0   0   0 237]\n [  0   0 119   0]\n [  0 293   0 415]]"
    },
    "fold_5_2": {
      "load_data_time": 8.872430875,
      "training_time": 9.341100391,
      "prediction_time": 0.166112782,
      "accuracy_score": 0.6278248587570622,
      "f1_macro": 0.6062163615335646,
      "confusion_matrix": "[[224   0   0  12]\n [107  10   0 119]\n [  0   0 236   0]\n [ 58 231   0 419]]"
    },
    "fold_5_3": {
      "load_data_time": 6.479993978,
      "training_time": 7.556108111,
      "prediction_time": 0.221774694,
      "accuracy_score": 0.3342776203966006,
      "f1_macro": 0.25,
      "confusion_matrix": "[[  0   0   0 235]\n [  0   0   0 235]\n [  0   0 236   0]\n [  0   0   0   0]]"
    },