{
  "experiment_name": "rauber_loca_et_al_setup",
  "feature_extraction": "WaveletFeatures",
  "classifier": "RandomForestClassifier",
  "augmentation": false,
  "start_time": "2026-05-02_02-59-08",
  "scores": {
    "fold_0_0": {
      "load_data_time": 0.039080127,
      "training_time": 1.417326313,
      "prediction_time": 0.220963236,
      "accuracy_score": 0.61,
      "f1_macro": 0.658351409978308,
      "confusion_matrix": "[[236   0   0   0]\n [  0   0   0 237]\n [  0   0 119   0]\n [  0 270   0 438]]"
    },
    "fold_0_1": {
      "load_data_time": 0.031334683,
      "training_time": 1.133065977,
      "prediction_time": 0.329016247,
      "accuracy_score": 0.4989406779661017,
      "f1_macro": 0.4027958387516255,
      "confusion_matrix": "[[235   0   0   1]\n [ 62   0   0 174]\n [  0   0 236   0]\n [236   0   0   0]]"
    },
    "fold_0_2": {
      "load_data_time": 0.043898136,
      "training_time": 1.457818393,
      "prediction_time": 0.163363225,
      "accuracy_score": 0.7655367231638418,
      "f1_macro": 0.8014948033178226,
      "confusion_matrix": "[[229   2   0   5]\n [  5 162   0  69]\n [  0   0 236   0]\n [  3 248   0 457]]"
    },
    "fold_0_3": {
      "load_data_time": 0.033462356,
      "training_time": 1.164169478,
      "prediction_time": 0.327604757,
      "accuracy_score": 0.3352192362093352,
      "f1_macro": 0.25,
      "confusion_matrix": "[[  0   0   0 235]\n [  0   0   0 235]\n [  0   0 237   0]\n [  0   0   0   0]]"
    },
    "fold_1_0": {
      "load_data_time": 0.040772071,
      "training_time": 1.414467649,
      "prediction_time": 0.191230742,
      "accuracy_score": 0.6424541607898449,
      "f1_macro": 0.658351409978308,
      "confusion_matrix": "[[236   0   0   0]\n [  0   0   0 237]\n [  0   0 237   0]\n [  0 270   0 438]]"
    },
    "fold_1_1": {
      "load_data_time": 0.033348558,
      "training_time": 1.133879643,
      "prediction_time": 0.325459994,
      "accuracy_score": 0.42926239419588874,
      "f1_macro": 0.4044502617801047,
      "confusion_matrix": "[[236   0   0   0]\n [ 56   0   0 180]\n [  0   0 119   0]\n [236   0   0   0]]"
    },
    "fold_1_2": {
      "load_data_time": 0.042651652,
      "training_time": 1.451289147,
      "prediction_time": 0.162502586,
      "accuracy_score": 0.7521186440677966,
      "f1_macro": 0.7949119960619243,
      "confusion_matrix": "[[232   0   0   4]\n [  6 165   0  65]\n [  0   0 236   0]\n [  1 275   0 432]]"
    },
    "fold_1_3": {
      "load_data_time": 0.032094596,
      "training_time": 1.160728844,
      "prediction_time": 0.325722282,
      "accuracy_score": 0.3342776203966006,
      "f1_macro": 0.25,
      "confusion_matrix": "[[  0   0   0 235]\n [  0   0   0 235]\n [  0   0 236   0]\n [  0   0   0   0]]"
    },
    "fold_2_0": {
      "load_data_time": 0.038643415,
      "training_time": 1.391748165,
      "prediction_time": 0.219032548,
      "accuracy_score": 0.6414961185603387,
      "f1_macro": 0.6581041968162084,
      "confusion_matrix": "[[236   0   0   0]\n [  0   0   0 237]\n [  0   0 236   0]\n [  0 271   0 437]]"
    },
    "fold_2_1": {
      "load_data_time": 0.035631579,
      "training_time": 1.158371371,
      "prediction_time": 0.298400143,
      "accuracy_score": 0.49947089947089945,
      "f1_macro": 0.4066666666666667,
      "confusion_matrix": "[[235   0   0   1]\n [ 43   0   0 193]\n [  0   0 237   0]\n [236   0   0   0]]"
    },
    "fold_2_2": {
      "load_data_time": 0.043889555,
      "training_time": 1.448640936,
      "prediction_time": 0.162520478,
      "accuracy_score": 0.7020785219399538,
      "f1_macro": 0.7577305443094917,
      "confusion_matrix": "[[231   0   0   5]\n [  5 103   0 128]\n [  0   0 119   0]\n [  3 246   0 459]]"
    },
    "fold_2_3": {
      "load_data_time": 0.033698353,
      "training_time": 1.161048137,
      "prediction_time": 0.325550969,
      "accuracy_score": 0.3371104815864023,
      "f1_macro": 0.2542194092827004,
      "confusion_matrix": "[[  0   0   0 235]\n [  0   2   0 233]\n [  0   0 236   0]\n [  0   0   0   0]]"
    },
    "fold_3_0": {
      "load_data_time": 0.03802009,
      "training_time": 1.381177924,
      "prediction_time": 0.21717423,
      "accuracy_score": 0.629498941425547,
      "f1_macro": 0.6538461538461539,
      "confusion_matrix": "[[236   0   0   0]\n [  0   0   0 237]\n [  0   0 236   0]\n [  0 288   0 420]]"
    },
    "fold_3_1": {
      "load_data_time": 0.033689647,
      "training_time": 1.120988502,
      "prediction_time": 0.324305052,
      "accuracy_score": 0.5,
      "f1_macro": 0.40384615384615385,
      "confusion_matrix": "[[236   0   0   0]\n [ 59   0   0 177]\n [  0   0 236   0]\n [236   0   0   0]]"
    },
    "fold_3_2": {
      "load_data_time": 0.045282307,
      "training_time": 1.480439379,
      "prediction_time": 0.13703662,
      "accuracy_score": 0.7381792519407199,
      "f1_macro": 0.7777106718545355,
      "confusion_matrix": "[[231   1   0   4]\n [  5 136   0  95]\n [  0   0 237   0]\n [  1 265   0 442]]"
    },
    "fold_3_3": {
      "load_data_time": 0.040712476,
      "training_time": 1.406504453,
      "prediction_time": 0.191596662,
      "accuracy_score": 0.20203735144312393,
      "f1_macro": 0.25,
      "confusion_matrix": "[[  0   0   0 235]\n [  0   0   0 235]\n [  0   0 119   0]\n [  0   0   0   0]]"
    },
    "fold_4_0": {
      "load_data_time": 0.033637957,
      "training_time": 1.147838722,
      "prediction_time": 0.324641209,
      "accuracy_score": 0.4280532043530834,
      "f1_macro": 0.4037958115183246,
      "confusion_matrix": "[[235   0   0   1]\n [ 57   0   0 179]\n [  0   0 119   0]\n [236   0   0   0]]"
    },
    "fold_4_1": {
      "load_data_time": 0.032901852,
      "training_time": 1.119941012,
      "prediction_time": 0.32356104,
      "accuracy_score": 0.644318983768525,
      "f1_macro": 0.6590909090909091,
      "confusion_matrix": "[[236   0   0   0]\n [  0   0   0 237]\n [  0   0 236   0]\n [  0 267   0 441]]"
    },
    "fold_4_2": {
      "load_data_time": 0.044283789,
      "training_time": 1.453045271,
      "prediction_time": 0.162785461,
      "accuracy_score": 0.7238700564971752,
      "f1_macro": 0.7559495943610987,
      "confusion_matrix": "[[232   1   0   3]\n [  6 102   0 128]\n [  0   0 236   0]\n [  2 251   0 455]]"
    },
    "fold_4_3": {
      "load_data_time": 0.038708176,
      "training_time": 1.379071687,
      "prediction_time": 0.218108272,
      "accuracy_score": 0.3352192362093352,
      "f1_macro": 0.25,
      "confusion_matrix": "[[  0   0   0 235]\n [  0   0   0 235]\n [  0   0 237   0]\n [  0   0   0   0]]"
    },
    "fold_5_0": {
      "load_data_time": 0.034740162,
      "training_time": 1.184148534,
      "prediction_time": 0.299314635,
      "accuracy_score": 0.49947089947089945,
      "f1_macro": 0.403997378768021,
      "confusion_matrix": "[[235   0   0   1]\n [ 56   0   0 180]\n [  0   0 237   0]\n [236   0   0   0]]"
    },
    "fold_5_1": {
      "load_data_time": 0.033592316,
      "training_time": 1.114871427,
      "prediction_time": 0.324349456,
      "accuracy_score": 0.6107692307692307,
      "f1_macro": 0.6585982658959537,
      "confusion_matrix": "[[236   0   0   0]\n [  0   0   0 237]\n [  0   0 119   0]\n [  0 269   0 439]]"
    },
    "fold_5_2": {
      "load_data_time": 0.043083203,
      "training_time": 1.447756788,
      "prediction_time": 0.1627353,
      "accuracy_score": 0.7365819209039548,
      "f1_macro": 0.7725552835591514,
      "confusion_matrix": "[[232   1   0   3]\n [  6 125   0 105]\n [  0   0 236   0]\n [  2 256   0 450]]"
    },
    "fold_5_3": {
      "load_data_time": 0.037708114,
      "training_time": 1.376860283,
      "prediction_time": 0.217745421,
      "accuracy_score": 0.3342776203966006,
      "f1_macro": 0.25,
      "confusion_matrix": "[[  0   0   0 235]\n [  0   0   0 235]\n [  0   0 236   0]\n [  0   0   0   0]]"
    },
    "fold_6_0": {
      "load_data_time": 0.033750081,