{
  "experiment_name": "rauber_de_fe_setup",
  "feature_extraction": "WaveletFeatures",
  "classifier": "RandomForestClassifier",
  "augmentation": true,
  "start_time": "2026-04-30_17-16-58",
  "scores": {
    "fold_0_0": {
      "load_data_time": 20.487603813,
      "training_time": 25.764999652,
      "prediction_time": 0.461592648,
      "accuracy_score": 0.49153194765204006,
      "f1_macro": 0.5224906103901602,
      "confusion_matrix": "[[468   1   0   2]\n [  0   6   0 467]\n [  0   0 238   0]\n [589 262   0 565]]"
    },
    "fold_0_1": {
      "load_data_time": 14.186029637,
      "training_time": 18.450919822,
      "prediction_time": 0.553138734,
      "accuracy_score": 0.6481766820749871,
      "f1_macro": 0.5707359714678211,
      "confusion_matrix": "[[438  22   0  12]\n [218   0   0 254]\n [  0   0 472   0]\n [179   0   0 352]]"
    },
    "fold_0_2": {
      "load_data_time": 29.804916715,
      "training_time": 37.207473891,
      "prediction_time": 0.218892215,
      "accuracy_score": 0.5089134125636672,
      "f1_macro": 0.4702017507956696,
      "confusion_matrix": "[[219   1   0 251]\n [225   1   0 246]\n [  0   0 472   0]\n [315 119   0 507]]"
    },
    "fold_0_3": {
      "load_data_time": 10.937017996,
      "training_time": 13.662420694,
      "prediction_time": 0.665890622,
      "accuracy_score": 0.5021186440677966,
      "f1_macro": 0.25,
      "confusion_matrix": "[[  0   0   0 235]\n [  0   0   0 235]\n [  0   0 474   0]\n [  0   0   0   0]]"
    },
    "fold_1_0": {
      "load_data_time": 20.497696469,
      "training_time": 25.35695752,
      "prediction_time": 0.398408898,
      "accuracy_score": 0.5296400846859562,
      "f1_macro": 0.5181660589867053,
      "confusion_matrix": "[[466   0   0   5]\n [  0   2   0 471]\n [  0   0 474   0]\n [588 269   0 559]]"
    },
    "fold_1_1": {
      "load_data_time": 14.021813226,
      "training_time": 18.259518002,
      "prediction_time": 0.549254115,
      "accuracy_score": 0.5779334500875657,
      "f1_macro": 0.5551076894450389,
      "confusion_matrix": "[[418  21   0  33]\n [208   0   0 264]\n [  0   0 238   0]\n [197   0   0 334]]"
    },
    "fold_1_2": {
      "load_data_time": 29.41519601,
      "training_time": 37.001734726,
      "prediction_time": 0.216992387,
      "accuracy_score": 0.4961799660441426,
      "f1_macro": 0.4607360652222619,
      "confusion_matrix": "[[201   1   0 269]\n [226   1   0 245]\n [  0   0 472   0]\n [313 133   0 495]]"
    },
    "fold_1_3": {
      "load_data_time": 10.675947477,
      "training_time": 13.604037813,
      "prediction_time": 0.657800322,
      "accuracy_score": 0.5010615711252654,
      "f1_macro": 0.25,
      "confusion_matrix": "[[  0   0   0 235]\n [  0   0   0 235]\n [  0   0 472   0]\n [  0   0   0   0]]"
    },
    "fold_2_0": {
      "load_data_time": 19.904500164,
      "training_time": 25.145633628,
      "prediction_time": 0.450916139,
      "accuracy_score": 0.5504943502824858,
      "f1_macro": 0.540855823990083,
      "confusion_matrix": "[[468   1   0   2]\n [  3  20   0 450]\n [  0   0 472   0]\n [556 261   0 599]]"
    },
    "fold_2_1": {
      "load_data_time": 13.91576182,
      "training_time": 18.341234721,
      "prediction_time": 0.488142942,
      "accuracy_score": 0.6182657773217034,
      "f1_macro": 0.5498390570637381,
      "confusion_matrix": "[[395  44   0  33]\n [203   0   0 269]\n [  0   0 474   0]\n [195   0   0 336]]"
    },
    "fold_2_2": {
      "load_data_time": 29.446310419,
      "training_time": 37.073808214,
      "prediction_time": 0.217997272,
      "accuracy_score": 0.43920829406220546,
      "f1_macro": 0.46109470119952445,
      "confusion_matrix": "[[212   3   0 256]\n [196   0   0 276]\n [  0   0 238   0]\n [328 131   0 482]]"
    },
    "fold_2_3": {
      "load_data_time": 10.707203744,
      "training_time": 13.675246165,
      "prediction_time": 0.65478568,
      "accuracy_score": 0.5010615711252654,
      "f1_macro": 0.25,
      "confusion_matrix": "[[  0   0   0 235]\n [  0   0   0 235]\n [  0   0 472   0]\n [  0   0   0   0]]"
    },
    "fold_3_0": {
      "load_data_time": 19.829746992,
      "training_time": 25.153319675,
      "prediction_time": 0.450041497,
      "accuracy_score": 0.5582627118644068,
      "f1_macro": 0.5401156271807791,
      "confusion_matrix": "[[470   0   0   1]\n [  0   6   0 467]\n [  0   0 472   0]\n [525 258   0 633]]"
    },
    "fold_3_1": {
      "load_data_time": 13.784696009,
      "training_time": 18.34860482,
      "prediction_time": 0.544482852,
      "accuracy_score": 0.6312275295326143,
      "f1_macro": 0.5589310843954807,
      "confusion_matrix": "[[409  31   0  32]\n [228   0   0 244]\n [  0   0 472   0]\n [183   0   0 348]]"
    },
    "fold_3_2": {
      "load_data_time": 29.430968058,
      "training_time": 37.1129389,
      "prediction_time": 0.164429257,
      "accuracy_score": 0.47285835453774383,
      "f1_macro": 0.4523955208043892,
      "confusion_matrix": "[[242   0   0 229]\n [222   3   0 247]\n [  0   0 474   0]\n [398 147   0 396]]"
    },
    "fold_3_3": {
      "load_data_time": 19.848083966,
      "training_time": 25.210669141,
      "prediction_time": 0.397126151,
      "accuracy_score": 0.3361581920903955,
      "f1_macro": 0.25,
      "confusion_matrix": "[[  0   0   0 235]\n [  0   0   0 235]\n [  0   0 238   0]\n [  0   0   0   0]]"
    },
    "fold_4_0": {
      "load_data_time": 10.839893848,
      "training_time": 13.650553121,
      "prediction_time": 0.651705503,
      "accuracy_score": 0.5808523058960887,
      "f1_macro": 0.5571457019581812,
      "confusion_matrix": "[[414  18   0  40]\n [236   0   0 236]\n [  0   0 238   0]\n [188   0   0 343]]"
    },
    "fold_4_1": {
      "load_data_time": 13.939851725,
      "training_time": 18.332033386,
      "prediction_time": 0.541939875,
      "accuracy_score": 0.534957627118644,
      "f1_macro": 0.5241481013974734,
      "confusion_matrix": "[[469   0   0   2]\n [  0   4   0 469]\n [  0   0 472   0]\n [568 278   0 570]]"
    },
    "fold_4_2": {
      "load_data_time": 29.445445736,
      "training_time": 37.139318259,
      "prediction_time": 0.218286183,
      "accuracy_score": 0.50169779286927,
      "f1_macro": 0.46500885704126194,
      "confusion_matrix": "[[212   3   0 256]\n [227   2   0 243]\n [  0   0 472   0]\n [334 111   0 496]]"
    },
    "fold_4_3": {
      "load_data_time": 19.789539457,
      "training_time": 25.276288378,
      "prediction_time": 0.449728029,
      "accuracy_score": 0.559322033898305,
      "f1_macro": 0.34342560553633217,
      "confusion_matrix": "[[  0   0   0 235]\n [  0  54   0 181]\n [  0   0 474   0]\n [  0   0   0   0]]"
    },
    "fold_5_0": {
      "load_data_time": 10.73664185,
      "training_time": 13.772049675,
      "prediction_time": 0.59977455,
      "accuracy_score": 0.6126218573627501,
      "f1_macro": 0.5422524833023921,
      "confusion_matrix": "[[403  23   0  46]\n [223   0   0 249]\n [  0   0 474   0]\n [214   0   0 317]]"
    },
    "fold_5_1": {
      "load_data_time": 13.967972878,
      "training_time": 18.420581527,
      "prediction_time": 0.543490519,
      "accuracy_score": 0.5157813702848345,
      "f1_macro": 0.5317820934002054,
      "confusion_matrix": "[[471   0   0   0]\n [  0   1   0 472]\n [  0   0 238   0]\n [568 218   0 630]]"
    },
    "fold_5_2": {
      "load_data_time": 29.321140209,
      "training_time": 37.086757344,
      "prediction_time": 0.217546515,
      "accuracy_score": 0.5131578947368421,
      "f1_macro": 0.4744699868876028,
      "confusion_matrix": "[[219   4   0 248]\n [222   2   0 248]\n [  0   0 472   0]\n [295 130   0 516]]"
    },
    "fold_5_3": {
      "load_data_time": 20.183873059,
      "training_time": 25.043214196,
      "prediction_time": 0.450148322,
      "accuracy_score": 0.5010615711252654,
      "f1_macro": 0.25,
      "confusion_matrix": "[[  0   0   0 235]\n [  0   0   0 235]\n [  0   0 472   0]\n [  0   0   0   0]]"
    },