{
  "experiment_name": "rauber_loca_et_al_setup",
  "feature_extraction": "WaveletFeatures",
  "classifier": "RandomForestClassifier",
  "augmentation": true,
  "start_time": "2026-05-01_10-41-46",
  "scores": {
    "fold_0_0": {
      "load_data_time": 6.542497793,
      "training_time": 7.619935864,
      "prediction_time": 0.220199715,
      "accuracy_score": 0.6169230769230769,
      "f1_macro": 0.6584595044914517,
      "confusion_matrix": "[[236   0   0   0]\n [  0   0   0 237]\n [  0   0 119   0]\n [  4 257   0 447]]"
    },
    "fold_0_1": {
      "load_data_time": 3.750024851,
      "training_time": 4.356478293,
      "prediction_time": 0.330019225,
      "accuracy_score": 0.503177966101695,
      "f1_macro": 0.4162728990985751,
      "confusion_matrix": "[[236   0   0   0]\n [ 19   0   0 217]\n [  0   0 236   0]\n [233   0   0   3]]"
    },
    "fold_0_2": {
      "load_data_time": 8.698243922,
      "training_time": 9.256386462,
      "prediction_time": 0.163595626,
      "accuracy_score": 0.6588983050847458,
      "f1_macro": 0.6203715140535793,
      "confusion_matrix": "[[229   1   0   6]\n [128  24   0  84]\n [  0   0 236   0]\n [111 153   0 444]]"
    },
    "fold_0_3": {
      "load_data_time": 3.761843992,
      "training_time": 4.333744532,
      "prediction_time": 0.329151889,
      "accuracy_score": 0.33946251768033947,
      "f1_macro": 0.25630252100840334,
      "confusion_matrix": "[[  0   0   0 235]\n [  0   3   0 232]\n [  0   0 237   0]\n [  0   0   0   0]]"
    },
    "fold_1_0": {
      "load_data_time": 6.565859317,
      "training_time": 7.508763354,
      "prediction_time": 0.191425616,
      "accuracy_score": 0.6488011283497884,
      "f1_macro": 0.6600318036013706,
      "confusion_matrix": "[[236   0   0   0]\n [  0   0   0 237]\n [  0   0 237   0]\n [  1 260   0 447]]"
    },
    "fold_1_1": {
      "load_data_time": 3.761773603,
      "training_time": 4.32862737,
      "prediction_time": 0.326955651,
      "accuracy_score": 0.42926239419588874,
      "f1_macro": 0.41164383561643836,
      "confusion_matrix": "[[236   0   0   0]\n [ 22   0   0 214]\n [  0   0 119   0]\n [236   0   0   0]]"
    },
    "fold_1_2": {
      "load_data_time": 8.828510509,
      "training_time": 9.175150561,
      "prediction_time": 0.163866327,
      "accuracy_score": 0.6370056497175142,
      "f1_macro": 0.6015685480576956,
      "confusion_matrix": "[[194   1   0  41]\n [ 87  10   0 139]\n [  0   0 236   0]\n [ 57 189   0 462]]"
    },
    "fold_1_3": {
      "load_data_time": 3.732689765,
      "training_time": 4.338104496,
      "prediction_time": 0.32610359,
      "accuracy_score": 0.3342776203966006,
      "f1_macro": 0.25,
      "confusion_matrix": "[[  0   0   0 235]\n [  0   0   0 235]\n [  0   0 236   0]\n [  0   0   0   0]]"
    },
    "fold_2_0": {
      "load_data_time": 6.436858932,
      "training_time": 7.516467818,
      "prediction_time": 0.218942877,
      "accuracy_score": 0.6414961185603387,
      "f1_macro": 0.6581041968162084,
      "confusion_matrix": "[[236   0   0   0]\n [  0   0   0 237]\n [  0   0 236   0]\n [  0 271   0 437]]"
    },
    "fold_2_1": {
      "load_data_time": 3.690699242,
      "training_time": 4.375596428,
      "prediction_time": 0.299426203,
      "accuracy_score": 0.5047619047619047,
      "f1_macro": 0.41780171527416565,
      "confusion_matrix": "[[236   0   0   0]\n [ 18   0   0 218]\n [  0   0 237   0]\n [232   0   0   4]]"
    },
    "fold_2_2": {
      "load_data_time": 8.680469647,
      "training_time": 9.226788618,
      "prediction_time": 0.163137581,
      "accuracy_score": 0.6173979984603541,
      "f1_macro": 0.5850449154504782,
      "confusion_matrix": "[[220   0   0  16]\n [122   1   0 113]\n [  0   0 119   0]\n [128 118   0 462]]"
    },
    "fold_2_3": {
      "load_data_time": 3.714892758,
      "training_time": 4.351980435,
      "prediction_time": 0.327119121,
      "accuracy_score": 0.3342776203966006,
      "f1_macro": 0.25,
      "confusion_matrix": "[[  0   0   0 235]\n [  0   0   0 235]\n [  0   0 236   0]\n [  0   0   0   0]]"
    },
    "fold_3_0": {
      "load_data_time": 6.401139977,
      "training_time": 7.445266277,
      "prediction_time": 0.218315598,
      "accuracy_score": 0.6316160903316866,
      "f1_macro": 0.6530263157894738,
      "confusion_matrix": "[[236   0   0   0]\n [  0   0   0 237]\n [  0   0 236   0]\n [  3 282   0 423]]"
    },
    "fold_3_1": {
      "load_data_time": 3.66048174,
      "training_time": 4.347737818,
      "prediction_time": 0.327829088,
      "accuracy_score": 0.5,
      "f1_macro": 0.41253443526170797,
      "confusion_matrix": "[[236   0   0   0]\n [ 18   0   0 218]\n [  0   0 236   0]\n [236   0   0   0]]"
    },
    "fold_3_2": {
      "load_data_time": 8.588269087,
      "training_time": 9.150700429,
      "prediction_time": 0.137304197,
      "accuracy_score": 0.6414961185603387,
      "f1_macro": 0.6071655864468872,
      "confusion_matrix": "[[205   1   0  30]\n [ 98   6   0 132]\n [  0   0 237   0]\n [ 39 208   0 461]]"
    },
    "fold_3_3": {
      "load_data_time": 6.3707922,
      "training_time": 7.492925878,
      "prediction_time": 0.192268988,
      "accuracy_score": 0.2037351443123939,
      "f1_macro": 0.2521186440677966,
      "confusion_matrix": "[[  0   0   0 235]\n [  0   1   0 234]\n [  0   0 119   0]\n [  0   0   0   0]]"
    },
    "fold_4_0": {
      "load_data_time": 3.689018891,
      "training_time": 4.334526849,
      "prediction_time": 0.326650371,
      "accuracy_score": 0.43409915356711004,
      "f1_macro": 0.41801887961225487,
      "confusion_matrix": "[[236   0   0   0]\n [ 17   0   0 219]\n [  0   0 119   0]\n [232   0   0   4]]"
    },
    "fold_4_1": {
      "load_data_time": 3.644579066,
      "training_time": 4.306221586,
      "prediction_time": 0.325924937,
      "accuracy_score": 0.6464361326746648,
      "f1_macro": 0.6598272138228942,
      "confusion_matrix": "[[236   0   0   0]\n [  0   0   0 237]\n [  0   0 236   0]\n [  0 264   0 444]]"
    },
    "fold_4_2": {
      "load_data_time": 8.686380808,
      "training_time": 9.166338781,
      "prediction_time": 0.163431366,
      "accuracy_score": 0.6391242937853108,
      "f1_macro": 0.60000548006563,
      "confusion_matrix": "[[194   0   0  42]\n [110  21   0 105]\n [  0   0 236   0]\n [103 151   0 454]]"
    },
    "fold_4_3": {
      "load_data_time": 6.589769479,
      "training_time": 7.513799724,
      "prediction_time": 0.219944641,
      "accuracy_score": 0.3352192362093352,
      "f1_macro": 0.25,
      "confusion_matrix": "[[  0   0   0 235]\n [  0   0   0 235]\n [  0   0 237   0]\n [  0   0   0   0]]"
    },
    "fold_5_0": {
      "load_data_time": 3.777824381,
      "training_time": 4.403105785,
      "prediction_time": 0.300301566,
      "accuracy_score": 0.5005291005291005,
      "f1_macro": 0.4132088520055325,
      "confusion_matrix": "[[236   0   0   0]\n [ 15   0   0 221]\n [  0   0 237   0]\n [236   0   0   0]]"
    },
    "fold_5_1": {
      "load_data_time": 3.745758402,
      "training_time": 4.314967739,
      "prediction_time": 0.325649414,
      "accuracy_score": 0.6046153846153847,
      "f1_macro": 0.6560848308668076,
      "confusion_matrix": "[[236   0   0   0]\n [  0   0   0 237]\n [  0   0 119   0]\n [  1 276   0 431]]"
    },
    "fold_5_2": {
      "load_data_time": 8.827085996,
      "training_time": 9.192403169,
      "prediction_time": 0.163992536,
      "accuracy_score": 0.6426553672316384,
      "f1_macro": 0.597896902033787,
      "confusion_matrix": "[[203   0   0  33]\n [100   9   0 127]\n [  0   0 236   0]\n [ 83 163   0 462]]"
    },
    "fold_5_3": {
      "load_data_time": 6.447067075,
      "training_time": 7.498812136,
      "prediction_time": 0.218797401,
      "accuracy_score": 0.3342776203966006,
      "f1_macro": 0.25,
      "confusion_matrix": "[[  0   0   0 235]\n [  0   0   0 235]\n [  0   0 236   0]\n [  0   0   0   0]]"
    },