{
  "experiment_name": "rauber_de_fe_setup",
  "feature_extraction": "WaveletFeatures",
  "classifier": "RandomForestClassifier",
  "augmentation": false,
  "start_time": "2026-05-01_02-51-40",
  "scores": {
    "fold_0_0": {
      "load_data_time": 0.066473335,
      "training_time": 2.718069886,
      "prediction_time": 0.461864501,
      "accuracy_score": 0.6008468052347959,
      "f1_macro": 0.6100555609721053,
      "confusion_matrix": "[[461   9   0   1]\n [  0   0   0 473]\n [  0   0 238   0]\n [201 353   0 862]]"
    },
    "fold_0_1": {
      "load_data_time": 0.058721425,
      "training_time": 2.42607339,
      "prediction_time": 0.556174858,
      "accuracy_score": 0.618387262455059,
      "f1_macro": 0.5487343931591124,
      "confusion_matrix": "[[428  25   0  19]\n [102   0   0 370]\n [  0   0 472   0]\n [224   3   0 304]]"
    },
    "fold_0_2": {
      "load_data_time": 0.081920087,
      "training_time": 3.170918427,
      "prediction_time": 0.217953174,
      "accuracy_score": 0.6540747028862479,
      "f1_macro": 0.6210016471739099,
      "confusion_matrix": "[[339   7   0 125]\n [  6   3   0 463]\n [  0   0 472   0]\n [  0 214   0 727]]"
    },
    "fold_0_3": {
      "load_data_time": 0.055575509,
      "training_time": 2.223548747,
      "prediction_time": 0.665484289,
      "accuracy_score": 0.5233050847457628,
      "f1_macro": 0.2892156862745098,
      "confusion_matrix": "[[  0   0   0 235]\n [  0  20   0 215]\n [  0   0 474   0]\n [  0   0   0   0]]"
    },
    "fold_1_0": {
      "load_data_time": 0.070116896,
      "training_time": 2.753529835,
      "prediction_time": 0.400487881,
      "accuracy_score": 0.6217360621030346,
      "f1_macro": 0.6049273457218296,
      "confusion_matrix": "[[462   9   0   0]\n [  0   0   0 473]\n [  0   0 474   0]\n [206 384   0 826]]"
    },
    "fold_1_1": {
      "load_data_time": 0.062594583,
      "training_time": 2.440438,
      "prediction_time": 0.549528098,
      "accuracy_score": 0.5440747227086982,
      "f1_macro": 0.5339428167337502,
      "confusion_matrix": "[[406  20   0  46]\n [ 96   0   0 376]\n [  0   0 238   0]\n [235   8   0 288]]"
    },
    "fold_1_2": {
      "load_data_time": 0.07915804,
      "training_time": 3.159472193,
      "prediction_time": 0.218193644,
      "accuracy_score": 0.5988964346349746,
      "f1_macro": 0.6114256820288921,
      "confusion_matrix": "[[368   5   0  98]\n [  3  12   0 457]\n [  0   0 472   0]\n [  0 382   0 559]]"
    },
    "fold_1_3": {
      "load_data_time": 0.05499714,
      "training_time": 2.219190126,
      "prediction_time": 0.658564822,
      "accuracy_score": 0.5063694267515924,
      "f1_macro": 0.2604166666666667,
      "confusion_matrix": "[[  0   0   0 235]\n [  0   5   0 230]\n [  0   0 472   0]\n [  0   0   0   0]]"
    },
    "fold_2_0": {
      "load_data_time": 0.067929537,
      "training_time": 2.680561498,
      "prediction_time": 0.450335668,
      "accuracy_score": 0.628177966101695,
      "f1_macro": 0.6112512073871093,
      "confusion_matrix": "[[460  11   0   0]\n [  0   0   0 473]\n [  0   0 472   0]\n [183 386   0 847]]"
    },
    "fold_2_1": {
      "load_data_time": 0.065005891,
      "training_time": 2.471222229,
      "prediction_time": 0.490381098,
      "accuracy_score": 0.6069779374037968,
      "f1_macro": 0.5404007071894243,
      "confusion_matrix": "[[417  30   0  25]\n [ 91   0   0 381]\n [  0   0 474   0]\n [235   4   0 292]]"
    },
    "fold_2_2": {
      "load_data_time": 0.081562581,
      "training_time": 3.159348501,
      "prediction_time": 0.217898368,
      "accuracy_score": 0.5678605089538171,
      "f1_macro": 0.6080467477929503,
      "confusion_matrix": "[[349   7   0 115]\n [  7   5   0 460]\n [  0   0 238   0]\n [  0 328   0 613]]"
    },
    "fold_2_3": {
      "load_data_time": 0.057781653,
      "training_time": 2.214288225,
      "prediction_time": 0.654150947,
      "accuracy_score": 0.5498938428874734,
      "f1_macro": 0.3318505338078292,
      "confusion_matrix": "[[  0   0   0 235]\n [  0  46   0 189]\n [  0   0 472   0]\n [  0   0   0   0]]"
    },
    "fold_3_0": {
      "load_data_time": 0.066318392,
      "training_time": 2.683479247,
      "prediction_time": 0.451739565,
      "accuracy_score": 0.6087570621468926,
      "f1_macro": 0.5846991643050774,
      "confusion_matrix": "[[465   6   0   0]\n [  0   0   0 473]\n [  0   0 472   0]\n [303 326   0 787]]"
    },
    "fold_3_1": {
      "load_data_time": 0.063238104,
      "training_time": 2.41324462,
      "prediction_time": 0.54457725,
      "accuracy_score": 0.5993836671802774,
      "f1_macro": 0.5362099938256517,
      "confusion_matrix": "[[400  36   0  36]\n [ 87   0   0 385]\n [  0   0 472   0]\n [232   4   0 295]]"
    },
    "fold_3_2": {
      "load_data_time": 0.083943388,
      "training_time": 3.219087272,
      "prediction_time": 0.165078932,
      "accuracy_score": 0.6535199321458863,
      "f1_macro": 0.6234593489994757,
      "confusion_matrix": "[[351  10   0 110]\n [  3   1   0 468]\n [  0   0 474   0]\n [  0 226   0 715]]"
    },
    "fold_3_3": {
      "load_data_time": 0.07021604,
      "training_time": 2.74066166,
      "prediction_time": 0.397416573,
      "accuracy_score": 0.384180790960452,
      "f1_macro": 0.3131970260223048,
      "confusion_matrix": "[[  0   0   0 235]\n [  0  34   0 201]\n [  0   0 238   0]\n [  0   0   0   0]]"
    },
    "fold_4_0": {
      "load_data_time": 0.057773253,
      "training_time": 2.190655313,
      "prediction_time": 0.652787959,
      "accuracy_score": 0.5528312901342674,
      "f1_macro": 0.539586870401811,
      "confusion_matrix": "[[417  29   0  26]\n [112   0   0 360]\n [  0   0 238   0]\n [234   5   0 292]]"
    },
    "fold_4_1": {
      "load_data_time": 0.060674847,
      "training_time": 2.419391083,
      "prediction_time": 0.543869216,
      "accuracy_score": 0.6302966101694916,
      "f1_macro": 0.6019841481457596,
      "confusion_matrix": "[[464   7   0   0]\n [  0   0   0 473]\n [  0   0 472   0]\n [243 324   0 849]]"
    },
    "fold_4_2": {
      "load_data_time": 0.081731133,
      "training_time": 3.205176183,
      "prediction_time": 0.218089089,
      "accuracy_score": 0.633276740237691,
      "f1_macro": 0.6183561202108212,
      "confusion_matrix": "[[364   6   0 101]\n [  4   0   0 468]\n [  0   0 472   0]\n [  0 285   0 656]]"
    },
    "fold_4_3": {
      "load_data_time": 0.067917161,
      "training_time": 2.661362515,
      "prediction_time": 0.451596508,
      "accuracy_score": 0.510593220338983,
      "f1_macro": 0.2664609053497942,
      "confusion_matrix": "[[  0   0   0 235]\n [  0   8   0 227]\n [  0   0 474   0]\n [  0   0   0   0]]"
    },
    "fold_5_0": {
      "load_data_time": 0.06005741,
      "training_time": 2.282215418,
      "prediction_time": 0.599362111,
      "accuracy_score": 0.5956900974858902,
      "f1_macro": 0.5311505553712366,
      "confusion_matrix": "[[399  23   0  50]\n [104   0   0 368]\n [  0   0 474   0]\n [236   7   0 288]]"
    },
    "fold_5_1": {
      "load_data_time": 0.063079509,
      "training_time": 2.411037807,
      "prediction_time": 0.542776338,
      "accuracy_score": 0.596612779060816,
      "f1_macro": 0.5989014353598198,
      "confusion_matrix": "[[462   8   0   1]\n [  0   0   0 473]\n [  0   0 238   0]\n [259 307   0 850]]"
    },
    "fold_5_2": {
      "load_data_time": 0.079809316,
      "training_time": 3.143457001,
      "prediction_time": 0.219303768,
      "accuracy_score": 0.6413412563667232,
      "f1_macro": 0.6193226542201224,
      "confusion_matrix": "[[348  14   0 109]\n [ 15   6   0 451]\n [  0   0 472   0]\n [  0 256   0 685]]"
    },
    "fold_5_3": {
      "load_data_time": 0.065899113,
      "training_time": 2.677145347,
      "prediction_time": 0.451571241,
      "accuracy_score": 0.5966029723991507,
      "f1_macro": 0.38846153846153847,