{
  "experiment_name": "rauber_loca_et_al_setup",
  "feature_extraction": "WaveletFeatures",
  "classifier": "RandomForestClassifier",
  "augmentation": true,
  "start_time": "2026-05-01_21-48-28",
  "scores": {
    "fold_0_0": {
      "load_data_time": 6.560508637,
      "training_time": 7.711877594,
      "prediction_time": 0.229342396,
      "accuracy_score": 0.5953846153846154,
      "f1_macro": 0.6535923753665689,
      "confusion_matrix": "[[236   0   0   0]\n [  0   0   0 237]\n [  0   0 119   0]\n [  0 289   0 419]]"
    },
    "fold_0_1": {
      "load_data_time": 3.772417724,
      "training_time": 4.431903239,
      "prediction_time": 0.340064191,
      "accuracy_score": 0.5,
      "f1_macro": 0.41208791208791207,
      "confusion_matrix": "[[236   0   0   0]\n [ 20   0   0 216]\n [  0   0 236   0]\n [236   0   0   0]]"
    },
    "fold_0_2": {
      "load_data_time": 8.714364666,
      "training_time": 9.518128701,
      "prediction_time": 0.167828517,
      "accuracy_score": 0.6101694915254238,
      "f1_macro": 0.5551380294284766,
      "confusion_matrix": "[[200   1   0  35]\n [134   4   0  98]\n [  0   0 236   0]\n [190  94   0 424]]"
    },
    "fold_0_3": {
      "load_data_time": 3.715015757,
      "training_time": 4.449844855,
      "prediction_time": 0.336694704,
      "accuracy_score": 0.3352192362093352,
      "f1_macro": 0.25,
      "confusion_matrix": "[[  0   0   0 235]\n [  0   0   0 235]\n [  0   0 237   0]\n [  0   0   0   0]]"
    },
    "fold_1_0": {
      "load_data_time": 6.535867083,
      "training_time": 7.674797937,
      "prediction_time": 0.197528948,
      "accuracy_score": 0.6318758815232722,
      "f1_macro": 0.6540767219316791,
      "confusion_matrix": "[[236   0   0   0]\n [  0   0   0 237]\n [  0   0 237   0]\n [  1 284   0 423]]"
    },
    "fold_1_1": {
      "load_data_time": 3.706289113,
      "training_time": 4.467633365,
      "prediction_time": 0.334697564,
      "accuracy_score": 0.4316807738814994,
      "f1_macro": 0.41279140869831077,
      "confusion_matrix": "[[236   0   0   0]\n [ 29   0   0 207]\n [  0   0 119   0]\n [234   0   0   2]]"
    },
    "fold_1_2": {
      "load_data_time": 8.906291407,
      "training_time": 9.303364153,
      "prediction_time": 0.168096949,
      "accuracy_score": 0.6497175141242938,
      "f1_macro": 0.6190887627859221,
      "confusion_matrix": "[[206   2   0  28]\n [119  23   0  94]\n [  0   0 236   0]\n [ 56 197   0 455]]"
    },
    "fold_1_3": {
      "load_data_time": 3.77860209,
      "training_time": 4.458230204,
      "prediction_time": 0.335563931,
      "accuracy_score": 0.3342776203966006,
      "f1_macro": 0.25,
      "confusion_matrix": "[[  0   0   0 235]\n [  0   0   0 235]\n [  0   0 236   0]\n [  0   0   0   0]]"
    },
    "fold_2_0": {
      "load_data_time": 6.458972292,
      "training_time": 7.644678392,
      "prediction_time": 0.225050335,
      "accuracy_score": 0.647847565278758,
      "f1_macro": 0.6597877779686082,
      "confusion_matrix": "[[236   0   0   0]\n [  0   0   0 237]\n [  0   0 236   0]\n [  1 261   0 446]]"
    },
    "fold_2_1": {
      "load_data_time": 3.676268597,
      "training_time": 4.440160344,
      "prediction_time": 0.307110132,
      "accuracy_score": 0.5015873015873016,
      "f1_macro": 0.41407991664243476,
      "confusion_matrix": "[[236   0   0   0]\n [ 17   0   0 219]\n [  0   0 237   0]\n [235   0   0   1]]"
    },
    "fold_2_2": {
      "load_data_time": 8.774984079,
      "training_time": 9.323448813,
      "prediction_time": 0.168692307,
      "accuracy_score": 0.6227867590454196,
      "f1_macro": 0.6117856629623685,
      "confusion_matrix": "[[230   0   0   6]\n [132   4   0 100]\n [  0   0 119   0]\n [ 49 203   0 456]]"
    },
    "fold_2_3": {
      "load_data_time": 3.714797777,
      "training_time": 4.437485042,
      "prediction_time": 0.336197784,
      "accuracy_score": 0.3356940509915014,
      "f1_macro": 0.2521186440677966,
      "confusion_matrix": "[[  0   0   0 235]\n [  0   1   0 234]\n [  0   0 236   0]\n [  0   0   0   0]]"
    },
    "fold_3_0": {
      "load_data_time": 6.437054192,
      "training_time": 7.660164773,
      "prediction_time": 0.225431503,
      "accuracy_score": 0.6464361326746648,
      "f1_macro": 0.6598272138228942,
      "confusion_matrix": "[[236   0   0   0]\n [  0   0   0 237]\n [  0   0 236   0]\n [  0 264   0 444]]"
    },
    "fold_3_1": {
      "load_data_time": 3.76529607,
      "training_time": 4.452965427,
      "prediction_time": 0.335283929,
      "accuracy_score": 0.5,
      "f1_macro": 0.4052631578947369,
      "confusion_matrix": "[[236   0   0   0]\n [ 52   0   0 184]\n [  0   0 236   0]\n [236   0   0   0]]"
    },
    "fold_3_2": {
      "load_data_time": 8.966858909,
      "training_time": 9.409834762,
      "prediction_time": 0.141940316,
      "accuracy_score": 0.5624558927311221,
      "f1_macro": 0.541305684022094,
      "confusion_matrix": "[[212   2   0  22]\n [123   6   0 107]\n [  0   0 237   0]\n [191 175   0 342]]"
    },
    "fold_3_3": {
      "load_data_time": 6.522629985,
      "training_time": 7.774332377,
      "prediction_time": 0.197779056,
      "accuracy_score": 0.20203735144312393,
      "f1_macro": 0.25,
      "confusion_matrix": "[[  0   0   0 235]\n [  0   0   0 235]\n [  0   0 119   0]\n [  0   0   0   0]]"
    },
    "fold_4_0": {
      "load_data_time": 3.851083655,
      "training_time": 4.444814819,
      "prediction_time": 0.336711351,
      "accuracy_score": 0.42926239419588874,
      "f1_macro": 0.41032608695652173,
      "confusion_matrix": "[[236   0   0   0]\n [ 28   0   0 208]\n [  0   0 119   0]\n [236   0   0   0]]"
    },
    "fold_4_1": {
      "load_data_time": 3.766999474,
      "training_time": 4.41679851,
      "prediction_time": 0.334301429,
      "accuracy_score": 0.6549047282992237,
      "f1_macro": 0.6622123581313861,
      "confusion_matrix": "[[236   0   0   0]\n [  0   0   0 237]\n [  0   0 236   0]\n [  1 251   0 456]]"
    },
    "fold_4_2": {
      "load_data_time": 8.913656085,
      "training_time": 9.318581549,
      "prediction_time": 0.169094072,
      "accuracy_score": 0.6285310734463276,
      "f1_macro": 0.5876071722275874,
      "confusion_matrix": "[[187   1   0  48]\n [101   4   0 131]\n [  0   0 236   0]\n [ 55 190   0 463]]"
    },
    "fold_4_3": {
      "load_data_time": 6.627868959,
      "training_time": 7.662342319,
      "prediction_time": 0.224571553,
      "accuracy_score": 0.3352192362093352,
      "f1_macro": 0.25,
      "confusion_matrix": "[[  0   0   0 235]\n [  0   0   0 235]\n [  0   0 237   0]\n [  0   0   0   0]]"
    },
    "fold_5_0": {
      "load_data_time": 3.766550562,
      "training_time": 4.505181685,
      "prediction_time": 0.307888047,
      "accuracy_score": 0.5015873015873016,
      "f1_macro": 0.41297421672308754,
      "confusion_matrix": "[[236   0   0   0]\n [ 22   0   0 214]\n [  0   0 237   0]\n [235   0   0   1]]"
    },
    "fold_5_1": {
      "load_data_time": 3.699838408,
      "training_time": 4.420229545,
      "prediction_time": 0.334762108,
      "accuracy_score": 0.5953846153846154,
      "f1_macro": 0.6489146206888142,
      "confusion_matrix": "[[236   0   0   0]\n [  0   0   0 237]\n [  0   0 119   0]\n [  9 280   0 419]]"
    },
    "fold_5_2": {
      "load_data_time": 8.838872725,
      "training_time": 9.373567956,
      "prediction_time": 0.168266682,
      "accuracy_score": 0.6603107344632768,
      "f1_macro": 0.6104150873459486,
      "confusion_matrix": "[[228   0   0   8]\n [116   8   0 112]\n [  0   0 236   0]\n [ 86 159   0 463]]"
    },
    "fold_5_3": {
      "load_data_time": 6.525957976,
      "training_time": 7.663120911,
      "prediction_time": 0.224496832,
      "accuracy_score": 0.3342776203966006,
      "f1_macro": 0.25,
      "confusion_matrix": "[[  0   0   0 235]\n [  0   0   0 235]\n [  0   0 236   0]\n [  0   0   0   0]]"
    },
    "fold_6_0": {
      "load_data_time": 3.786662796,