{
  "experiment_name": "rauber_de_fe_setup",
  "feature_extraction": "WaveletFeatures",
  "classifier": "RandomForestClassifier",
  "augmentation": true,
  "start_time": "2026-05-01_16-56-59",
  "scores": {
    "fold_0_0": {
      "load_data_time": 20.486892631,
      "training_time": 26.452933811,
      "prediction_time": 0.482048949,
      "accuracy_score": 0.5030792917628946,
      "f1_macro": 0.5307468661951584,
      "confusion_matrix": "[[467   1   0   3]\n [  0   7   0 466]\n [  0   0 238   0]\n [558 263   0 595]]"
    },
    "fold_0_1": {
      "load_data_time": 14.09078516,
      "training_time": 18.693765669,
      "prediction_time": 0.582640379,
      "accuracy_score": 0.6348228043143297,
      "f1_macro": 0.5605309058834514,
      "confusion_matrix": "[[412  20   0  40]\n [184   0   0 288]\n [  0   0 472   0]\n [179   0   0 352]]"
    },
    "fold_0_2": {
      "load_data_time": 29.528721842,
      "training_time": 38.514641887,
      "prediction_time": 0.229107662,
      "accuracy_score": 0.5233446519524618,
      "f1_macro": 0.4815563529896338,
      "confusion_matrix": "[[222   3   0 246]\n [208   3   0 261]\n [  0   0 472   0]\n [280 125   0 536]]"
    },
    "fold_0_3": {
      "load_data_time": 10.658064305,
      "training_time": 14.007497566,
      "prediction_time": 0.696386083,
      "accuracy_score": 0.5074152542372882,
      "f1_macro": 0.2604166666666667,
      "confusion_matrix": "[[  0   0   0 235]\n [  0   5   0 230]\n [  0   0 474   0]\n [  0   0   0   0]]"
    },
    "fold_1_0": {
      "load_data_time": 20.227568973,
      "training_time": 25.875788905,
      "prediction_time": 0.416217722,
      "accuracy_score": 0.5374029640084685,
      "f1_macro": 0.5230066103650233,
      "confusion_matrix": "[[469   1   0   1]\n [  0   3   0 470]\n [  0   0 474   0]\n [584 255   0 577]]"
    },
    "fold_1_1": {
      "load_data_time": 14.045028692,
      "training_time": 18.903644552,
      "prediction_time": 0.573234322,
      "accuracy_score": 0.5685931115002919,
      "f1_macro": 0.5495983922313474,
      "confusion_matrix": "[[409  29   0  34]\n [204   0   0 268]\n [  0   0 238   0]\n [204   0   0 327]]"
    },
    "fold_1_2": {
      "load_data_time": 29.610246902,
      "training_time": 38.268466597,
      "prediction_time": 0.227844296,
      "accuracy_score": 0.5123089983022071,
      "f1_macro": 0.47409776006896276,
      "confusion_matrix": "[[229   1   0 241]\n [216   1   0 255]\n [  0   0 472   0]\n [312 124   0 505]]"
    },
    "fold_1_3": {
      "load_data_time": 10.671133425,
      "training_time": 14.160756247,
      "prediction_time": 0.686798335,
      "accuracy_score": 0.535031847133758,
      "f1_macro": 0.3099250936329588,
      "confusion_matrix": "[[  0   0   0 235]\n [  0  32   0 203]\n [  0   0 472   0]\n [  0   0   0   0]]"
    },
    "fold_2_0": {
      "load_data_time": 20.072189302,
      "training_time": 25.670034794,
      "prediction_time": 0.472661101,
      "accuracy_score": 0.5494350282485876,
      "f1_macro": 0.5310119124393874,
      "confusion_matrix": "[[470   0   0   1]\n [  0   1   0 472]\n [  0   0 472   0]\n [548 255   0 613]]"
    },
    "fold_2_1": {
      "load_data_time": 13.991844803,
      "training_time": 18.7943926,
      "prediction_time": 0.51384687,
      "accuracy_score": 0.6167265264238071,
      "f1_macro": 0.5452764976958525,
      "confusion_matrix": "[[378  13   0  81]\n [209   0   0 263]\n [  0   0 474   0]\n [181   0   0 350]]"
    },
    "fold_2_2": {
      "load_data_time": 29.398872341,
      "training_time": 37.953949056,
      "prediction_time": 0.228145683,
      "accuracy_score": 0.44015080113100846,
      "f1_macro": 0.4681452298614353,
      "confusion_matrix": "[[247   2   0 222]\n [213   5   0 254]\n [  0   0 238   0]\n [373 124   0 444]]"
    },
    "fold_2_3": {
      "load_data_time": 10.714897151,
      "training_time": 14.135982763,
      "prediction_time": 0.685384815,
      "accuracy_score": 0.5010615711252654,
      "f1_macro": 0.25,
      "confusion_matrix": "[[  0   0   0 235]\n [  0   0   0 235]\n [  0   0 472   0]\n [  0   0   0   0]]"
    },
    "fold_3_0": {
      "load_data_time": 20.274705396,
      "training_time": 25.967715817,
      "prediction_time": 0.473824858,
      "accuracy_score": 0.5353107344632768,
      "f1_macro": 0.5258216949780721,
      "confusion_matrix": "[[468   1   0   2]\n [  0   8   0 465]\n [  0   0 472   0]\n [574 274   0 568]]"
    },
    "fold_3_1": {
      "load_data_time": 13.973637243,
      "training_time": 18.665010126,
      "prediction_time": 0.572123046,
      "accuracy_score": 0.6363636363636364,
      "f1_macro": 0.5629618226600985,
      "confusion_matrix": "[[407  28   0  37]\n [182   0   0 290]\n [  0   0 472   0]\n [171   0   0 360]]"
    },
    "fold_3_2": {
      "load_data_time": 29.817715358,
      "training_time": 38.406260843,
      "prediction_time": 0.173065125,
      "accuracy_score": 0.49151823579304493,
      "f1_macro": 0.4610232508196006,
      "confusion_matrix": "[[212   2   0 257]\n [205   3   0 264]\n [  0   0 474   0]\n [331 140   0 470]]"
    },
    "fold_3_3": {
      "load_data_time": 19.763725663,
      "training_time": 25.913621405,
      "prediction_time": 0.416463441,
      "accuracy_score": 0.3403954802259887,
      "f1_macro": 0.25630252100840334,
      "confusion_matrix": "[[  0   0   0 235]\n [  0   3   0 232]\n [  0   0 238   0]\n [  0   0   0   0]]"
    },
    "fold_4_0": {
      "load_data_time": 10.693910337,
      "training_time": 14.064544766,
      "prediction_time": 0.685084219,
      "accuracy_score": 0.5755983654407473,
      "f1_macro": 0.555180514540669,
      "confusion_matrix": "[[405  31   0  36]\n [198   0   0 274]\n [  0   0 238   0]\n [188   0   0 343]]"
    },
    "fold_4_1": {
      "load_data_time": 13.96195107,
      "training_time": 18.777016599,
      "prediction_time": 0.570498649,
      "accuracy_score": 0.5286016949152542,
      "f1_macro": 0.5192616389374273,
      "confusion_matrix": "[[467   1   0   3]\n [  0   1   0 472]\n [  0   0 472   0]\n [570 289   0 557]]"
    },
    "fold_4_2": {
      "load_data_time": 29.87851196,
      "training_time": 38.093286358,
      "prediction_time": 0.229844147,
      "accuracy_score": 0.4898132427843803,
      "f1_macro": 0.4587739409308257,
      "confusion_matrix": "[[213   3   0 255]\n [222   2   0 248]\n [  0   0 472   0]\n [348 126   0 467]]"
    },
    "fold_4_3": {
      "load_data_time": 19.923957382,
      "training_time": 25.808398021,
      "prediction_time": 0.474479571,
      "accuracy_score": 0.5021186440677966,
      "f1_macro": 0.25,
      "confusion_matrix": "[[  0   0   0 235]\n [  0   0   0 235]\n [  0   0 474   0]\n [  0   0   0   0]]"
    },
    "fold_5_0": {
      "load_data_time": 10.678556155,
      "training_time": 14.117873443,
      "prediction_time": 0.627088949,
      "accuracy_score": 0.6269881990764494,
      "f1_macro": 0.5531664103092675,
      "confusion_matrix": "[[410  16   0  46]\n [199   0   0 273]\n [  0   0 474   0]\n [193   0   0 338]]"
    },
    "fold_5_1": {
      "load_data_time": 13.981017859,
      "training_time": 18.730605111,
      "prediction_time": 0.569838141,
      "accuracy_score": 0.4938414164742109,
      "f1_macro": 0.5194222727281594,
      "confusion_matrix": "[[467   1   0   3]\n [  2   2   0 469]\n [  0   0 238   0]\n [605 235   0 576]]"
    },
    "fold_5_2": {
      "load_data_time": 29.238453288,
      "training_time": 38.298476202,
      "prediction_time": 0.227919056,
      "accuracy_score": 0.49448217317487264,
      "f1_macro": 0.4657274844859648,
      "confusion_matrix": "[[236   1   0 234]\n [220   4   0 248]\n [  0   0 472   0]\n [360 128   0 453]]"
    },
    "fold_5_3": {
      "load_data_time": 19.96579594,
      "training_time": 25.533042013,
      "prediction_time": 0.471609393,
      "accuracy_score": 0.5042462845010616,
      "f1_macro": 0.25630252100840334,