{
  "experiment_name": "rauber_de_fe_setup",
  "feature_extraction": "WaveletFeatures",
  "classifier": "RandomForestClassifier",
  "augmentation": true,
  "start_time": "2026-04-30_21-42-54",
  "scores": {
    "fold_0_0": {
      "load_data_time": 20.391916148,
      "training_time": 26.089189193,
      "prediction_time": 0.462256029,
      "accuracy_score": 0.5030792917628946,
      "f1_macro": 0.5269989654036695,
      "confusion_matrix": "[[443   1   0  27]\n [  0   1   0 472]\n [  0   0 238   0]\n [531 260   0 625]]"
    },
    "fold_0_1": {
      "load_data_time": 14.114975217,
      "training_time": 18.257157836,
      "prediction_time": 0.555113579,
      "accuracy_score": 0.6199280945043657,
      "f1_macro": 0.5499904089026846,
      "confusion_matrix": "[[401  33   0  38]\n [212   0   0 260]\n [  0   0 472   0]\n [197   0   0 334]]"
    },
    "fold_0_2": {
      "load_data_time": 29.704511347,
      "training_time": 37.406326087,
      "prediction_time": 0.218509218,
      "accuracy_score": 0.519100169779287,
      "f1_macro": 0.48186725036331546,
      "confusion_matrix": "[[259   1   0 211]\n [207   1   0 264]\n [  0   0 472   0]\n [329 121   0 491]]"
    },
    "fold_0_3": {
      "load_data_time": 10.930633167,
      "training_time": 13.679989319,
      "prediction_time": 0.666069202,
      "accuracy_score": 0.5021186440677966,
      "f1_macro": 0.25,
      "confusion_matrix": "[[  0   0   0 235]\n [  0   0   0 235]\n [  0   0 474   0]\n [  0   0   0   0]]"
    },
    "fold_1_0": {
      "load_data_time": 20.344883349,
      "training_time": 25.497285993,
      "prediction_time": 0.398490336,
      "accuracy_score": 0.555045871559633,
      "f1_macro": 0.534319572791564,
      "confusion_matrix": "[[464   0   0   7]\n [  6   2   0 465]\n [  0   0 474   0]\n [533 250   0 633]]"
    },
    "fold_1_1": {
      "load_data_time": 14.182916265,
      "training_time": 18.427933164,
      "prediction_time": 0.548709409,
      "accuracy_score": 0.5709281961471103,
      "f1_macro": 0.5510300847845132,
      "confusion_matrix": "[[390  21   0  61]\n [200   0   0 272]\n [  0   0 238   0]\n [181   0   0 350]]"
    },
    "fold_1_2": {
      "load_data_time": 29.816345757,
      "training_time": 37.026107933,
      "prediction_time": 0.218770364,
      "accuracy_score": 0.5042444821731749,
      "f1_macro": 0.4681081110926065,
      "confusion_matrix": "[[212   0   0 259]\n [241   3   0 228]\n [  0   0 472   0]\n [312 128   0 501]]"
    },
    "fold_1_3": {
      "load_data_time": 10.86629312,
      "training_time": 13.767547163,
      "prediction_time": 0.6609843,
      "accuracy_score": 0.5010615711252654,
      "f1_macro": 0.25,
      "confusion_matrix": "[[  0   0   0 235]\n [  0   0   0 235]\n [  0   0 472   0]\n [  0   0   0   0]]"
    },
    "fold_2_0": {
      "load_data_time": 20.556826251,
      "training_time": 25.185806783,
      "prediction_time": 0.453016787,
      "accuracy_score": 0.544138418079096,
      "f1_macro": 0.533468396764171,
      "confusion_matrix": "[[468   1   0   2]\n [ 10  15   0 448]\n [  0   0 472   0]\n [571 259   0 586]]"
    },
    "fold_2_1": {
      "load_data_time": 14.25518222,
      "training_time": 18.398878068,
      "prediction_time": 0.49120458,
      "accuracy_score": 0.6316059517701386,
      "f1_macro": 0.5578256615332255,
      "confusion_matrix": "[[407  22   0  43]\n [228   0   0 244]\n [  0   0 474   0]\n [181   0   0 350]]"
    },
    "fold_2_2": {
      "load_data_time": 29.458116018,
      "training_time": 37.280369909,
      "prediction_time": 0.217173583,
      "accuracy_score": 0.4302544769085768,
      "f1_macro": 0.456254649380217,
      "confusion_matrix": "[[208   5   0 258]\n [224   2   0 246]\n [  0   0 238   0]\n [352 124   0 465]]"
    },
    "fold_2_3": {
      "load_data_time": 10.641164596,
      "training_time": 13.618736976,
      "prediction_time": 0.651866515,
      "accuracy_score": 0.5498938428874734,
      "f1_macro": 0.3318505338078292,
      "confusion_matrix": "[[  0   0   0 235]\n [  0  46   0 189]\n [  0   0 472   0]\n [  0   0   0   0]]"
    },
    "fold_3_0": {
      "load_data_time": 20.403279857,
      "training_time": 25.218263224,
      "prediction_time": 0.447504896,
      "accuracy_score": 0.5296610169491526,
      "f1_macro": 0.5164839123360258,
      "confusion_matrix": "[[469   1   0   1]\n [  0   1   0 472]\n [  0   0 472   0]\n [605 253   0 558]]"
    },
    "fold_3_1": {
      "load_data_time": 14.168029527,
      "training_time": 18.11637898,
      "prediction_time": 0.543042446,
      "accuracy_score": 0.6235233692860811,
      "f1_macro": 0.551989966555184,
      "confusion_matrix": "[[411  28   0  33]\n [217   0   0 255]\n [  0   0 472   0]\n [200   0   0 331]]"
    },
    "fold_3_2": {
      "load_data_time": 29.811876265,
      "training_time": 37.503958116,
      "prediction_time": 0.163661174,
      "accuracy_score": 0.498303647158609,
      "f1_macro": 0.4642669423522908,
      "confusion_matrix": "[[217   2   0 252]\n [237   1   0 234]\n [  0   0 474   0]\n [322 136   0 483]]"
    },
    "fold_3_3": {
      "load_data_time": 20.229234349,
      "training_time": 25.321352679,
      "prediction_time": 0.3951491,
      "accuracy_score": 0.4180790960451977,
      "f1_macro": 0.3489761092150171,
      "confusion_matrix": "[[  0   0   0 235]\n [  0  58   0 177]\n [  0   0 238   0]\n [  0   0   0   0]]"
    },
    "fold_4_0": {
      "load_data_time": 10.854815078,
      "training_time": 13.592464183,
      "prediction_time": 0.65121731,
      "accuracy_score": 0.5685931115002919,
      "f1_macro": 0.5485335671539259,
      "confusion_matrix": "[[409  20   0  43]\n [226   0   0 246]\n [  0   0 238   0]\n [204   0   0 327]]"
    },
    "fold_4_1": {
      "load_data_time": 14.084475358,
      "training_time": 18.089185972,
      "prediction_time": 0.542941026,
      "accuracy_score": 0.5328389830508474,
      "f1_macro": 0.5222822771491009,
      "confusion_matrix": "[[465   1   0   5]\n [  0   2   0 471]\n [  0   0 472   0]\n [562 284   0 570]]"
    },
    "fold_4_2": {
      "load_data_time": 29.706102951,
      "training_time": 36.973238456,
      "prediction_time": 0.218570237,
      "accuracy_score": 0.5033955857385399,
      "f1_macro": 0.4682217196635833,
      "confusion_matrix": "[[222   2   0 247]\n [206   2   0 264]\n [  0   0 472   0]\n [329 122   0 490]]"
    },
    "fold_4_3": {
      "load_data_time": 20.131377623,
      "training_time": 25.271379686,
      "prediction_time": 0.449699873,
      "accuracy_score": 0.5021186440677966,
      "f1_macro": 0.25,
      "confusion_matrix": "[[  0   0   0 235]\n [  0   0   0 235]\n [  0   0 474   0]\n [  0   0   0   0]]"
    },
    "fold_5_0": {
      "load_data_time": 10.843668453,
      "training_time": 13.752447339,
      "prediction_time": 0.596120268,
      "accuracy_score": 0.6413545407901488,
      "f1_macro": 0.565996834822796,
      "confusion_matrix": "[[411  24   0  37]\n [198   0   0 274]\n [  0   0 474   0]\n [166   0   0 365]]"
    },
    "fold_5_1": {
      "load_data_time": 13.774287634,
      "training_time": 18.167869661,
      "prediction_time": 0.543700598,
      "accuracy_score": 0.4911470361816782,
      "f1_macro": 0.5218226825296179,
      "confusion_matrix": "[[470   0   0   1]\n [  0   3   0 470]\n [  0   0 238   0]\n [579 272   0 565]]"
    },
    "fold_5_2": {
      "load_data_time": 29.108928893,
      "training_time": 36.979817625,
      "prediction_time": 0.217570277,
      "accuracy_score": 0.49193548387096775,
      "f1_macro": 0.4598093919452412,
      "confusion_matrix": "[[208   2   0 261]\n [226   2   0 244]\n [  0   0 472   0]\n [331 133   0 477]]"
    },
    "fold_5_3": {
      "load_data_time": 20.444163267,
      "training_time": 25.231699758,
      "prediction_time": 0.449504666,
      "accuracy_score": 0.5010615711252654,
      "f1_macro": 0.25,