{
  "experiment_name": "rauber_de_fe_setup",
  "feature_extraction": "WaveletFeatures",
  "classifier": "RandomForestClassifier",
  "augmentation": true,
  "start_time": "2026-04-30_18-45-31",
  "scores": {
    "fold_0_0": {
      "load_data_time": 20.225378258,
      "training_time": 25.816724734,
      "prediction_time": 0.461388825,
      "accuracy_score": 0.4938414164742109,
      "f1_macro": 0.5194923818812385,
      "confusion_matrix": "[[468   1   0   2]\n [  1   2   0 470]\n [  0   0 238   0]\n [606 235   0 575]]"
    },
    "fold_0_1": {
      "load_data_time": 14.120053492,
      "training_time": 18.283244569,
      "prediction_time": 0.552670716,
      "accuracy_score": 0.6317411402157165,
      "f1_macro": 0.5570647610751356,
      "confusion_matrix": "[[381   8   0  83]\n [201   0   0 271]\n [  0   0 472   0]\n [154   0   0 377]]"
    },
    "fold_0_2": {
      "load_data_time": 29.394841742,
      "training_time": 37.013412702,
      "prediction_time": 0.218178736,
      "accuracy_score": 0.4936332767402377,
      "f1_macro": 0.4624700975128654,
      "confusion_matrix": "[[220   2   0 249]\n [237   2   0 233]\n [  0   0 472   0]\n [338 134   0 469]]"
    },
    "fold_0_3": {
      "load_data_time": 11.111594427,
      "training_time": 13.577051546,
      "prediction_time": 0.663514705,
      "accuracy_score": 0.5021186440677966,
      "f1_macro": 0.25,
      "confusion_matrix": "[[  0   0   0 235]\n [  0   0   0 235]\n [  0   0 474   0]\n [  0   0   0   0]]"
    },
    "fold_1_0": {
      "load_data_time": 20.41723285,
      "training_time": 25.192147068,
      "prediction_time": 0.39698574,
      "accuracy_score": 0.5434015525758645,
      "f1_macro": 0.5305682276008746,
      "confusion_matrix": "[[470   1   0   0]\n [  0   6   0 467]\n [  0   0 474   0]\n [553 273   0 590]]"
    },
    "fold_1_1": {
      "load_data_time": 14.046424719,
      "training_time": 18.386090374,
      "prediction_time": 0.547748532,
      "accuracy_score": 0.5645067133683596,
      "f1_macro": 0.5469552956621923,
      "confusion_matrix": "[[406  31   0  35]\n [201   0   0 271]\n [  0   0 238   0]\n [208   0   0 323]]"
    },
    "fold_1_2": {
      "load_data_time": 29.373934273,
      "training_time": 37.50933708,
      "prediction_time": 0.21723336,
      "accuracy_score": 0.5314091680814941,
      "f1_macro": 0.4856609828926271,
      "confusion_matrix": "[[231   0   0 240]\n [218   0   0 254]\n [  0   0 472   0]\n [267 125   0 549]]"
    },
    "fold_1_3": {
      "load_data_time": 10.675101415,
      "training_time": 13.665062157,
      "prediction_time": 0.655231761,
      "accuracy_score": 0.505307855626327,
      "f1_macro": 0.2583682008368201,
      "confusion_matrix": "[[  0   0   0 235]\n [  0   4   0 231]\n [  0   0 472   0]\n [  0   0   0   0]]"
    },
    "fold_2_0": {
      "load_data_time": 19.821901139,
      "training_time": 25.085959229,
      "prediction_time": 0.45009221,
      "accuracy_score": 0.542725988700565,
      "f1_macro": 0.5229532298347499,
      "confusion_matrix": "[[468   0   0   3]\n [  0   3   0 470]\n [  0   0 472   0]\n [609 213   0 594]]"
    },
    "fold_2_1": {
      "load_data_time": 14.020109711,
      "training_time": 18.340448443,
      "prediction_time": 0.4888366,
      "accuracy_score": 0.6341713699332991,
      "f1_macro": 0.5586903517938,
      "confusion_matrix": "[[414  14   0  44]\n [207   0   0 265]\n [  0   0 474   0]\n [183   0   0 348]]"
    },
    "fold_2_2": {
      "load_data_time": 29.834311513,
      "training_time": 36.942851593,
      "prediction_time": 0.216984751,
      "accuracy_score": 0.4363807728557964,
      "f1_macro": 0.4612279219197065,
      "confusion_matrix": "[[229   0   0 242]\n [226   1   0 245]\n [  0   0 238   0]\n [361 122   0 458]]"
    },
    "fold_2_3": {
      "load_data_time": 10.590008904,
      "training_time": 13.641339668,
      "prediction_time": 0.65124706,
      "accuracy_score": 0.5010615711252654,
      "f1_macro": 0.25,
      "confusion_matrix": "[[  0   0   0 235]\n [  0   0   0 235]\n [  0   0 472   0]\n [  0   0   0   0]]"
    },
    "fold_3_0": {
      "load_data_time": 19.979952166,
      "training_time": 25.122277338,
      "prediction_time": 0.449932664,
      "accuracy_score": 0.5455508474576272,
      "f1_macro": 0.5282130508893857,
      "confusion_matrix": "[[466   1   0   4]\n [  0   7   0 466]\n [  0   0 472   0]\n [590 226   0 600]]"
    },
    "fold_3_1": {
      "load_data_time": 13.836816798,
      "training_time": 18.183605525,
      "prediction_time": 0.542032813,
      "accuracy_score": 0.6137647663071392,
      "f1_macro": 0.5453065134099617,
      "confusion_matrix": "[[385  32   0  55]\n [226   0   0 246]\n [  0   0 472   0]\n [193   0   0 338]]"
    },
    "fold_3_2": {
      "load_data_time": 29.655005109,
      "training_time": 37.086167689,
      "prediction_time": 0.163275152,
      "accuracy_score": 0.5055131467345207,
      "f1_macro": 0.46499788099722245,
      "confusion_matrix": "[[195   1   0 275]\n [219   3   0 250]\n [  0   0 474   0]\n [311 110   0 520]]"
    },
    "fold_3_3": {
      "load_data_time": 19.907303173,
      "training_time": 25.138440996,
      "prediction_time": 0.396055106,
      "accuracy_score": 0.4152542372881356,
      "f1_macro": 0.34621993127147765,
      "confusion_matrix": "[[  0   0   0 235]\n [  0  56   0 179]\n [  0   0 238   0]\n [  0   0   0   0]]"
    },
    "fold_4_0": {
      "load_data_time": 10.840183667,
      "training_time": 13.667315482,
      "prediction_time": 0.650474572,
      "accuracy_score": 0.5715119673088149,
      "f1_macro": 0.552437519325294,
      "confusion_matrix": "[[388  28   0  56]\n [188   0   0 284]\n [  0   0 238   0]\n [178   0   0 353]]"
    },
    "fold_4_1": {
      "load_data_time": 14.274282062,
      "training_time": 18.254166055,
      "prediction_time": 0.542327373,
      "accuracy_score": 0.534957627118644,
      "f1_macro": 0.521436487281527,
      "confusion_matrix": "[[470   0   0   1]\n [  0   5   0 468]\n [  0   0 472   0]\n [603 245   0 568]]"
    },
    "fold_4_2": {
      "load_data_time": 29.193554092,
      "training_time": 37.179778149,
      "prediction_time": 0.216488927,
      "accuracy_score": 0.5004244482173175,
      "f1_macro": 0.47031219760382903,
      "confusion_matrix": "[[243   0   0 228]\n [203   1   0 268]\n [  0   0 472   0]\n [327 151   0 463]]"
    },
    "fold_4_3": {
      "load_data_time": 20.379677408,
      "training_time": 25.154442894,
      "prediction_time": 0.449816986,
      "accuracy_score": 0.5021186440677966,
      "f1_macro": 0.25,
      "confusion_matrix": "[[  0   0   0 235]\n [  0   0   0 235]\n [  0   0 474   0]\n [  0   0   0   0]]"
    },
    "fold_5_0": {
      "load_data_time": 10.668276387,
      "training_time": 13.765663596,
      "prediction_time": 0.594729821,
      "accuracy_score": 0.6233966136480247,
      "f1_macro": 0.5501353953903271,
      "confusion_matrix": "[[421  19   0  32]\n [178   0   0 294]\n [  0   0 474   0]\n [211   0   0 320]]"
    },
    "fold_5_1": {
      "load_data_time": 13.868312973,
      "training_time": 18.076331626,
      "prediction_time": 0.540803826,
      "accuracy_score": 0.5046189376443418,
      "f1_macro": 0.5235722450875904,
      "confusion_matrix": "[[470   0   0   1]\n [  0   1   0 472]\n [  0   0 238   0]\n [605 209   0 602]]"
    },
    "fold_5_2": {
      "load_data_time": 29.307652516,
      "training_time": 37.131052837,
      "prediction_time": 0.216592941,
      "accuracy_score": 0.4808998302207131,
      "f1_macro": 0.4565630052491937,
      "confusion_matrix": "[[239   3   0 229]\n [221   2   0 249]\n [  0   0 472   0]\n [386 135   0 420]]"
    },
    "fold_5_3": {
      "load_data_time": 19.892860381,
      "training_time": 25.074227067,
      "prediction_time": 0.4501774,
      "accuracy_score": 0.5010615711252654,
      "f1_macro": 0.25,