{
  "experiment_name": "rauber_loca_et_al_setup",
  "feature_extraction": "WaveletFeatures",
  "classifier": "RandomForestClassifier",
  "augmentation": true,
  "start_time": "2026-04-30_22-07-26",
  "scores": {
    "fold_0_0": {
      "load_data_time": 6.576029938,
      "training_time": 7.833767708,
      "prediction_time": 0.223862169,
      "accuracy_score": 0.6015384615384616,
      "f1_macro": 0.6489112139701242,
      "confusion_matrix": "[[236   0   0   0]\n [  0   0   0 237]\n [  0   0 119   0]\n [ 13 268   0 427]]"
    },
    "fold_0_1": {
      "load_data_time": 3.705953458,
      "training_time": 4.369169332,
      "prediction_time": 0.336834448,
      "accuracy_score": 0.503177966101695,
      "f1_macro": 0.4162728990985751,
      "confusion_matrix": "[[236   0   0   0]\n [ 19   0   0 217]\n [  0   0 236   0]\n [233   0   0   3]]"
    },
    "fold_0_2": {
      "load_data_time": 8.811791688,
      "training_time": 9.358696218,
      "prediction_time": 0.166002137,
      "accuracy_score": 0.6680790960451978,
      "f1_macro": 0.6299135345869854,
      "confusion_matrix": "[[227   1   0   8]\n [ 97  21   0 118]\n [  0   0 236   0]\n [ 82 164   0 462]]"
    },
    "fold_0_3": {
      "load_data_time": 3.753225746,
      "training_time": 4.367568966,
      "prediction_time": 0.335427001,
      "accuracy_score": 0.33663366336633666,
      "f1_macro": 0.2521186440677966,
      "confusion_matrix": "[[  0   0   0 235]\n [  0   1   0 234]\n [  0   0 237   0]\n [  0   0   0   0]]"
    },
    "fold_1_0": {
      "load_data_time": 6.459788529,
      "training_time": 7.59918784,
      "prediction_time": 0.195169021,
      "accuracy_score": 0.6466854724964739,
      "f1_macro": 0.6592986725966785,
      "confusion_matrix": "[[236   0   0   0]\n [  0   0   0 237]\n [  0   0 237   0]\n [  1 263   0 444]]"
    },
    "fold_1_1": {
      "load_data_time": 3.650687287,
      "training_time": 4.370088568,
      "prediction_time": 0.33034379,
      "accuracy_score": 0.43409915356711004,
      "f1_macro": 0.4175852196204121,
      "confusion_matrix": "[[236   0   0   0]\n [ 19   0   0 217]\n [  0   0 119   0]\n [232   0   0   4]]"
    },
    "fold_1_2": {
      "load_data_time": 8.777246752,
      "training_time": 9.266776716,
      "prediction_time": 0.165561463,
      "accuracy_score": 0.5840395480225988,
      "f1_macro": 0.5570855276840788,
      "confusion_matrix": "[[205   0   0  31]\n [133  17   0  86]\n [  0   0 236   0]\n [214 125   0 369]]"
    },
    "fold_1_3": {
      "load_data_time": 3.735695799,
      "training_time": 4.394866349,
      "prediction_time": 0.33223533,
      "accuracy_score": 0.3342776203966006,
      "f1_macro": 0.25,
      "confusion_matrix": "[[  0   0   0 235]\n [  0   0   0 235]\n [  0   0 236   0]\n [  0   0   0   0]]"
    },
    "fold_2_0": {
      "load_data_time": 6.358227251,
      "training_time": 7.589132362,
      "prediction_time": 0.221930773,
      "accuracy_score": 0.647847565278758,
      "f1_macro": 0.6597877779686082,
      "confusion_matrix": "[[236   0   0   0]\n [  0   0   0 237]\n [  0   0 236   0]\n [  1 261   0 446]]"
    },
    "fold_2_1": {
      "load_data_time": 3.752071333,
      "training_time": 4.386369394,
      "prediction_time": 0.304462242,
      "accuracy_score": 0.5005291005291005,
      "f1_macro": 0.405467720685112,
      "confusion_matrix": "[[236   0   0   0]\n [ 51   0   0 185]\n [  0   0 237   0]\n [236   0   0   0]]"
    },
    "fold_2_2": {
      "load_data_time": 8.833091376,
      "training_time": 9.310965192,
      "prediction_time": 0.165907913,
      "accuracy_score": 0.6320246343341032,
      "f1_macro": 0.6146231878076382,
      "confusion_matrix": "[[229   1   0   6]\n [108   8   0 120]\n [  0   0 119   0]\n [ 78 165   0 465]]"
    },
    "fold_2_3": {
      "load_data_time": 3.737140293,
      "training_time": 4.392190896,
      "prediction_time": 0.331658633,
      "accuracy_score": 0.3342776203966006,
      "f1_macro": 0.25,
      "confusion_matrix": "[[  0   0   0 235]\n [  0   0   0 235]\n [  0   0 236   0]\n [  0   0   0   0]]"
    },
    "fold_3_0": {
      "load_data_time": 6.401660447,
      "training_time": 7.618890646,
      "prediction_time": 0.221456618,
      "accuracy_score": 0.6584333098094566,
      "f1_macro": 0.6623613086770982,
      "confusion_matrix": "[[236   0   0   0]\n [  0   0   0 237]\n [  0   0 236   0]\n [  3 244   0 461]]"
    },
    "fold_3_1": {
      "load_data_time": 3.727270756,
      "training_time": 4.416504708,
      "prediction_time": 0.332063825,
      "accuracy_score": 0.5042372881355932,
      "f1_macro": 0.41801887961225487,
      "confusion_matrix": "[[236   0   0   0]\n [ 17   0   0 219]\n [  0   0 236   0]\n [232   0   0   4]]"
    },
    "fold_3_2": {
      "load_data_time": 8.680619588,
      "training_time": 9.386194456,
      "prediction_time": 0.139357677,
      "accuracy_score": 0.652787579393084,
      "f1_macro": 0.6248937369752438,
      "confusion_matrix": "[[226   1   0   9]\n [127  27   0  82]\n [  0   0 237   0]\n [ 79 194   0 435]]"
    },
    "fold_3_3": {
      "load_data_time": 6.425364752,
      "training_time": 7.686875792,
      "prediction_time": 0.195818134,
      "accuracy_score": 0.20203735144312393,
      "f1_macro": 0.25,
      "confusion_matrix": "[[  0   0   0 235]\n [  0   0   0 235]\n [  0   0 119   0]\n [  0   0   0   0]]"
    },
    "fold_4_0": {
      "load_data_time": 3.728588264,
      "training_time": 4.39403703,
      "prediction_time": 0.332109791,
      "accuracy_score": 0.43047158403869407,
      "f1_macro": 0.4123182572209212,
      "confusion_matrix": "[[236   0   0   0]\n [ 25   0   0 211]\n [  0   0 119   0]\n [235   0   0   1]]"
    },
    "fold_4_1": {
      "load_data_time": 3.739965155,
      "training_time": 4.355724805,
      "prediction_time": 0.330571807,
      "accuracy_score": 0.647847565278758,
      "f1_macro": 0.6592614668741488,
      "confusion_matrix": "[[236   0   0   0]\n [  0   0   0 237]\n [  0   0 236   0]\n [  2 260   0 446]]"
    },
    "fold_4_2": {
      "load_data_time": 8.764740233,
      "training_time": 9.282717125,
      "prediction_time": 0.166486149,
      "accuracy_score": 0.663135593220339,
      "f1_macro": 0.6451151524004285,
      "confusion_matrix": "[[225   0   0  11]\n [ 87  21   0 128]\n [  0   0 236   0]\n [ 19 232   0 457]]"
    },
    "fold_4_3": {
      "load_data_time": 6.43221272,
      "training_time": 7.574428654,
      "prediction_time": 0.221994938,
      "accuracy_score": 0.3352192362093352,
      "f1_macro": 0.25,
      "confusion_matrix": "[[  0   0   0 235]\n [  0   0   0 235]\n [  0   0 237   0]\n [  0   0   0   0]]"
    },
    "fold_5_0": {
      "load_data_time": 3.73717122,
      "training_time": 4.443729089,
      "prediction_time": 0.306807733,
      "accuracy_score": 0.5005291005291005,
      "f1_macro": 0.41208791208791207,
      "confusion_matrix": "[[236   0   0   0]\n [ 20   0   0 216]\n [  0   0 237   0]\n [236   0   0   0]]"
    },
    "fold_5_1": {
      "load_data_time": 3.729666355,
      "training_time": 4.399962634,
      "prediction_time": 0.331871805,
      "accuracy_score": 0.6046153846153847,
      "f1_macro": 0.6566133720930233,
      "confusion_matrix": "[[236   0   0   0]\n [  0   0   0 237]\n [  0   0 119   0]\n [  0 277   0 431]]"
    },
    "fold_5_2": {
      "load_data_time": 8.701574054,
      "training_time": 9.224455996,
      "prediction_time": 0.166371251,
      "accuracy_score": 0.6228813559322034,
      "f1_macro": 0.5971648982689368,
      "confusion_matrix": "[[209   0   0  27]\n [104  18   0 114]\n [  0   0 236   0]\n [ 97 192   0 419]]"
    },
    "fold_5_3": {
      "load_data_time": 6.542447429,
      "training_time": 7.594507717,
      "prediction_time": 0.221684455,
      "accuracy_score": 0.34419263456090654,
      "f1_macro": 0.2644628099173554,
      "confusion_matrix": "[[  0   0   0 235]\n [  0   7   0 228]\n [  0   0 236   0]\n [  0   0   0   0]]"
    },