{
  "experiment_name": "rauber_loca_et_al_setup",
  "feature_extraction": "WaveletFeatures",
  "classifier": "RandomForestClassifier",
  "augmentation": true,
  "start_time": "2026-05-02_03-00-11",
  "scores": {
    "fold_0_0": {
      "load_data_time": 6.586724142,
      "training_time": 7.704566741,
      "prediction_time": 0.223296894,
      "accuracy_score": 0.6061538461538462,
      "f1_macro": 0.6571117561683599,
      "confusion_matrix": "[[236   0   0   0]\n [  0   0   0 237]\n [  0   0 119   0]\n [  0 275   0 433]]"
    },
    "fold_0_1": {
      "load_data_time": 3.770267898,
      "training_time": 4.433639593,
      "prediction_time": 0.33631296,
      "accuracy_score": 0.503177966101695,
      "f1_macro": 0.41714975845410623,
      "confusion_matrix": "[[236   0   0   0]\n [ 15   0   0 221]\n [  0   0 236   0]\n [233   0   0   3]]"
    },
    "fold_0_2": {
      "load_data_time": 9.039683975,
      "training_time": 9.31399727,
      "prediction_time": 0.165994365,
      "accuracy_score": 0.635593220338983,
      "f1_macro": 0.5901318636062209,
      "confusion_matrix": "[[210   0   0  26]\n [113   9   0 114]\n [  0   0 236   0]\n [111 152   0 445]]"
    },
    "fold_0_3": {
      "load_data_time": 3.789326287,
      "training_time": 4.399225047,
      "prediction_time": 0.332666592,
      "accuracy_score": 0.33663366336633666,
      "f1_macro": 0.2521186440677966,
      "confusion_matrix": "[[  0   0   0 235]\n [  0   1   0 234]\n [  0   0 237   0]\n [  0   0   0   0]]"
    },
    "fold_1_0": {
      "load_data_time": 6.531608347,
      "training_time": 7.644907063,
      "prediction_time": 0.195486874,
      "accuracy_score": 0.6417489421720733,
      "f1_macro": 0.6560033564800739,
      "confusion_matrix": "[[236   0   0   0]\n [  0   0   0 237]\n [  0   0 237   0]\n [  4 267   0 437]]"
    },
    "fold_1_1": {
      "load_data_time": 3.702144821,
      "training_time": 4.38985666,
      "prediction_time": 0.32912812,
      "accuracy_score": 0.42926239419588874,
      "f1_macro": 0.4118655692729767,
      "confusion_matrix": "[[236   0   0   0]\n [ 21   0   0 215]\n [  0   0 119   0]\n [236   0   0   0]]"
    },
    "fold_1_2": {
      "load_data_time": 8.830316239,
      "training_time": 9.214503134,
      "prediction_time": 0.165503685,
      "accuracy_score": 0.6278248587570622,
      "f1_macro": 0.5720989912099581,
      "confusion_matrix": "[[226   2   0   8]\n [114   0   0 122]\n [  0   0 236   0]\n [161 120   0 427]]"
    },
    "fold_1_3": {
      "load_data_time": 3.723163052,
      "training_time": 4.40826234,
      "prediction_time": 0.329675323,
      "accuracy_score": 0.3342776203966006,
      "f1_macro": 0.25,
      "confusion_matrix": "[[  0   0   0 235]\n [  0   0   0 235]\n [  0   0 236   0]\n [  0   0   0   0]]"
    },
    "fold_2_0": {
      "load_data_time": 6.431536048,
      "training_time": 7.583143835,
      "prediction_time": 0.221817471,
      "accuracy_score": 0.6280875088214538,
      "f1_macro": 0.6476446427242306,
      "confusion_matrix": "[[236   0   0   0]\n [  0   0   0 237]\n [  0   0 236   0]\n [ 11 279   0 418]]"
    },
    "fold_2_1": {
      "load_data_time": 3.696520249,
      "training_time": 4.411393664,
      "prediction_time": 0.303113117,
      "accuracy_score": 0.5037037037037037,
      "f1_macro": 0.41714975845410623,
      "confusion_matrix": "[[236   0   0   0]\n [ 15   0   0 221]\n [  0   0 237   0]\n [233   0   0   3]]"
    },
    "fold_2_2": {
      "load_data_time": 8.692194105,
      "training_time": 9.262106486,
      "prediction_time": 0.165849352,
      "accuracy_score": 0.6235565819861432,
      "f1_macro": 0.5979663078785706,
      "confusion_matrix": "[[230   1   0   5]\n [120   2   0 114]\n [  0   0 119   0]\n [103 146   0 459]]"
    },
    "fold_2_3": {
      "load_data_time": 3.78600635,
      "training_time": 4.424311204,
      "prediction_time": 0.331424623,
      "accuracy_score": 0.3342776203966006,
      "f1_macro": 0.25,
      "confusion_matrix": "[[  0   0   0 235]\n [  0   0   0 235]\n [  0   0 236   0]\n [  0   0   0   0]]"
    },
    "fold_3_0": {
      "load_data_time": 6.501387854,
      "training_time": 7.628316749,
      "prediction_time": 0.220806525,
      "accuracy_score": 0.629498941425547,
      "f1_macro": 0.6533176126199383,
      "confusion_matrix": "[[236   0   0   0]\n [  0   0   0 237]\n [  0   0 236   0]\n [  1 287   0 420]]"
    },
    "fold_3_1": {
      "load_data_time": 3.654958445,
      "training_time": 4.364100488,
      "prediction_time": 0.330116333,
      "accuracy_score": 0.5,
      "f1_macro": 0.41010854816824965,
      "confusion_matrix": "[[236   0   0   0]\n [ 29   0   0 207]\n [  0   0 236   0]\n [236   0   0   0]]"
    },
    "fold_3_2": {
      "load_data_time": 8.770304456,
      "training_time": 9.30311652,
      "prediction_time": 0.139404654,
      "accuracy_score": 0.625970359915314,
      "f1_macro": 0.5918817992728944,
      "confusion_matrix": "[[191   0   0  45]\n [126   2   0 108]\n [  0   0 237   0]\n [ 21 230   0 457]]"
    },
    "fold_3_3": {
      "load_data_time": 6.514854943,
      "training_time": 7.52624823,
      "prediction_time": 0.193716125,
      "accuracy_score": 0.20203735144312393,
      "f1_macro": 0.25,
      "confusion_matrix": "[[  0   0   0 235]\n [  0   0   0 235]\n [  0   0 119   0]\n [  0   0   0   0]]"
    },
    "fold_4_0": {
      "load_data_time": 3.834708994,
      "training_time": 4.40659936,
      "prediction_time": 0.330744774,
      "accuracy_score": 0.42926239419588874,
      "f1_macro": 0.3991782553729456,
      "confusion_matrix": "[[236   0   0   0]\n [ 83   0   0 153]\n [  0   0 119   0]\n [236   0   0   0]]"
    },
    "fold_4_1": {
      "load_data_time": 3.75279226,
      "training_time": 4.383396794,
      "prediction_time": 0.330578289,
      "accuracy_score": 0.6676076217360621,
      "f1_macro": 0.6654400801157228,
      "confusion_matrix": "[[236   0   0   0]\n [  0   0   0 237]\n [  0   0 236   0]\n [  3 231   0 474]]"
    },
    "fold_4_2": {
      "load_data_time": 8.857504864,
      "training_time": 9.231771504,
      "prediction_time": 0.165722783,
      "accuracy_score": 0.5649717514124294,
      "f1_macro": 0.5561398469996374,
      "confusion_matrix": "[[207   1   0  28]\n [114   2   0 120]\n [  0   0 236   0]\n [100 253   0 355]]"
    },
    "fold_4_3": {
      "load_data_time": 6.509260412,
      "training_time": 7.630720545,
      "prediction_time": 0.220893437,
      "accuracy_score": 0.3352192362093352,
      "f1_macro": 0.25,
      "confusion_matrix": "[[  0   0   0 235]\n [  0   0   0 235]\n [  0   0 237   0]\n [  0   0   0   0]]"
    },
    "fold_5_0": {
      "load_data_time": 3.716628605,
      "training_time": 4.428557531,
      "prediction_time": 0.303922202,
      "accuracy_score": 0.5026455026455027,
      "f1_macro": 0.4153970358129723,
      "confusion_matrix": "[[236   0   0   0]\n [ 17   0   0 219]\n [  0   0 237   0]\n [234   0   0   2]]"
    },
    "fold_5_1": {
      "load_data_time": 3.661496801,
      "training_time": 4.376358219,
      "prediction_time": 0.331117835,
      "accuracy_score": 0.6092307692307692,
      "f1_macro": 0.6570493444955333,
      "confusion_matrix": "[[236   0   0   0]\n [  0   0   0 237]\n [  0   0 119   0]\n [  2 269   0 437]]"
    },
    "fold_5_2": {
      "load_data_time": 8.966447835,
      "training_time": 9.238191235,
      "prediction_time": 0.165220394,
      "accuracy_score": 0.644774011299435,
      "f1_macro": 0.5997616653668154,
      "confusion_matrix": "[[205   1   0  30]\n [108  13   0 115]\n [  0   0 236   0]\n [ 97 152   0 459]]"
    },
    "fold_5_3": {
      "load_data_time": 6.581884665,
      "training_time": 7.616890248,
      "prediction_time": 0.221345655,
      "accuracy_score": 0.3342776203966006,
      "f1_macro": 0.25,
      "confusion_matrix": "[[  0   0   0 235]\n [  0   0   0 235]\n [  0   0 236   0]\n [  0   0   0   0]]"
    },
    "fold_6_0": {
      "load_data_time": 3.796518395,