{
  "experiment_name": "rauber_de_fe_setup",
  "feature_extraction": "WaveletFeatures",
  "classifier": "RandomForestClassifier",
  "augmentation": false,
  "start_time": "2026-05-01_05-04-47",
  "scores": {
    "fold_0_0": {
      "load_data_time": 0.066398966,
      "training_time": 2.749285238,
      "prediction_time": 0.463587333,
      "accuracy_score": 0.5769822940723633,
      "f1_macro": 0.593631429173693,
      "confusion_matrix": "[[463   7   0   1]\n [  0   0   0 473]\n [  0   0 238   0]\n [252 366   0 798]]"
    },
    "fold_0_1": {
      "load_data_time": 0.059486563,
      "training_time": 2.44134448,
      "prediction_time": 0.5579787,
      "accuracy_score": 0.6055469953775039,
      "f1_macro": 0.5404594457660729,
      "confusion_matrix": "[[400  33   0  39]\n [102   0   0 370]\n [  0   0 472   0]\n [221   3   0 307]]"
    },
    "fold_0_2": {
      "load_data_time": 0.082850093,
      "training_time": 3.179254728,
      "prediction_time": 0.220677926,
      "accuracy_score": 0.6464346349745331,
      "f1_macro": 0.6160694054201032,
      "confusion_matrix": "[[337   7   0 127]\n [  8   1   0 463]\n [  0   0 472   0]\n [  0 228   0 713]]"
    },
    "fold_0_3": {
      "load_data_time": 0.05577537,
      "training_time": 2.222373037,
      "prediction_time": 0.672333899,
      "accuracy_score": 0.5233050847457628,
      "f1_macro": 0.2892156862745098,
      "confusion_matrix": "[[  0   0   0 235]\n [  0  20   0 215]\n [  0   0 474   0]\n [  0   0   0   0]]"
    },
    "fold_1_0": {
      "load_data_time": 0.070875417,
      "training_time": 2.750607884,
      "prediction_time": 0.403494511,
      "accuracy_score": 0.6249117854622441,
      "f1_macro": 0.6083301919643236,
      "confusion_matrix": "[[460  11   0   0]\n [  0   0   0 473]\n [  0   0 474   0]\n [192 387   0 837]]"
    },
    "fold_1_1": {
      "load_data_time": 0.063045712,
      "training_time": 2.42948392,
      "prediction_time": 0.55342969,
      "accuracy_score": 0.5510799766491535,
      "f1_macro": 0.5396171669182874,
      "confusion_matrix": "[[409  34   0  29]\n [102   0   0 370]\n [  0   0 238   0]\n [230   4   0 297]]"
    },
    "fold_1_2": {
      "load_data_time": 0.079676361,
      "training_time": 3.161866223,
      "prediction_time": 0.219492018,
      "accuracy_score": 0.6404923599320883,
      "f1_macro": 0.6180655260683863,
      "confusion_matrix": "[[346  21   0 104]\n [  4   1   0 467]\n [  0   0 472   0]\n [  0 251   0 690]]"
    },
    "fold_1_3": {
      "load_data_time": 0.055012032,
      "training_time": 2.20769449,
      "prediction_time": 0.664228441,
      "accuracy_score": 0.5180467091295117,
      "f1_macro": 0.28187250996015933,
      "confusion_matrix": "[[  0   0   0 235]\n [  0  16   0 219]\n [  0   0 472   0]\n [  0   0   0   0]]"
    },
    "fold_2_0": {
      "load_data_time": 0.068357059,
      "training_time": 2.671290806,
      "prediction_time": 0.454332349,
      "accuracy_score": 0.6359463276836158,
      "f1_macro": 0.6026598135350574,
      "confusion_matrix": "[[464   7   0   0]\n [  0   0   0 473]\n [  0   0 472   0]\n [251 300   0 865]]"
    },
    "fold_2_1": {
      "load_data_time": 0.065209673,
      "training_time": 2.500018781,
      "prediction_time": 0.495106505,
      "accuracy_score": 0.6074910210364289,
      "f1_macro": 0.5399142752443487,
      "confusion_matrix": "[[415  24   0  33]\n [110   0   0 362]\n [  0   0 474   0]\n [230   6   0 295]]"
    },
    "fold_2_2": {
      "load_data_time": 0.081446879,
      "training_time": 3.168411102,
      "prediction_time": 0.220161775,
      "accuracy_score": 0.6022620169651273,
      "f1_macro": 0.620239756292936,
      "confusion_matrix": "[[363  17   0  91]\n [ 14   0   0 458]\n [  0   0 238   0]\n [  0 264   0 677]]"
    },
    "fold_2_3": {
      "load_data_time": 0.057938216,
      "training_time": 2.214051081,
      "prediction_time": 0.661360601,
      "accuracy_score": 0.5520169851380042,
      "f1_macro": 0.33480565371024734,
      "confusion_matrix": "[[  0   0   0 235]\n [  0  48   0 187]\n [  0   0 472   0]\n [  0   0   0   0]]"
    },
    "fold_3_0": {
      "load_data_time": 0.067081311,
      "training_time": 2.690727924,
      "prediction_time": 0.455613051,
      "accuracy_score": 0.6656073446327684,
      "f1_macro": 0.6338699643578634,
      "confusion_matrix": "[[463   8   0   0]\n [  0   0   0 473]\n [  0   0 472   0]\n [135 331   0 950]]"
    },
    "fold_3_1": {
      "load_data_time": 0.062975567,
      "training_time": 2.429453516,
      "prediction_time": 0.547703228,
      "accuracy_score": 0.6117103235747303,
      "f1_macro": 0.5431543516909371,
      "confusion_matrix": "[[426  22   0  24]\n [ 99   0   0 373]\n [  0   0 472   0]\n [233   5   0 293]]"
    },
    "fold_3_2": {
      "load_data_time": 0.084228346,
      "training_time": 3.213654835,
      "prediction_time": 0.165971005,
      "accuracy_score": 0.6331636980491943,
      "f1_macro": 0.617111996778724,
      "confusion_matrix": "[[350   3   0 118]\n [  5   5   0 462]\n [  0   0 474   0]\n [  0 277   0 664]]"
    },
    "fold_3_3": {
      "load_data_time": 0.070278092,
      "training_time": 2.730440016,
      "prediction_time": 0.400162745,
      "accuracy_score": 0.4025423728813559,
      "f1_macro": 0.3333333333333333,
      "confusion_matrix": "[[  0   0   0 235]\n [  0  47   0 188]\n [  0   0 238   0]\n [  0   0   0   0]]"
    },
    "fold_4_0": {
      "load_data_time": 0.057926569,
      "training_time": 2.220032898,
      "prediction_time": 0.65998496,
      "accuracy_score": 0.5820198482194979,
      "f1_macro": 0.5624011918606209,
      "confusion_matrix": "[[411  27   0  34]\n [ 97   0   0 375]\n [  0   0 238   0]\n [179   4   0 348]]"
    },
    "fold_4_1": {
      "load_data_time": 0.061266358,
      "training_time": 2.427204116,
      "prediction_time": 0.547741742,
      "accuracy_score": 0.6182909604519774,
      "f1_macro": 0.6043525538661606,
      "confusion_matrix": "[[461  10   0   0]\n [  0   0   0 473]\n [  0   0 472   0]\n [202 396   0 818]]"
    },
    "fold_4_2": {
      "load_data_time": 0.081894892,
      "training_time": 3.17482821,
      "prediction_time": 0.220833941,
      "accuracy_score": 0.648981324278438,
      "f1_macro": 0.6193804811144574,
      "confusion_matrix": "[[346   7   0 118]\n [  5   0   0 467]\n [  0   0 472   0]\n [  0 230   0 711]]"
    },
    "fold_4_3": {
      "load_data_time": 0.068194878,
      "training_time": 2.67273778,
      "prediction_time": 0.456724641,
      "accuracy_score": 0.534957627118644,
      "f1_macro": 0.3082706766917293,
      "confusion_matrix": "[[  0   0   0 235]\n [  0  31   0 204]\n [  0   0 474   0]\n [  0   0   0   0]]"
    },
    "fold_5_0": {
      "load_data_time": 0.060178381,
      "training_time": 2.271464197,
      "prediction_time": 0.60408166,
      "accuracy_score": 0.6362237044638276,
      "f1_macro": 0.5664124513828431,
      "confusion_matrix": "[[418  35   0  19]\n [ 84   0   0 388]\n [  0   0 474   0]\n [180   3   0 348]]"
    },
    "fold_5_1": {
      "load_data_time": 0.063724051,
      "training_time": 2.426048426,
      "prediction_time": 0.547936058,
      "accuracy_score": 0.5696689761354888,
      "f1_macro": 0.5945315292610984,
      "confusion_matrix": "[[463   8   0   0]\n [  0   0   0 473]\n [  0   0 238   0]\n [232 405   0 779]]"
    },
    "fold_5_2": {
      "load_data_time": 0.079704504,
      "training_time": 3.17129493,
      "prediction_time": 0.220776183,
      "accuracy_score": 0.6387945670628183,
      "f1_macro": 0.6164954284536457,
      "confusion_matrix": "[[352   7   0 112]\n [  5   0   0 467]\n [  0   0 472   0]\n [  3 257   0 681]]"
    },
    "fold_5_3": {
      "load_data_time": 0.06597707,
      "training_time": 2.686536162,
      "prediction_time": 0.45336652,
      "accuracy_score": 0.559447983014862,
      "f1_macro": 0.3448275862068966,