{
  "experiment_name": "rauber_de_fe_setup",
  "feature_extraction": "WaveletFeatures",
  "classifier": "RandomForestClassifier",
  "augmentation": false,
  "start_time": "2026-05-01_21-21-43",
  "scores": {
    "fold_0_0": {
      "load_data_time": 0.06589336,
      "training_time": 2.740389663,
      "prediction_time": 0.468880704,
      "accuracy_score": 0.6016166281755196,
      "f1_macro": 0.6069298172794039,
      "confusion_matrix": "[[463   8   0   0]\n [  0   0   0 473]\n [  0   0 238   0]\n [222 332   0 862]]"
    },
    "fold_0_1": {
      "load_data_time": 0.05968163,
      "training_time": 2.446612668,
      "prediction_time": 0.563970574,
      "accuracy_score": 0.6014381099126862,
      "f1_macro": 0.5363417697837881,
      "confusion_matrix": "[[407  26   0  39]\n [ 94   0   0 378]\n [  0   0 472   0]\n [234   5   0 292]]"
    },
    "fold_0_2": {
      "load_data_time": 0.082097496,
      "training_time": 3.200147499,
      "prediction_time": 0.221655473,
      "accuracy_score": 0.6409168081494058,
      "f1_macro": 0.6190007918368188,
      "confusion_matrix": "[[351   7   0 113]\n [  8   3   0 461]\n [  0   0 472   0]\n [  0 257   0 684]]"
    },
    "fold_0_3": {
      "load_data_time": 0.055827054,
      "training_time": 2.228687177,
      "prediction_time": 0.674024515,
      "accuracy_score": 0.5423728813559322,
      "f1_macro": 0.31959706959706957,
      "confusion_matrix": "[[  0   0   0 235]\n [  0  38   0 197]\n [  0   0 474   0]\n [  0   0   0   0]]"
    },
    "fold_1_0": {
      "load_data_time": 0.068727184,
      "training_time": 2.775656675,
      "prediction_time": 0.406659903,
      "accuracy_score": 0.6422018348623854,
      "f1_macro": 0.6118874434815194,
      "confusion_matrix": "[[461  10   0   0]\n [  0   0   0 473]\n [  0   0 474   0]\n [207 324   0 885]]"
    },
    "fold_1_1": {
      "load_data_time": 0.061786588,
      "training_time": 2.451908579,
      "prediction_time": 0.556460149,
      "accuracy_score": 0.5551663747810858,
      "f1_macro": 0.5411835223191996,
      "confusion_matrix": "[[413  27   0  32]\n [113   0   0 359]\n [  0   0 238   0]\n [228   3   0 300]]"
    },
    "fold_1_2": {
      "load_data_time": 0.079799181,
      "training_time": 3.22737162,
      "prediction_time": 0.221068911,
      "accuracy_score": 0.6434634974533107,
      "f1_macro": 0.6163245367476384,
      "confusion_matrix": "[[344  10   0 117]\n [  9   0   0 463]\n [  0   0 472   0]\n [  0 241   0 700]]"
    },
    "fold_1_3": {
      "load_data_time": 0.055472989,
      "training_time": 2.231188833,
      "prediction_time": 0.67058802,
      "accuracy_score": 0.524416135881104,
      "f1_macro": 0.2928015564202335,
      "confusion_matrix": "[[  0   0   0 235]\n [  0  22   0 213]\n [  0   0 472   0]\n [  0   0   0   0]]"
    },
    "fold_2_0": {
      "load_data_time": 0.068049834,
      "training_time": 2.677119579,
      "prediction_time": 0.455975475,
      "accuracy_score": 0.6119350282485876,
      "f1_macro": 0.5911028914361607,
      "confusion_matrix": "[[461   9   0   1]\n [  0   0   0 473]\n [  0   0 472   0]\n [266 350   0 800]]"
    },
    "fold_2_1": {
      "load_data_time": 0.065476244,
      "training_time": 2.506503771,
      "prediction_time": 0.496832364,
      "accuracy_score": 0.6131349409953822,
      "f1_macro": 0.5466610773873344,
      "confusion_matrix": "[[410  30   0  32]\n [ 93   0   0 379]\n [  0   0 474   0]\n [213   7   0 311]]"
    },
    "fold_2_2": {
      "load_data_time": 0.081911526,
      "training_time": 3.195190592,
      "prediction_time": 0.220568628,
      "accuracy_score": 0.6013195098963242,
      "f1_macro": 0.6165148491412626,
      "confusion_matrix": "[[345   3   0 123]\n [  5   1   0 466]\n [  0   0 238   0]\n [  0 249   0 692]]"
    },
    "fold_2_3": {
      "load_data_time": 0.058023687,
      "training_time": 2.201312296,
      "prediction_time": 0.664642445,
      "accuracy_score": 0.554140127388535,
      "f1_macro": 0.33771929824561403,
      "confusion_matrix": "[[  0   0   0 235]\n [  0  50   0 185]\n [  0   0 472   0]\n [  0   0   0   0]]"
    },
    "fold_3_0": {
      "load_data_time": 0.066172667,
      "training_time": 2.715241778,
      "prediction_time": 0.457439256,
      "accuracy_score": 0.6394774011299436,
      "f1_macro": 0.6062826569765712,
      "confusion_matrix": "[[461   9   0   1]\n [  0   0   0 473]\n [  0   0 472   0]\n [234 304   0 878]]"
    },
    "fold_3_1": {
      "load_data_time": 0.06318957,
      "training_time": 2.449904723,
      "prediction_time": 0.551460693,
      "accuracy_score": 0.6070878274268104,
      "f1_macro": 0.5408577223993045,
      "confusion_matrix": "[[410  31   0  31]\n [110   0   0 362]\n [  0   0 472   0]\n [226   5   0 300]]"
    },
    "fold_3_2": {
      "load_data_time": 0.083722912,
      "training_time": 3.269370712,
      "prediction_time": 0.16854338,
      "accuracy_score": 0.6395250212044106,
      "f1_macro": 0.622513406537486,
      "confusion_matrix": "[[366  10   0  95]\n [  4   2   0 466]\n [  0   0 474   0]\n [  0 275   0 666]]"
    },
    "fold_3_3": {
      "load_data_time": 0.070584564,
      "training_time": 2.773044613,
      "prediction_time": 0.401038982,
      "accuracy_score": 0.3884180790960452,
      "f1_macro": 0.3180147058823529,
      "confusion_matrix": "[[  0   0   0 235]\n [  0  37   0 198]\n [  0   0 238   0]\n [  0   0   0   0]]"
    },
    "fold_4_0": {
      "load_data_time": 0.057640505,
      "training_time": 2.229751967,
      "prediction_time": 0.664971529,
      "accuracy_score": 0.5720957384705195,
      "f1_macro": 0.5569285012145289,
      "confusion_matrix": "[[410  41   0  21]\n [ 87   0   0 385]\n [  0   0 238   0]\n [195   4   0 332]]"
    },
    "fold_4_1": {
      "load_data_time": 0.06159161,
      "training_time": 2.446275905,
      "prediction_time": 0.550743083,
      "accuracy_score": 0.6546610169491526,
      "f1_macro": 0.6207327331009812,
      "confusion_matrix": "[[461   9   0   1]\n [  0   0   0 473]\n [  0   0 472   0]\n [182 313   0 921]]"
    },
    "fold_4_2": {
      "load_data_time": 0.082830295,
      "training_time": 3.226146113,
      "prediction_time": 0.222343024,
      "accuracy_score": 0.6574702886247877,
      "f1_macro": 0.6272275510221464,
      "confusion_matrix": "[[357  13   0 101]\n [  4   2   0 466]\n [  0   0 472   0]\n [  0 223   0 718]]"
    },
    "fold_4_3": {
      "load_data_time": 0.068085019,
      "training_time": 2.68316394,
      "prediction_time": 0.456313849,
      "accuracy_score": 0.5338983050847458,
      "f1_macro": 0.30660377358490565,
      "confusion_matrix": "[[  0   0   0 235]\n [  0  30   0 205]\n [  0   0 474   0]\n [  0   0   0   0]]"
    },
    "fold_5_0": {
      "load_data_time": 0.060734924,
      "training_time": 2.287602829,
      "prediction_time": 0.609010281,
      "accuracy_score": 0.6059517701385326,
      "f1_macro": 0.5400859478141402,
      "confusion_matrix": "[[415  31   0  26]\n [ 87   0   0 385]\n [  0   0 474   0]\n [234   5   0 292]]"
    },
    "fold_5_1": {
      "load_data_time": 0.063751291,
      "training_time": 2.444073242,
      "prediction_time": 0.552015612,
      "accuracy_score": 0.5912240184757506,
      "f1_macro": 0.6017739790330152,
      "confusion_matrix": "[[461   8   0   2]\n [  0   0   0 473]\n [  0   0 238   0]\n [230 349   0 837]]"
    },
    "fold_5_2": {
      "load_data_time": 0.07947583,
      "training_time": 3.187681502,
      "prediction_time": 0.221036453,
      "accuracy_score": 0.6519524617996605,
      "f1_macro": 0.619718539589749,
      "confusion_matrix": "[[342   7   0 122]\n [  3   0   0 469]\n [  0   0 472   0]\n [  0 219   0 722]]"
    },
    "fold_5_3": {
      "load_data_time": 0.06555801,
      "training_time": 2.676566332,
      "prediction_time": 0.459523775,
      "accuracy_score": 0.5212314225053079,
      "f1_macro": 0.2874015748031496,