{
  "experiment_name": "rauber_loca_et_al_setup",
  "feature_extraction": "WaveletFeatures",
  "classifier": "RandomForestClassifier",
  "augmentation": false,
  "start_time": "2026-05-01_12-53-48",
  "scores": {
    "fold_0_0": {
      "load_data_time": 0.037632411,
      "training_time": 1.441182662,
      "prediction_time": 0.226588571,
      "accuracy_score": 0.6176923076923077,
      "f1_macro": 0.6608040201005025,
      "confusion_matrix": "[[236   0   0   0]\n [  0   0   0 237]\n [  0   0 119   0]\n [  0 260   0 448]]"
    },
    "fold_0_1": {
      "load_data_time": 0.031400787,
      "training_time": 1.151141841,
      "prediction_time": 0.338481994,
      "accuracy_score": 0.4989406779661017,
      "f1_macro": 0.40299479166666663,
      "confusion_matrix": "[[235   0   0   1]\n [ 61   0   0 175]\n [  0   0 236   0]\n [236   0   0   0]]"
    },
    "fold_0_2": {
      "load_data_time": 0.043930686,
      "training_time": 1.475256499,
      "prediction_time": 0.167949259,
      "accuracy_score": 0.7161016949152542,
      "f1_macro": 0.7428047059626007,
      "confusion_matrix": "[[232   1   0   3]\n [ 10  87   0 139]\n [  0   0 236   0]\n [  3 246   0 459]]"
    },
    "fold_0_3": {
      "load_data_time": 0.033400709,
      "training_time": 1.178636579,
      "prediction_time": 0.337940237,
      "accuracy_score": 0.3352192362093352,
      "f1_macro": 0.25,
      "confusion_matrix": "[[  0   0   0 235]\n [  0   0   0 235]\n [  0   0 237   0]\n [  0   0   0   0]]"
    },
    "fold_1_0": {
      "load_data_time": 0.040305097,
      "training_time": 1.451500604,
      "prediction_time": 0.197248236,
      "accuracy_score": 0.6445698166431594,
      "f1_macro": 0.6590909090909091,
      "confusion_matrix": "[[236   0   0   0]\n [  0   0   0 237]\n [  0   0 237   0]\n [  0 267   0 441]]"
    },
    "fold_1_1": {
      "load_data_time": 0.033540666,
      "training_time": 1.144007859,
      "prediction_time": 0.334743997,
      "accuracy_score": 0.4280532043530834,
      "f1_macro": 0.4066666666666667,
      "confusion_matrix": "[[235   0   0   1]\n [ 43   0   0 193]\n [  0   0 119   0]\n [236   0   0   0]]"
    },
    "fold_1_2": {
      "load_data_time": 0.042709164,
      "training_time": 1.476148614,
      "prediction_time": 0.167687569,
      "accuracy_score": 0.6998587570621468,
      "f1_macro": 0.7309898126561329,
      "confusion_matrix": "[[231   3   0   2]\n [  5  76   0 155]\n [  0   0 236   0]\n [  1 259   0 448]]"
    },
    "fold_1_3": {
      "load_data_time": 0.032521516,
      "training_time": 1.175151372,
      "prediction_time": 0.335290843,
      "accuracy_score": 0.3342776203966006,
      "f1_macro": 0.25,
      "confusion_matrix": "[[  0   0   0 235]\n [  0   0   0 235]\n [  0   0 236   0]\n [  0   0   0   0]]"
    },
    "fold_2_0": {
      "load_data_time": 0.038788573,
      "training_time": 1.404347206,
      "prediction_time": 0.223565041,
      "accuracy_score": 0.652787579393084,
      "f1_macro": 0.6620171673819742,
      "confusion_matrix": "[[236   0   0   0]\n [  0   0   0 237]\n [  0   0 236   0]\n [  0 255   0 453]]"
    },
    "fold_2_1": {
      "load_data_time": 0.034976181,
      "training_time": 1.173737494,
      "prediction_time": 0.308433411,
      "accuracy_score": 0.5005291005291005,
      "f1_macro": 0.40344603381014305,
      "confusion_matrix": "[[236   0   0   0]\n [ 61   0   0 175]\n [  0   0 237   0]\n [236   0   0   0]]"
    },
    "fold_2_2": {
      "load_data_time": 0.043526004,
      "training_time": 1.480669825,
      "prediction_time": 0.167500138,
      "accuracy_score": 0.7074672825250192,
      "f1_macro": 0.7652824400893414,
      "confusion_matrix": "[[231   2   0   3]\n [  6 117   0 113]\n [  0   0 119   0]\n [  5 251   0 452]]"
    },
    "fold_2_3": {
      "load_data_time": 0.033487446,
      "training_time": 1.177555168,
      "prediction_time": 0.335529845,
      "accuracy_score": 0.3342776203966006,
      "f1_macro": 0.25,
      "confusion_matrix": "[[  0   0   0 235]\n [  0   0   0 235]\n [  0   0 236   0]\n [  0   0   0   0]]"
    },
    "fold_3_0": {
      "load_data_time": 0.037806579,
      "training_time": 1.404779324,
      "prediction_time": 0.223627406,
      "accuracy_score": 0.6485532815808045,
      "f1_macro": 0.6605603448275862,
      "confusion_matrix": "[[236   0   0   0]\n [  0   0   0 237]\n [  0   0 236   0]\n [  0 261   0 447]]"
    },
    "fold_3_1": {
      "load_data_time": 0.033779156,
      "training_time": 1.136705285,
      "prediction_time": 0.334089893,
      "accuracy_score": 0.5,
      "f1_macro": 0.40691489361702127,
      "confusion_matrix": "[[236   0   0   0]\n [ 44   0   0 192]\n [  0   0 236   0]\n [236   0   0   0]]"
    },
    "fold_3_2": {
      "load_data_time": 0.045527801,
      "training_time": 1.51469242,
      "prediction_time": 0.141853923,
      "accuracy_score": 0.7529992942836979,
      "f1_macro": 0.791436070832173,
      "confusion_matrix": "[[232   0   0   4]\n [  6 151   0  79]\n [  0   0 237   0]\n [  1 260   0 447]]"
    },
    "fold_3_3": {
      "load_data_time": 0.040427697,
      "training_time": 1.439368795,
      "prediction_time": 0.197034299,
      "accuracy_score": 0.20203735144312393,
      "f1_macro": 0.25,
      "confusion_matrix": "[[  0   0   0 235]\n [  0   0   0 235]\n [  0   0 119   0]\n [  0   0   0   0]]"
    },
    "fold_4_0": {
      "load_data_time": 0.034030226,
      "training_time": 1.180694252,
      "prediction_time": 0.334605782,
      "accuracy_score": 0.42926239419588874,
      "f1_macro": 0.405467720685112,
      "confusion_matrix": "[[236   0   0   0]\n [ 51   0   0 185]\n [  0   0 119   0]\n [236   0   0   0]]"
    },
    "fold_4_1": {
      "load_data_time": 0.032985455,
      "training_time": 1.140483018,
      "prediction_time": 0.334397584,
      "accuracy_score": 0.6414961185603387,
      "f1_macro": 0.6581041968162084,
      "confusion_matrix": "[[236   0   0   0]\n [  0   0   0 237]\n [  0   0 236   0]\n [  0 271   0 437]]"
    },
    "fold_4_2": {
      "load_data_time": 0.044041542,
      "training_time": 1.471543933,
      "prediction_time": 0.167851069,
      "accuracy_score": 0.7542372881355932,
      "f1_macro": 0.7875815816875039,
      "confusion_matrix": "[[231   0   0   5]\n [  6 140   0  90]\n [  0   0 236   0]\n [  4 243   0 461]]"
    },
    "fold_4_3": {
      "load_data_time": 0.039042802,
      "training_time": 1.412002439,
      "prediction_time": 0.225011301,
      "accuracy_score": 0.33946251768033947,
      "f1_macro": 0.25630252100840334,
      "confusion_matrix": "[[  0   0   0 235]\n [  0   3   0 232]\n [  0   0 237   0]\n [  0   0   0   0]]"
    },
    "fold_5_0": {
      "load_data_time": 0.035102287,
      "training_time": 1.215793684,
      "prediction_time": 0.308366026,
      "accuracy_score": 0.49947089947089945,
      "f1_macro": 0.40319426336375486,
      "confusion_matrix": "[[235   0   0   1]\n [ 60   0   0 176]\n [  0   0 237   0]\n [236   0   0   0]]"
    },
    "fold_5_1": {
      "load_data_time": 0.033697379,
      "training_time": 1.133841622,
      "prediction_time": 0.33371561,
      "accuracy_score": 0.6484615384615384,
      "f1_macro": 0.6702721563154221,
      "confusion_matrix": "[[236   0   0   0]\n [  0   0   0 237]\n [  0   0 119   0]\n [  0 220   0 488]]"
    },
    "fold_5_2": {
      "load_data_time": 0.042630847,
      "training_time": 1.483180768,
      "prediction_time": 0.168330729,
      "accuracy_score": 0.7076271186440678,
      "f1_macro": 0.7458088613659349,
      "confusion_matrix": "[[228   0   0   8]\n [ 17 114   0 105]\n [  0   0 236   0]\n [  4 280   0 424]]"
    },
    "fold_5_3": {
      "load_data_time": 0.037871555,
      "training_time": 1.40013982,
      "prediction_time": 0.225191116,
      "accuracy_score": 0.3342776203966006,
      "f1_macro": 0.25,
      "confusion_matrix": "[[  0   0   0 235]\n [  0   0   0 235]\n [  0   0 236   0]\n [  0   0   0   0]]"
    },