{
  "experiment_name": "rauber_loca_et_al_setup",
  "feature_extraction": "WaveletFeatures",
  "classifier": "RandomForestClassifier",
  "augmentation": false,
  "start_time": "2026-05-01_23-16-31",
  "scores": {
    "fold_0_0": {
      "load_data_time": 0.037311202,
      "training_time": 1.438869119,
      "prediction_time": 0.225011089,
      "accuracy_score": 0.6115384615384616,
      "f1_macro": 0.6588447653429603,
      "confusion_matrix": "[[236   0   0   0]\n [  0   0   0 237]\n [  0   0 119   0]\n [  0 268   0 440]]"
    },
    "fold_0_1": {
      "load_data_time": 0.031152389,
      "training_time": 1.149036317,
      "prediction_time": 0.337025543,
      "accuracy_score": 0.5,
      "f1_macro": 0.40465268676277855,
      "confusion_matrix": "[[236   0   0   0]\n [ 55   0   0 181]\n [  0   0 236   0]\n [236   0   0   0]]"
    },
    "fold_0_2": {
      "load_data_time": 0.043912375,
      "training_time": 1.471003889,
      "prediction_time": 0.166420513,
      "accuracy_score": 0.7097457627118644,
      "f1_macro": 0.7400270834444351,
      "confusion_matrix": "[[225   1   0  10]\n [  5  88   0 143]\n [  0   0 236   0]\n [  2 250   0 456]]"
    },
    "fold_0_3": {
      "load_data_time": 0.03326159,
      "training_time": 1.186683754,
      "prediction_time": 0.335691183,
      "accuracy_score": 0.3352192362093352,
      "f1_macro": 0.25,
      "confusion_matrix": "[[  0   0   0 235]\n [  0   0   0 235]\n [  0   0 237   0]\n [  0   0   0   0]]"
    },
    "fold_1_0": {
      "load_data_time": 0.040518161,
      "training_time": 1.439837824,
      "prediction_time": 0.194534578,
      "accuracy_score": 0.6600846262341326,
      "f1_macro": 0.6644176136363636,
      "confusion_matrix": "[[236   0   0   0]\n [  0   0   0 237]\n [  0   0 237   0]\n [  0 245   0 463]]"
    },
    "fold_1_1": {
      "load_data_time": 0.033358848,
      "training_time": 1.145484655,
      "prediction_time": 0.332248114,
      "accuracy_score": 0.4280532043530834,
      "f1_macro": 0.40625,
      "confusion_matrix": "[[235   0   0   1]\n [ 45   0   0 191]\n [  0   0 119   0]\n [236   0   0   0]]"
    },
    "fold_1_2": {
      "load_data_time": 0.043182644,
      "training_time": 1.470997969,
      "prediction_time": 0.16543817,
      "accuracy_score": 0.7288135593220338,
      "f1_macro": 0.7611589496070372,
      "confusion_matrix": "[[232   1   0   3]\n [  5 105   0 126]\n [  0   0 236   0]\n [  0 249   0 459]]"
    },
    "fold_1_3": {
      "load_data_time": 0.032299215,
      "training_time": 1.173444126,
      "prediction_time": 0.332082008,
      "accuracy_score": 0.34277620396600567,
      "f1_macro": 0.262448132780083,
      "confusion_matrix": "[[  0   0   0 235]\n [  0   6   0 229]\n [  0   0 236   0]\n [  0   0   0   0]]"
    },
    "fold_2_0": {
      "load_data_time": 0.038953871,
      "training_time": 1.407951116,
      "prediction_time": 0.221396863,
      "accuracy_score": 0.6605504587155964,
      "f1_macro": 0.6646557842441447,
      "confusion_matrix": "[[236   0   0   0]\n [  0   0   0 237]\n [  0   0 236   0]\n [  0 244   0 464]]"
    },
    "fold_2_1": {
      "load_data_time": 0.033516644,
      "training_time": 1.167099466,
      "prediction_time": 0.304577204,
      "accuracy_score": 0.5005291005291005,
      "f1_macro": 0.40608465608465605,
      "confusion_matrix": "[[236   0   0   0]\n [ 48   0   0 188]\n [  0   0 237   0]\n [236   0   0   0]]"
    },
    "fold_2_2": {
      "load_data_time": 0.043617489,
      "training_time": 1.476912217,
      "prediction_time": 0.165607147,
      "accuracy_score": 0.7190146266358738,
      "f1_macro": 0.7801579250196838,
      "confusion_matrix": "[[232   2   0   2]\n [  5 135   0  96]\n [  0   0 119   0]\n [  1 259   0 448]]"
    },
    "fold_2_3": {
      "load_data_time": 0.033514717,
      "training_time": 1.174224732,
      "prediction_time": 0.330855202,
      "accuracy_score": 0.34419263456090654,
      "f1_macro": 0.2644628099173554,
      "confusion_matrix": "[[  0   0   0 235]\n [  0   7   0 228]\n [  0   0 236   0]\n [  0   0   0   0]]"
    },
    "fold_3_0": {
      "load_data_time": 0.037928187,
      "training_time": 1.406365853,
      "prediction_time": 0.222232912,
      "accuracy_score": 0.6464361326746648,
      "f1_macro": 0.6598272138228942,
      "confusion_matrix": "[[236   0   0   0]\n [  0   0   0 237]\n [  0   0 236   0]\n [  0 264   0 444]]"
    },
    "fold_3_1": {
      "load_data_time": 0.03367542,
      "training_time": 1.13342474,
      "prediction_time": 0.332588759,
      "accuracy_score": 0.5,
      "f1_macro": 0.4094594594594595,
      "confusion_matrix": "[[236   0   0   0]\n [ 32   0   0 204]\n [  0   0 236   0]\n [236   0   0   0]]"
    },
    "fold_3_2": {
      "load_data_time": 0.045341894,
      "training_time": 1.500172314,
      "prediction_time": 0.143515557,
      "accuracy_score": 0.7586450247000706,
      "f1_macro": 0.7936934348293448,
      "confusion_matrix": "[[232   0   0   4]\n [  6 148   0  82]\n [  0   0 237   0]\n [  2 248   0 458]]"
    },
    "fold_3_3": {
      "load_data_time": 0.040434062,
      "training_time": 1.432607897,
      "prediction_time": 0.194688573,
      "accuracy_score": 0.20203735144312393,
      "f1_macro": 0.25,
      "confusion_matrix": "[[  0   0   0 235]\n [  0   0   0 235]\n [  0   0 119   0]\n [  0   0   0   0]]"
    },
    "fold_4_0": {
      "load_data_time": 0.033588764,
      "training_time": 1.166525367,
      "prediction_time": 0.331248541,
      "accuracy_score": 0.4280532043530834,
      "f1_macro": 0.40625,
      "confusion_matrix": "[[235   0   0   1]\n [ 45   0   0 191]\n [  0   0 119   0]\n [236   0   0   0]]"
    },
    "fold_4_1": {
      "load_data_time": 0.032546301,
      "training_time": 1.127503545,
      "prediction_time": 0.330798261,
      "accuracy_score": 0.6450247000705717,
      "f1_macro": 0.6593366979091564,
      "confusion_matrix": "[[236   0   0   0]\n [  0   0   0 237]\n [  0   0 236   0]\n [  0 266   0 442]]"
    },
    "fold_4_2": {
      "load_data_time": 0.044340739,
      "training_time": 1.46048078,
      "prediction_time": 0.167419971,
      "accuracy_score": 0.7153954802259888,
      "f1_macro": 0.7456462331742904,
      "confusion_matrix": "[[232   0   0   4]\n [  6  89   0 141]\n [  0   0 236   0]\n [  1 251   0 456]]"
    },
    "fold_4_3": {
      "load_data_time": 0.038634491,
      "training_time": 1.39232733,
      "prediction_time": 0.222259022,
      "accuracy_score": 0.3352192362093352,
      "f1_macro": 0.25,
      "confusion_matrix": "[[  0   0   0 235]\n [  0   0   0 235]\n [  0   0 237   0]\n [  0   0   0   0]]"
    },
    "fold_5_0": {
      "load_data_time": 0.034642299,
      "training_time": 1.19974948,
      "prediction_time": 0.306052008,
      "accuracy_score": 0.49947089947089945,
      "f1_macro": 0.40460526315789475,
      "confusion_matrix": "[[235   0   0   1]\n [ 53   0   0 183]\n [  0   0 237   0]\n [236   0   0   0]]"
    },
    "fold_5_1": {
      "load_data_time": 0.033293174,
      "training_time": 1.133908982,
      "prediction_time": 0.331557265,
      "accuracy_score": 0.6215384615384615,
      "f1_macro": 0.6620171673819742,
      "confusion_matrix": "[[236   0   0   0]\n [  0   0   0 237]\n [  0   0 119   0]\n [  0 255   0 453]]"
    },
    "fold_5_2": {
      "load_data_time": 0.043107386,
      "training_time": 1.465187596,
      "prediction_time": 0.166088194,
      "accuracy_score": 0.7492937853107344,
      "f1_macro": 0.7841466911358212,
      "confusion_matrix": "[[227   2   0   7]\n [  5 138   0  93]\n [  0   0 236   0]\n [  1 247   0 460]]"
    },
    "fold_5_3": {
      "load_data_time": 0.037529906,
      "training_time": 1.388491494,
      "prediction_time": 0.221945357,
      "accuracy_score": 0.3342776203966006,
      "f1_macro": 0.25,
      "confusion_matrix": "[[  0   0   0 235]\n [  0   0   0 235]\n [  0   0 236   0]\n [  0   0   0   0]]"
    },
    "fold_6_0": {
      "load_data_time": 0.033756338,