{
  "experiment_name": "rauber_loca_et_al_setup",
  "feature_extraction": "WaveletFeatures",
  "classifier": "RandomForestClassifier",
  "augmentation": false,
  "start_time": "2026-05-01_08-27-48",
  "scores": {
    "fold_0_0": {
      "load_data_time": 0.038114474,
      "training_time": 1.427176719,
      "prediction_time": 0.22358152,
      "accuracy_score": 0.6069230769230769,
      "f1_macro": 0.6573604060913706,
      "confusion_matrix": "[[236   0   0   0]\n [  0   0   0 237]\n [  0   0 119   0]\n [  0 274   0 434]]"
    },
    "fold_0_1": {
      "load_data_time": 0.03118563,
      "training_time": 1.141071076,
      "prediction_time": 0.331816642,
      "accuracy_score": 0.5,
      "f1_macro": 0.407543391188251,
      "confusion_matrix": "[[236   0   0   0]\n [ 41   0   0 195]\n [  0   0 236   0]\n [236   0   0   0]]"
    },
    "fold_0_2": {
      "load_data_time": 0.044023051,
      "training_time": 1.476684463,
      "prediction_time": 0.163435784,
      "accuracy_score": 0.7358757062146892,
      "f1_macro": 0.7688330423130806,
      "confusion_matrix": "[[232   1   0   3]\n [  6 119   0 111]\n [  0   0 236   0]\n [  5 248   0 455]]"
    },
    "fold_0_3": {
      "load_data_time": 0.033238968,
      "training_time": 1.167508,
      "prediction_time": 0.328770847,
      "accuracy_score": 0.3352192362093352,
      "f1_macro": 0.25,
      "confusion_matrix": "[[  0   0   0 235]\n [  0   0   0 235]\n [  0   0 237   0]\n [  0   0   0   0]]"
    },
    "fold_1_0": {
      "load_data_time": 0.040618171,
      "training_time": 1.430701166,
      "prediction_time": 0.192905867,
      "accuracy_score": 0.6438645980253879,
      "f1_macro": 0.6588447653429603,
      "confusion_matrix": "[[236   0   0   0]\n [  0   0   0 237]\n [  0   0 237   0]\n [  0 268   0 440]]"
    },
    "fold_1_1": {
      "load_data_time": 0.033126262,
      "training_time": 1.1372319,
      "prediction_time": 0.326513377,
      "accuracy_score": 0.4280532043530834,
      "f1_macro": 0.403997378768021,
      "confusion_matrix": "[[235   0   0   1]\n [ 56   0   0 180]\n [  0   0 119   0]\n [236   0   0   0]]"
    },
    "fold_1_2": {
      "load_data_time": 0.042415027,
      "training_time": 1.462871513,
      "prediction_time": 0.165112344,
      "accuracy_score": 0.7281073446327684,
      "f1_macro": 0.7650920067020907,
      "confusion_matrix": "[[227   0   0   9]\n [  5 119   0 112]\n [  0   0 236   0]\n [  0 259   0 449]]"
    },
    "fold_1_3": {
      "load_data_time": 0.032185323,
      "training_time": 1.161733437,
      "prediction_time": 0.326410139,
      "accuracy_score": 0.3342776203966006,
      "f1_macro": 0.25,
      "confusion_matrix": "[[  0   0   0 235]\n [  0   0   0 235]\n [  0   0 236   0]\n [  0   0   0   0]]"
    },
    "fold_2_0": {
      "load_data_time": 0.038737577,
      "training_time": 1.393195537,
      "prediction_time": 0.219932107,
      "accuracy_score": 0.6429075511644319,
      "f1_macro": 0.6585982658959537,
      "confusion_matrix": "[[236   0   0   0]\n [  0   0   0 237]\n [  0   0 236   0]\n [  0 269   0 439]]"
    },
    "fold_2_1": {
      "load_data_time": 0.034689769,
      "training_time": 1.172509119,
      "prediction_time": 0.300936914,
      "accuracy_score": 0.5005291005291005,
      "f1_macro": 0.40404699738903394,
      "confusion_matrix": "[[236   0   0   0]\n [ 58   0   0 178]\n [  0   0 237   0]\n [236   0   0   0]]"
    },
    "fold_2_2": {
      "load_data_time": 0.043527448,
      "training_time": 1.459246983,
      "prediction_time": 0.164071769,
      "accuracy_score": 0.7297921478060047,
      "f1_macro": 0.7917051893975333,
      "confusion_matrix": "[[232   0   0   4]\n [  5 151   0  80]\n [  0   0 119   0]\n [  0 262   0 446]]"
    },
    "fold_2_3": {
      "load_data_time": 0.033086758,
      "training_time": 1.161250264,
      "prediction_time": 0.326113683,
      "accuracy_score": 0.3342776203966006,
      "f1_macro": 0.25,
      "confusion_matrix": "[[  0   0   0 235]\n [  0   0   0 235]\n [  0   0 236   0]\n [  0   0   0   0]]"
    },
    "fold_3_0": {
      "load_data_time": 0.037485278,
      "training_time": 1.393176291,
      "prediction_time": 0.219006158,
      "accuracy_score": 0.6436132674664785,
      "f1_macro": 0.6588447653429603,
      "confusion_matrix": "[[236   0   0   0]\n [  0   0   0 237]\n [  0   0 236   0]\n [  0 268   0 440]]"
    },
    "fold_3_1": {
      "load_data_time": 0.033103862,
      "training_time": 1.131520641,
      "prediction_time": 0.328534054,
      "accuracy_score": 0.4989406779661017,
      "f1_macro": 0.4033942558746736,
      "confusion_matrix": "[[235   0   0   1]\n [ 59   0   0 177]\n [  0   0 236   0]\n [236   0   0   0]]"
    },
    "fold_3_2": {
      "load_data_time": 0.045298473,
      "training_time": 1.490348939,
      "prediction_time": 0.137149401,
      "accuracy_score": 0.7346506704304869,
      "f1_macro": 0.7732892592065075,
      "confusion_matrix": "[[230   1   0   5]\n [  5 130   0 101]\n [  0   0 237   0]\n [  1 263   0 444]]"
    },
    "fold_3_3": {
      "load_data_time": 0.040100461,
      "training_time": 1.422753664,
      "prediction_time": 0.191598253,
      "accuracy_score": 0.2037351443123939,
      "f1_macro": 0.2521186440677966,
      "confusion_matrix": "[[  0   0   0 235]\n [  0   1   0 234]\n [  0   0 119   0]\n [  0   0   0   0]]"
    },
    "fold_4_0": {
      "load_data_time": 0.033255742,
      "training_time": 1.163053621,
      "prediction_time": 0.326348277,
      "accuracy_score": 0.4280532043530834,
      "f1_macro": 0.4025974025974026,
      "confusion_matrix": "[[235   0   0   1]\n [ 63   0   0 173]\n [  0   0 119   0]\n [236   0   0   0]]"
    },
    "fold_4_1": {
      "load_data_time": 0.032407989,
      "training_time": 1.127262137,
      "prediction_time": 0.325912164,
      "accuracy_score": 0.6534932956951306,
      "f1_macro": 0.6622587562544675,
      "confusion_matrix": "[[236   0   0   0]\n [  0   0   0 237]\n [  0   0 236   0]\n [  0 254   0 454]]"
    },
    "fold_4_2": {
      "load_data_time": 0.044085119,
      "training_time": 1.443232639,
      "prediction_time": 0.163959601,
      "accuracy_score": 0.7344632768361582,
      "f1_macro": 0.7688162851347435,
      "confusion_matrix": "[[231   1   0   4]\n [  6 120   0 110]\n [  0   0 236   0]\n [  3 252   0 453]]"
    },
    "fold_4_3": {
      "load_data_time": 0.038828405,
      "training_time": 1.389968261,
      "prediction_time": 0.219375888,
      "accuracy_score": 0.3352192362093352,
      "f1_macro": 0.25,
      "confusion_matrix": "[[  0   0   0 235]\n [  0   0   0 235]\n [  0   0 237   0]\n [  0   0   0   0]]"
    },
    "fold_5_0": {
      "load_data_time": 0.034734066,
      "training_time": 1.203640262,
      "prediction_time": 0.301761856,
      "accuracy_score": 0.5005291005291005,
      "f1_macro": 0.4079651941097724,
      "confusion_matrix": "[[236   0   0   0]\n [ 39   0   0 197]\n [  0   0 237   0]\n [236   0   0   0]]"
    },
    "fold_5_1": {
      "load_data_time": 0.033572092,
      "training_time": 1.121383701,
      "prediction_time": 0.326126335,
      "accuracy_score": 0.6184615384615385,
      "f1_macro": 0.6610473457675753,
      "confusion_matrix": "[[236   0   0   0]\n [  0   0   0 237]\n [  0   0 119   0]\n [  0 259   0 449]]"
    },
    "fold_5_2": {
      "load_data_time": 0.042613101,
      "training_time": 1.480619605,
      "prediction_time": 0.164158422,
      "accuracy_score": 0.7387005649717514,
      "f1_macro": 0.7707376821836872,
      "confusion_matrix": "[[232   1   0   3]\n [  6 117   0 113]\n [  0   0 236   0]\n [  2 245   0 461]]"
    },
    "fold_5_3": {
      "load_data_time": 0.03764358,
      "training_time": 1.380047737,
      "prediction_time": 0.219041443,
      "accuracy_score": 0.3342776203966006,
      "f1_macro": 0.25,
      "confusion_matrix": "[[  0   0   0 235]\n [  0   0   0 235]\n [  0   0 236   0]\n [  0   0   0   0]]"
    },
    "fold_6_0": {
      "load_data_time": 0.03335975,