{
  "experiment_name": "rauber_loca_et_al_setup",
  "feature_extraction": "WaveletFeatures",
  "classifier": "RandomForestClassifier",
  "augmentation": false,
  "start_time": "2026-05-02_00-01-07",
  "scores": {
    "fold_0_0": {
      "load_data_time": 0.037600101,
      "training_time": 1.45718564,
      "prediction_time": 0.226449047,
      "accuracy_score": 0.6192307692307693,
      "f1_macro": 0.6612903225806451,
      "confusion_matrix": "[[236   0   0   0]\n [  0   0   0 237]\n [  0   0 119   0]\n [  0 258   0 450]]"
    },
    "fold_0_1": {
      "load_data_time": 0.03097131,
      "training_time": 1.156445994,
      "prediction_time": 0.33756823,
      "accuracy_score": 0.5,
      "f1_macro": 0.4071238348868176,
      "confusion_matrix": "[[236   0   0   0]\n [ 43   0   0 193]\n [  0   0 236   0]\n [236   0   0   0]]"
    },
    "fold_0_2": {
      "load_data_time": 0.043506608,
      "training_time": 1.494248468,
      "prediction_time": 0.166695811,
      "accuracy_score": 0.7139830508474576,
      "f1_macro": 0.7475503285837548,
      "confusion_matrix": "[[232   0   0   4]\n [  7  98   0 131]\n [  0   0 236   0]\n [  4 259   0 445]]"
    },
    "fold_0_3": {
      "load_data_time": 0.033334855,
      "training_time": 1.192259713,
      "prediction_time": 0.338169268,
      "accuracy_score": 0.3352192362093352,
      "f1_macro": 0.25,
      "confusion_matrix": "[[  0   0   0 235]\n [  0   0   0 235]\n [  0   0 237   0]\n [  0   0   0   0]]"
    },
    "fold_1_0": {
      "load_data_time": 0.039810698,
      "training_time": 1.444185996,
      "prediction_time": 0.197357455,
      "accuracy_score": 0.6438645980253879,
      "f1_macro": 0.6588447653429603,
      "confusion_matrix": "[[236   0   0   0]\n [  0   0   0 237]\n [  0   0 237   0]\n [  0 268   0 440]]"
    },
    "fold_1_1": {
      "load_data_time": 0.033403874,
      "training_time": 1.152537543,
      "prediction_time": 0.334869629,
      "accuracy_score": 0.4280532043530834,
      "f1_macro": 0.403997378768021,
      "confusion_matrix": "[[235   0   0   1]\n [ 56   0   0 180]\n [  0   0 119   0]\n [236   0   0   0]]"
    },
    "fold_1_2": {
      "load_data_time": 0.042452674,
      "training_time": 1.490992125,
      "prediction_time": 0.167308089,
      "accuracy_score": 0.7288135593220338,
      "f1_macro": 0.7560669211493597,
      "confusion_matrix": "[[231   0   0   5]\n [ 11 100   0 125]\n [  0   0 236   0]\n [  1 242   0 465]]"
    },
    "fold_1_3": {
      "load_data_time": 0.032417468,
      "training_time": 1.202655508,
      "prediction_time": 0.334182456,
      "accuracy_score": 0.3342776203966006,
      "f1_macro": 0.25,
      "confusion_matrix": "[[  0   0   0 235]\n [  0   0   0 235]\n [  0   0 236   0]\n [  0   0   0   0]]"
    },
    "fold_2_0": {
      "load_data_time": 0.0388374,
      "training_time": 1.411006784,
      "prediction_time": 0.22368311,
      "accuracy_score": 0.6457304163726182,
      "f1_macro": 0.6595821325648414,
      "confusion_matrix": "[[236   0   0   0]\n [  0   0   0 237]\n [  0   0 236   0]\n [  0 265   0 443]]"
    },
    "fold_2_1": {
      "load_data_time": 0.034800266,
      "training_time": 1.18339341,
      "prediction_time": 0.306855453,
      "accuracy_score": 0.5005291005291005,
      "f1_macro": 0.4081769436997319,
      "confusion_matrix": "[[236   0   0   0]\n [ 38   0   0 198]\n [  0   0 237   0]\n [236   0   0   0]]"
    },
    "fold_2_2": {
      "load_data_time": 0.043819524,
      "training_time": 1.482551864,
      "prediction_time": 0.167347621,
      "accuracy_score": 0.7190146266358738,
      "f1_macro": 0.7760419232000312,
      "confusion_matrix": "[[231   2   0   3]\n [  6 128   0 102]\n [  0   0 119   0]\n [  4 248   0 456]]"
    },
    "fold_2_3": {
      "load_data_time": 0.033429824,
      "training_time": 1.182964166,
      "prediction_time": 0.33425953,
      "accuracy_score": 0.3342776203966006,
      "f1_macro": 0.25,
      "confusion_matrix": "[[  0   0   0 235]\n [  0   0   0 235]\n [  0   0 236   0]\n [  0   0   0   0]]"
    },
    "fold_3_0": {
      "load_data_time": 0.037820524,
      "training_time": 1.411502793,
      "prediction_time": 0.223165524,
      "accuracy_score": 0.6457304163726182,
      "f1_macro": 0.6595821325648414,
      "confusion_matrix": "[[236   0   0   0]\n [  0   0   0 237]\n [  0   0 236   0]\n [  0 265   0 443]]"
    },
    "fold_3_1": {
      "load_data_time": 0.033340203,
      "training_time": 1.145375092,
      "prediction_time": 0.330916989,
      "accuracy_score": 0.5,
      "f1_macro": 0.4081769436997319,
      "confusion_matrix": "[[236   0   0   0]\n [ 38   0   0 198]\n [  0   0 236   0]\n [236   0   0   0]]"
    },
    "fold_3_2": {
      "load_data_time": 0.044879269,
      "training_time": 1.516169549,
      "prediction_time": 0.139836277,
      "accuracy_score": 0.7431192660550459,
      "f1_macro": 0.7778216749848778,
      "confusion_matrix": "[[232   0   0   4]\n [  6 129   0 101]\n [  0   0 237   0]\n [  2 251   0 455]]"
    },
    "fold_3_3": {
      "load_data_time": 0.039624933,
      "training_time": 1.448997685,
      "prediction_time": 0.195898667,
      "accuracy_score": 0.20203735144312393,
      "f1_macro": 0.25,
      "confusion_matrix": "[[  0   0   0 235]\n [  0   0   0 235]\n [  0   0 119   0]\n [  0   0   0   0]]"
    },
    "fold_4_0": {
      "load_data_time": 0.033446407,
      "training_time": 1.182096948,
      "prediction_time": 0.332883754,
      "accuracy_score": 0.4280532043530834,
      "f1_macro": 0.4035947712418301,
      "confusion_matrix": "[[235   0   0   1]\n [ 58   0   0 178]\n [  0   0 119   0]\n [236   0   0   0]]"
    },
    "fold_4_1": {
      "load_data_time": 0.03226177,
      "training_time": 1.147051907,
      "prediction_time": 0.33349067,
      "accuracy_score": 0.6386732533521524,
      "f1_macro": 0.6571117561683599,
      "confusion_matrix": "[[236   0   0   0]\n [  0   0   0 237]\n [  0   0 236   0]\n [  0 275   0 433]]"
    },
    "fold_4_2": {
      "load_data_time": 0.043432962,
      "training_time": 1.479682063,
      "prediction_time": 0.167539242,
      "accuracy_score": 0.7507062146892656,
      "f1_macro": 0.7857098246914889,
      "confusion_matrix": "[[230   1   0   5]\n [  8 144   0  84]\n [  0   0 236   0]\n [  4 251   0 453]]"
    },
    "fold_4_3": {
      "load_data_time": 0.038435044,
      "training_time": 1.416548759,
      "prediction_time": 0.223719932,
      "accuracy_score": 0.3352192362093352,
      "f1_macro": 0.25,
      "confusion_matrix": "[[  0   0   0 235]\n [  0   0   0 235]\n [  0   0 237   0]\n [  0   0   0   0]]"
    },
    "fold_5_0": {
      "load_data_time": 0.034294848,
      "training_time": 1.22274409,
      "prediction_time": 0.306546527,
      "accuracy_score": 0.49947089947089945,
      "f1_macro": 0.4037958115183246,
      "confusion_matrix": "[[235   0   0   1]\n [ 57   0   0 179]\n [  0   0 237   0]\n [236   0   0   0]]"
    },
    "fold_5_1": {
      "load_data_time": 0.03333573,
      "training_time": 1.144037568,
      "prediction_time": 0.332063472,
      "accuracy_score": 0.6153846153846154,
      "f1_macro": 0.6600719424460432,
      "confusion_matrix": "[[236   0   0   0]\n [  0   0   0 237]\n [  0   0 119   0]\n [  0 263   0 445]]"
    },
    "fold_5_2": {
      "load_data_time": 0.042247659,
      "training_time": 1.477368878,
      "prediction_time": 0.167682448,
      "accuracy_score": 0.722457627118644,
      "f1_macro": 0.7698363563826881,
      "confusion_matrix": "[[231   1   0   4]\n [  6 142   0  88]\n [  0   0 236   0]\n [  1 293   0 414]]"
    },
    "fold_5_3": {
      "load_data_time": 0.037594905,
      "training_time": 1.406862816,
      "prediction_time": 0.223262297,
      "accuracy_score": 0.3342776203966006,
      "f1_macro": 0.25,
      "confusion_matrix": "[[  0   0   0 235]\n [  0   0   0 235]\n [  0   0 236   0]\n [  0   0   0   0]]"
    },
    "fold_6_0": {
      "load_data_time": 0.034105504,
      "training_time": 1.17671064,