{
  "experiment_name": "rauber_loca_et_al_setup",
  "feature_extraction": "WaveletFeatures",
  "classifier": "RandomForestClassifier",
  "augmentation": true,
  "start_time": "2026-05-01_13-39-18",
  "scores": {
    "fold_0_0": {
      "load_data_time": 6.514739972,
      "training_time": 7.706405929,
      "prediction_time": 0.221127047,
      "accuracy_score": 0.5976923076923077,
      "f1_macro": 0.6543525969275786,
      "confusion_matrix": "[[236   0   0   0]\n [  0   0   0 237]\n [  0   0 119   0]\n [  0 286   0 422]]"
    },
    "fold_0_1": {
      "load_data_time": 3.732984733,
      "training_time": 4.352567141,
      "prediction_time": 0.329955823,
      "accuracy_score": 0.5,
      "f1_macro": 0.41253443526170797,
      "confusion_matrix": "[[236   0   0   0]\n [ 18   0   0 218]\n [  0   0 236   0]\n [236   0   0   0]]"
    },
    "fold_0_2": {
      "load_data_time": 8.78463294,
      "training_time": 9.35188313,
      "prediction_time": 0.164132276,
      "accuracy_score": 0.597457627118644,
      "f1_macro": 0.5701813047780779,
      "confusion_matrix": "[[200   0   0  36]\n [109   3   0 124]\n [  0   0 236   0]\n [ 91 210   0 407]]"
    },
    "fold_0_3": {
      "load_data_time": 3.787822234,
      "training_time": 4.391609582,
      "prediction_time": 0.329818024,
      "accuracy_score": 0.3408769448373409,
      "f1_macro": 0.2583682008368201,
      "confusion_matrix": "[[  0   0   0 235]\n [  0   4   0 231]\n [  0   0 237   0]\n [  0   0   0   0]]"
    },
    "fold_1_0": {
      "load_data_time": 6.573248448,
      "training_time": 7.646344793,
      "prediction_time": 0.193157117,
      "accuracy_score": 0.6375176304654443,
      "f1_macro": 0.6560848308668076,
      "confusion_matrix": "[[236   0   0   0]\n [  0   0   0 237]\n [  0   0 237   0]\n [  1 276   0 431]]"
    },
    "fold_1_1": {
      "load_data_time": 3.716861406,
      "training_time": 4.390691689,
      "prediction_time": 0.326427841,
      "accuracy_score": 0.42926239419588874,
      "f1_macro": 0.41076294277929154,
      "confusion_matrix": "[[236   0   0   0]\n [ 26   0   0 210]\n [  0   0 119   0]\n [236   0   0   0]]"
    },
    "fold_1_2": {
      "load_data_time": 8.671375192,
      "training_time": 9.224383149,
      "prediction_time": 0.16631942,
      "accuracy_score": 0.6588983050847458,
      "f1_macro": 0.6048487164268281,
      "confusion_matrix": "[[223   1   0  12]\n [103  12   0 121]\n [  0   0 236   0]\n [130 116   0 462]]"
    },
    "fold_1_3": {
      "load_data_time": 3.752900322,
      "training_time": 4.388335989,
      "prediction_time": 0.326986553,
      "accuracy_score": 0.3342776203966006,
      "f1_macro": 0.25,
      "confusion_matrix": "[[  0   0   0 235]\n [  0   0   0 235]\n [  0   0 236   0]\n [  0   0   0   0]]"
    },
    "fold_2_0": {
      "load_data_time": 6.544101726,
      "training_time": 7.568006445,
      "prediction_time": 0.218329323,
      "accuracy_score": 0.6422018348623854,
      "f1_macro": 0.6578228687520924,
      "confusion_matrix": "[[236   0   0   0]\n [  0   0   0 237]\n [  0   0 236   0]\n [  1 269   0 438]]"
    },
    "fold_2_1": {
      "load_data_time": 3.730902382,
      "training_time": 4.419548056,
      "prediction_time": 0.30094656,
      "accuracy_score": 0.5005291005291005,
      "f1_macro": 0.4118655692729767,
      "confusion_matrix": "[[236   0   0   0]\n [ 21   0   0 215]\n [  0   0 237   0]\n [236   0   0   0]]"
    },
    "fold_2_2": {
      "load_data_time": 8.912980462,
      "training_time": 9.315604106,
      "prediction_time": 0.164502303,
      "accuracy_score": 0.6066204772902233,
      "f1_macro": 0.5821853237737185,
      "confusion_matrix": "[[199   0   0  37]\n [107   8   0 121]\n [  0   0 119   0]\n [135 111   0 462]]"
    },
    "fold_2_3": {
      "load_data_time": 3.787979271,
      "training_time": 4.407593335,
      "prediction_time": 0.326327242,
      "accuracy_score": 0.3342776203966006,
      "f1_macro": 0.25,
      "confusion_matrix": "[[  0   0   0 235]\n [  0   0   0 235]\n [  0   0 236   0]\n [  0   0   0   0]]"
    },
    "fold_3_0": {
      "load_data_time": 6.439771423,
      "training_time": 7.548574876,
      "prediction_time": 0.218625558,
      "accuracy_score": 0.647847565278758,
      "f1_macro": 0.6561496525281572,
      "confusion_matrix": "[[236   0   0   0]\n [  0   0   0 237]\n [  0   0 236   0]\n [  8 254   0 446]]"
    },
    "fold_3_1": {
      "load_data_time": 3.689397607,
      "training_time": 4.377181864,
      "prediction_time": 0.326783975,
      "accuracy_score": 0.5,
      "f1_macro": 0.4114227086183311,
      "confusion_matrix": "[[236   0   0   0]\n [ 23   0   0 213]\n [  0   0 236   0]\n [236   0   0   0]]"
    },
    "fold_3_2": {
      "load_data_time": 8.837279315,
      "training_time": 9.381253152,
      "prediction_time": 0.137470611,
      "accuracy_score": 0.6132674664784756,
      "f1_macro": 0.5885428478284354,
      "confusion_matrix": "[[203   0   0  33]\n [109   4   0 123]\n [  0   0 237   0]\n [ 51 232   0 425]]"
    },
    "fold_3_3": {
      "load_data_time": 6.469502457,
      "training_time": 7.623637843,
      "prediction_time": 0.193822808,
      "accuracy_score": 0.20203735144312393,
      "f1_macro": 0.25,
      "confusion_matrix": "[[  0   0   0 235]\n [  0   0   0 235]\n [  0   0 119   0]\n [  0   0   0   0]]"
    },
    "fold_4_0": {
      "load_data_time": 3.724178951,
      "training_time": 4.384740979,
      "prediction_time": 0.328712849,
      "accuracy_score": 0.43409915356711004,
      "f1_macro": 0.41630015907342016,
      "confusion_matrix": "[[236   0   0   0]\n [ 25   0   0 211]\n [  0   0 119   0]\n [232   0   0   4]]"
    },
    "fold_4_1": {
      "load_data_time": 3.678079946,
      "training_time": 4.364808705,
      "prediction_time": 0.328333312,
      "accuracy_score": 0.6358503881439661,
      "f1_macro": 0.6555849958916883,
      "confusion_matrix": "[[236   0   0   0]\n [  0   0   0 237]\n [  0   0 236   0]\n [  1 278   0 429]]"
    },
    "fold_4_2": {
      "load_data_time": 8.905001813,
      "training_time": 9.306494019,
      "prediction_time": 0.1644858,
      "accuracy_score": 0.5798022598870056,
      "f1_macro": 0.5604440565688613,
      "confusion_matrix": "[[210   1   0  25]\n [115  14   0 107]\n [  0   0 236   0]\n [169 178   0 361]]"
    },
    "fold_4_3": {
      "load_data_time": 6.582664981,
      "training_time": 7.600115847,
      "prediction_time": 0.218842377,
      "accuracy_score": 0.3422913719943423,
      "f1_macro": 0.2604166666666667,
      "confusion_matrix": "[[  0   0   0 235]\n [  0   5   0 230]\n [  0   0 237   0]\n [  0   0   0   0]]"
    },
    "fold_5_0": {
      "load_data_time": 3.759606119,
      "training_time": 4.466160507,
      "prediction_time": 0.300581924,
      "accuracy_score": 0.5047619047619047,
      "f1_macro": 0.41801887961225487,
      "confusion_matrix": "[[236   0   0   0]\n [ 17   0   0 219]\n [  0   0 237   0]\n [232   0   0   4]]"
    },
    "fold_5_1": {
      "load_data_time": 3.746053577,
      "training_time": 4.322009373,
      "prediction_time": 0.328478322,
      "accuracy_score": 0.6061538461538462,
      "f1_macro": 0.6571117561683599,
      "confusion_matrix": "[[236   0   0   0]\n [  0   0   0 237]\n [  0   0 119   0]\n [  0 275   0 433]]"
    },
    "fold_5_2": {
      "load_data_time": 8.774930808,
      "training_time": 9.242725157,
      "prediction_time": 0.163806665,
      "accuracy_score": 0.6292372881355932,
      "f1_macro": 0.5968133243456304,
      "confusion_matrix": "[[205   0   0  31]\n [120   4   0 112]\n [  0   0 236   0]\n [ 40 222   0 446]]"
    },
    "fold_5_3": {
      "load_data_time": 6.473228789,
      "training_time": 7.566385441,
      "prediction_time": 0.218815338,
      "accuracy_score": 0.3342776203966006,
      "f1_macro": 0.25,
      "confusion_matrix": "[[  0   0   0 235]\n [  0   0   0 235]\n [  0   0 236   0]\n [  0   0   0   0]]"
    },