{
  "experiment_name": "rauber_de_fe_setup",
  "feature_extraction": "WaveletFeatures",
  "classifier": "RandomForestClassifier",
  "augmentation": true,
  "start_time": "2026-05-01_22-52-50",
  "scores": {
    "fold_0_0": {
      "load_data_time": 20.6839669,
      "training_time": 26.05299315,
      "prediction_time": 0.462712354,
      "accuracy_score": 0.4865280985373364,
      "f1_macro": 0.5148568072147339,
      "confusion_matrix": "[[466   2   0   3]\n [  0   3   0 470]\n [  0   0 238   0]\n [628 231   0 557]]"
    },
    "fold_0_1": {
      "load_data_time": 14.217911724,
      "training_time": 18.260429437,
      "prediction_time": 0.557568823,
      "accuracy_score": 0.6255778120184899,
      "f1_macro": 0.5549924753433125,
      "confusion_matrix": "[[403  36   0  33]\n [207   0   0 265]\n [  0   0 472   0]\n [188   0   0 343]]"
    },
    "fold_0_2": {
      "load_data_time": 30.026386453,
      "training_time": 37.365497274,
      "prediction_time": 0.219418832,
      "accuracy_score": 0.5284380305602716,
      "f1_macro": 0.4856756383165899,
      "confusion_matrix": "[[248   1   0 222]\n [217   1   0 254]\n [  0   0 472   0]\n [306 111   0 524]]"
    },
    "fold_0_3": {
      "load_data_time": 10.955446958,
      "training_time": 13.791401804,
      "prediction_time": 0.666255112,
      "accuracy_score": 0.5466101694915254,
      "f1_macro": 0.325812274368231,
      "confusion_matrix": "[[  0   0   0 235]\n [  0  42   0 193]\n [  0   0 474   0]\n [  0   0   0   0]]"
    },
    "fold_1_0": {
      "load_data_time": 20.588720907,
      "training_time": 25.348835195,
      "prediction_time": 0.398557191,
      "accuracy_score": 0.5314043754410727,
      "f1_macro": 0.5204608909841445,
      "confusion_matrix": "[[469   1   0   1]\n [  0   4   0 469]\n [  0   0 474   0]\n [588 269   0 559]]"
    },
    "fold_1_1": {
      "load_data_time": 14.219165556,
      "training_time": 18.434204295,
      "prediction_time": 0.548220484,
      "accuracy_score": 0.5732632807939287,
      "f1_macro": 0.5502245646256618,
      "confusion_matrix": "[[422  11   0  39]\n [206   0   0 266]\n [  0   0 238   0]\n [209   0   0 322]]"
    },
    "fold_1_2": {
      "load_data_time": 30.297746648,
      "training_time": 37.532445373,
      "prediction_time": 0.218092383,
      "accuracy_score": 0.5144312393887945,
      "f1_macro": 0.47686037921994534,
      "confusion_matrix": "[[236   0   0 235]\n [211   1   0 260]\n [  0   0 472   0]\n [307 131   0 503]]"
    },
    "fold_1_3": {
      "load_data_time": 10.859926257,
      "training_time": 13.74222824,
      "prediction_time": 0.658038356,
      "accuracy_score": 0.5010615711252654,
      "f1_macro": 0.25,
      "confusion_matrix": "[[  0   0   0 235]\n [  0   0   0 235]\n [  0   0 472   0]\n [  0   0   0   0]]"
    },
    "fold_2_0": {
      "load_data_time": 20.501887507,
      "training_time": 25.323612538,
      "prediction_time": 0.45303873,
      "accuracy_score": 0.536723163841808,
      "f1_macro": 0.5247030405203224,
      "confusion_matrix": "[[470   0   0   1]\n [  0   6   0 467]\n [  0   0 472   0]\n [583 261   0 572]]"
    },
    "fold_2_1": {
      "load_data_time": 13.92910958,
      "training_time": 18.566751077,
      "prediction_time": 0.491741813,
      "accuracy_score": 0.6239096972806567,
      "f1_macro": 0.553571031575203,
      "confusion_matrix": "[[412  40   0  20]\n [174   0   0 298]\n [  0   0 474   0]\n [201   0   0 330]]"
    },
    "fold_2_2": {
      "load_data_time": 29.714939724,
      "training_time": 37.138995061,
      "prediction_time": 0.218582302,
      "accuracy_score": 0.39820923656927426,
      "f1_macro": 0.43863946156230504,
      "confusion_matrix": "[[201   1   0 269]\n [212   3   0 257]\n [  0   0 238   0]\n [397 141   0 403]]"
    },
    "fold_2_3": {
      "load_data_time": 10.782616271,
      "training_time": 13.853502444,
      "prediction_time": 0.656050483,
      "accuracy_score": 0.5031847133757962,
      "f1_macro": 0.2542194092827004,
      "confusion_matrix": "[[  0   0   0 235]\n [  0   2   0 233]\n [  0   0 472   0]\n [  0   0   0   0]]"
    },
    "fold_3_0": {
      "load_data_time": 20.288954721,
      "training_time": 25.230754163,
      "prediction_time": 0.452689904,
      "accuracy_score": 0.536723163841808,
      "f1_macro": 0.5274810462956191,
      "confusion_matrix": "[[469   0   0   2]\n [  0   4   0 469]\n [  0   0 472   0]\n [543 298   0 575]]"
    },
    "fold_3_1": {
      "load_data_time": 14.244224539,
      "training_time": 18.457236754,
      "prediction_time": 0.549913417,
      "accuracy_score": 0.6245505906522856,
      "f1_macro": 0.5549752540605684,
      "confusion_matrix": "[[411  45   0  16]\n [189   0   0 283]\n [  0   0 472   0]\n [198   0   0 333]]"
    },
    "fold_3_2": {
      "load_data_time": 30.35542794,
      "training_time": 37.350961877,
      "prediction_time": 0.164860254,
      "accuracy_score": 0.5241730279898219,
      "f1_macro": 0.4815274252394534,
      "confusion_matrix": "[[225   1   0 245]\n [212   1   0 259]\n [  0   0 474   0]\n [271 134   0 536]]"
    },
    "fold_3_3": {
      "load_data_time": 20.09613733,
      "training_time": 25.241700807,
      "prediction_time": 0.397525631,
      "accuracy_score": 0.3403954802259887,
      "f1_macro": 0.25630252100840334,
      "confusion_matrix": "[[  0   0   0 235]\n [  0   3   0 232]\n [  0   0 238   0]\n [  0   0   0   0]]"
    },
    "fold_4_0": {
      "load_data_time": 10.73663736,
      "training_time": 13.786810475,
      "prediction_time": 0.654029891,
      "accuracy_score": 0.5709281961471103,
      "f1_macro": 0.5497840758935688,
      "confusion_matrix": "[[400  13   0  59]\n [200   0   0 272]\n [  0   0 238   0]\n [191   0   0 340]]"
    },
    "fold_4_1": {
      "load_data_time": 14.306215195,
      "training_time": 18.420863024,
      "prediction_time": 0.546076879,
      "accuracy_score": 0.5391949152542372,
      "f1_macro": 0.525341234604044,
      "confusion_matrix": "[[469   1   0   1]\n [  0   3   0 470]\n [  0   0 472   0]\n [570 263   0 583]]"
    },
    "fold_4_2": {
      "load_data_time": 30.45685369,
      "training_time": 37.580961613,
      "prediction_time": 0.218673755,
      "accuracy_score": 0.5483870967741935,
      "f1_macro": 0.5016417040319908,
      "confusion_matrix": "[[256   0   0 215]\n [186   1   0 285]\n [  0   0 472   0]\n [247 131   0 563]]"
    },
    "fold_4_3": {
      "load_data_time": 20.518690171,
      "training_time": 25.17375074,
      "prediction_time": 0.451827757,
      "accuracy_score": 0.5021186440677966,
      "f1_macro": 0.25,
      "confusion_matrix": "[[  0   0   0 235]\n [  0   0   0 235]\n [  0   0 474   0]\n [  0   0   0   0]]"
    },
    "fold_5_0": {
      "load_data_time": 10.915381015,
      "training_time": 13.818224163,
      "prediction_time": 0.599648615,
      "accuracy_score": 0.6459722934838379,
      "f1_macro": 0.5678202209892351,
      "confusion_matrix": "[[424  12   0  36]\n [212   0   0 260]\n [  0   0 474   0]\n [170   0   0 361]]"
    },
    "fold_5_1": {
      "load_data_time": 14.306946679,
      "training_time": 18.627458956,
      "prediction_time": 0.545935806,
      "accuracy_score": 0.5057736720554272,
      "f1_macro": 0.5354566083327275,
      "confusion_matrix": "[[469   1   0   1]\n [  0  11   0 462]\n [  0   0 238   0]\n [546 274   0 596]]"
    },
    "fold_5_2": {
      "load_data_time": 29.669488283,
      "training_time": 37.217961685,
      "prediction_time": 0.218396707,
      "accuracy_score": 0.49490662139219016,
      "f1_macro": 0.46426651152968934,
      "confusion_matrix": "[[226   0   0 245]\n [213   5   0 254]\n [  0   0 472   0]\n [369 109   0 463]]"
    },
    "fold_5_3": {
      "load_data_time": 20.375725973,
      "training_time": 25.398912595,
      "prediction_time": 0.452342564,
      "accuracy_score": 0.5010615711252654,
      "f1_macro": 0.25,