{
  "experiment_name": "rauber_loca_et_al_setup",
  "feature_extraction": "WaveletFeatures",
  "classifier": "RandomForestClassifier",
  "augmentation": true,
  "start_time": "2026-05-01_01-49-09",
  "scores": {
    "fold_0_0": {
      "load_data_time": 6.584138239,
      "training_time": 7.76044808,
      "prediction_time": 0.22464049,
      "accuracy_score": 0.6176923076923077,
      "f1_macro": 0.6597491677798274,
      "confusion_matrix": "[[236   0   0   0]\n [  0   0   0 237]\n [  0   0 119   0]\n [  2 258   0 448]]"
    },
    "fold_0_1": {
      "load_data_time": 3.771829643,
      "training_time": 4.385496521,
      "prediction_time": 0.335922181,
      "accuracy_score": 0.5,
      "f1_macro": 0.4114227086183311,
      "confusion_matrix": "[[236   0   0   0]\n [ 23   0   0 213]\n [  0   0 236   0]\n [236   0   0   0]]"
    },
    "fold_0_2": {
      "load_data_time": 8.875511811,
      "training_time": 9.381806734,
      "prediction_time": 0.166688519,
      "accuracy_score": 0.6242937853107344,
      "f1_macro": 0.5985250397932551,
      "confusion_matrix": "[[218   1   0  17]\n [ 90   2   0 144]\n [  0   0 236   0]\n [ 57 223   0 428]]"
    },
    "fold_0_3": {
      "load_data_time": 3.809053032,
      "training_time": 4.415832692,
      "prediction_time": 0.334271582,
      "accuracy_score": 0.38189533239038187,
      "f1_macro": 0.31156716417910446,
      "confusion_matrix": "[[  0   0   0 235]\n [  0  33   0 202]\n [  0   0 237   0]\n [  0   0   0   0]]"
    },
    "fold_1_0": {
      "load_data_time": 6.577433554,
      "training_time": 7.612824773,
      "prediction_time": 0.194629692,
      "accuracy_score": 0.6452750352609309,
      "f1_macro": 0.6448656400249249,
      "confusion_matrix": "[[236   0   0   0]\n [  0   0   0 237]\n [  0   0 237   0]\n [ 29 237   0 442]]"
    },
    "fold_1_1": {
      "load_data_time": 3.771910923,
      "training_time": 4.370982793,
      "prediction_time": 0.332111845,
      "accuracy_score": 0.4316807738814994,
      "f1_macro": 0.4149564228874574,
      "confusion_matrix": "[[236   0   0   0]\n [ 19   0   0 217]\n [  0   0 119   0]\n [234   0   0   2]]"
    },
    "fold_1_2": {
      "load_data_time": 8.911701177,
      "training_time": 9.297924395,
      "prediction_time": 0.166605225,
      "accuracy_score": 0.6306497175141242,
      "f1_macro": 0.5928255736570196,
      "confusion_matrix": "[[208   1   0  27]\n [125   2   0 109]\n [  0   0 236   0]\n [ 52 209   0 447]]"
    },
    "fold_1_3": {
      "load_data_time": 3.815044676,
      "training_time": 4.428230794,
      "prediction_time": 0.331493617,
      "accuracy_score": 0.3342776203966006,
      "f1_macro": 0.25,
      "confusion_matrix": "[[  0   0   0 235]\n [  0   0   0 235]\n [  0   0 236   0]\n [  0   0   0   0]]"
    },
    "fold_2_0": {
      "load_data_time": 6.573664877,
      "training_time": 7.691279652,
      "prediction_time": 0.221941947,
      "accuracy_score": 0.6506704304869443,
      "f1_macro": 0.6602354702599701,
      "confusion_matrix": "[[236   0   0   0]\n [  0   0   0 237]\n [  0   0 236   0]\n [  2 256   0 450]]"
    },
    "fold_2_1": {
      "load_data_time": 3.789427632,
      "training_time": 4.433123077,
      "prediction_time": 0.304262417,
      "accuracy_score": 0.5005291005291005,
      "f1_macro": 0.41231086657496563,
      "confusion_matrix": "[[236   0   0   0]\n [ 19   0   0 217]\n [  0   0 237   0]\n [236   0   0   0]]"
    },
    "fold_2_2": {
      "load_data_time": 8.923878922,
      "training_time": 9.367270799,
      "prediction_time": 0.166789915,
      "accuracy_score": 0.5873749037721324,
      "f1_macro": 0.5596067145360545,
      "confusion_matrix": "[[182   1   0  53]\n [107   5   0 124]\n [  0   0 119   0]\n [166  85   0 457]]"
    },
    "fold_2_3": {
      "load_data_time": 3.808788504,
      "training_time": 4.413153237,
      "prediction_time": 0.331322114,
      "accuracy_score": 0.3342776203966006,
      "f1_macro": 0.25,
      "confusion_matrix": "[[  0   0   0 235]\n [  0   0   0 235]\n [  0   0 236   0]\n [  0   0   0   0]]"
    },
    "fold_3_0": {
      "load_data_time": 6.482848086,
      "training_time": 7.645537205,
      "prediction_time": 0.222313448,
      "accuracy_score": 0.6379675370501059,
      "f1_macro": 0.6563342038718236,
      "confusion_matrix": "[[236   0   0   0]\n [  0   0   0 237]\n [  0   0 236   0]\n [  1 275   0 432]]"
    },
    "fold_3_1": {
      "load_data_time": 3.727552928,
      "training_time": 4.388591912,
      "prediction_time": 0.33175833,
      "accuracy_score": 0.5042372881355932,
      "f1_macro": 0.41823671497584536,
      "confusion_matrix": "[[236   0   0   0]\n [ 16   0   0 220]\n [  0   0 236   0]\n [232   0   0   4]]"
    },
    "fold_3_2": {
      "load_data_time": 9.122451511,
      "training_time": 9.339684819,
      "prediction_time": 0.140299577,
      "accuracy_score": 0.6273817925194072,
      "f1_macro": 0.6030102497362729,
      "confusion_matrix": "[[198   1   0  37]\n [ 66   4   0 166]\n [  0   0 237   0]\n [ 40 218   0 450]]"
    },
    "fold_3_3": {
      "load_data_time": 6.567776556,
      "training_time": 7.586225583,
      "prediction_time": 0.195871596,
      "accuracy_score": 0.20203735144312393,
      "f1_macro": 0.25,
      "confusion_matrix": "[[  0   0   0 235]\n [  0   0   0 235]\n [  0   0 119   0]\n [  0   0   0   0]]"
    },
    "fold_4_0": {
      "load_data_time": 3.830917132,
      "training_time": 4.416614876,
      "prediction_time": 0.332626883,
      "accuracy_score": 0.42926239419588874,
      "f1_macro": 0.41054421768707483,
      "confusion_matrix": "[[236   0   0   0]\n [ 27   0   0 209]\n [  0   0 119   0]\n [236   0   0   0]]"
    },
    "fold_4_1": {
      "load_data_time": 3.758047546,
      "training_time": 4.382521806,
      "prediction_time": 0.333787654,
      "accuracy_score": 0.6506704304869443,
      "f1_macro": 0.6612903225806451,
      "confusion_matrix": "[[236   0   0   0]\n [  0   0   0 237]\n [  0   0 236   0]\n [  0 258   0 450]]"
    },
    "fold_4_2": {
      "load_data_time": 9.189714186,
      "training_time": 9.215249658,
      "prediction_time": 0.167252535,
      "accuracy_score": 0.5692090395480226,
      "f1_macro": 0.5661919588986686,
      "confusion_matrix": "[[226   0   0  10]\n [103  22   0 111]\n [  0   0 236   0]\n [174 212   0 322]]"
    },
    "fold_4_3": {
      "load_data_time": 6.577910144,
      "training_time": 7.600465485,
      "prediction_time": 0.222835617,
      "accuracy_score": 0.3352192362093352,
      "f1_macro": 0.25,
      "confusion_matrix": "[[  0   0   0 235]\n [  0   0   0 235]\n [  0   0 237   0]\n [  0   0   0   0]]"
    },
    "fold_5_0": {
      "load_data_time": 3.7996682,
      "training_time": 4.450114469,
      "prediction_time": 0.306334967,
      "accuracy_score": 0.5047619047619047,
      "f1_macro": 0.4175852196204121,
      "confusion_matrix": "[[236   0   0   0]\n [ 19   0   0 217]\n [  0   0 237   0]\n [232   0   0   4]]"
    },
    "fold_5_1": {
      "load_data_time": 3.751884031,
      "training_time": 4.377310422,
      "prediction_time": 0.331446456,
      "accuracy_score": 0.6023076923076923,
      "f1_macro": 0.6553345323353283,
      "confusion_matrix": "[[236   0   0   0]\n [  0   0   0 237]\n [  0   0 119   0]\n [  1 279   0 428]]"
    },
    "fold_5_2": {
      "load_data_time": 8.749223645,
      "training_time": 9.209143848,
      "prediction_time": 0.166723293,
      "accuracy_score": 0.655367231638418,
      "f1_macro": 0.6265932725527142,
      "confusion_matrix": "[[224   1   0  11]\n [108   9   0 119]\n [  0   0 236   0]\n [ 21 228   0 459]]"
    },
    "fold_5_3": {
      "load_data_time": 6.581677289,
      "training_time": 7.626690956,
      "prediction_time": 0.222701974,
      "accuracy_score": 0.37677053824362605,
      "f1_macro": 0.30660377358490565,
      "confusion_matrix": "[[  0   0   0 235]\n [  0  30   0 205]\n [  0   0 236   0]\n [  0   0   0   0]]"
    },