{
  "experiment_name": "rauber_de_fe_setup",
  "feature_extraction": "WaveletFeatures",
  "classifier": "RandomForestClassifier",
  "augmentation": false,
  "start_time": "2026-05-01_14-41-32",
  "scores": {
    "fold_0_0": {
      "load_data_time": 0.067589782,
      "training_time": 2.775527641,
      "prediction_time": 0.465928729,
      "accuracy_score": 0.5662047729022325,
      "f1_macro": 0.586149977592989,
      "confusion_matrix": "[[462   9   0   0]\n [  0   0   0 473]\n [  0   0 238   0]\n [275 370   0 771]]"
    },
    "fold_0_1": {
      "load_data_time": 0.059062389,
      "training_time": 2.430574808,
      "prediction_time": 0.562128202,
      "accuracy_score": 0.6070878274268104,
      "f1_macro": 0.5404046865083453,
      "confusion_matrix": "[[405  21   0  46]\n [ 99   0   0 373]\n [  0   0 472   0]\n [223   3   0 305]]"
    },
    "fold_0_2": {
      "load_data_time": 0.082116804,
      "training_time": 3.186056801,
      "prediction_time": 0.220980844,
      "accuracy_score": 0.6447368421052632,
      "f1_macro": 0.619795224063124,
      "confusion_matrix": "[[357   4   0 110]\n [  9   0   0 463]\n [  0   0 472   0]\n [  0 251   0 690]]"
    },
    "fold_0_3": {
      "load_data_time": 0.056066751,
      "training_time": 2.224308369,
      "prediction_time": 0.673058968,
      "accuracy_score": 0.5497881355932204,
      "f1_macro": 0.33035714285714285,
      "confusion_matrix": "[[  0   0   0 235]\n [  0  45   0 190]\n [  0   0 474   0]\n [  0   0   0   0]]"
    },
    "fold_1_0": {
      "load_data_time": 0.070191059,
      "training_time": 2.770696861,
      "prediction_time": 0.402536938,
      "accuracy_score": 0.6411432604093155,
      "f1_macro": 0.6133926603922419,
      "confusion_matrix": "[[462   8   0   1]\n [  0   0   0 473]\n [  0   0 474   0]\n [197 338   0 881]]"
    },
    "fold_1_1": {
      "load_data_time": 0.062945821,
      "training_time": 2.427022779,
      "prediction_time": 0.555142475,
      "accuracy_score": 0.5493286631640397,
      "f1_macro": 0.5383809144878872,
      "confusion_matrix": "[[404  32   0  36]\n [ 97   0   0 375]\n [  0   0 238   0]\n [230   2   0 299]]"
    },
    "fold_1_2": {
      "load_data_time": 0.080343769,
      "training_time": 3.183379554,
      "prediction_time": 0.220252912,
      "accuracy_score": 0.6591680814940577,
      "f1_macro": 0.6252007629394434,
      "confusion_matrix": "[[354  11   0 106]\n [  5   0   0 467]\n [  0   0 472   0]\n [  1 213   0 727]]"
    },
    "fold_1_3": {
      "load_data_time": 0.055197619,
      "training_time": 2.213864013,
      "prediction_time": 0.666555427,
      "accuracy_score": 0.5424628450106157,
      "f1_macro": 0.32116788321167883,
      "confusion_matrix": "[[  0   0   0 235]\n [  0  39   0 196]\n [  0   0 472   0]\n [  0   0   0   0]]"
    },
    "fold_2_0": {
      "load_data_time": 0.068297628,
      "training_time": 2.672563125,
      "prediction_time": 0.455143378,
      "accuracy_score": 0.625,
      "f1_macro": 0.6031246533884743,
      "confusion_matrix": "[[463   7   0   1]\n [  0   0   0 473]\n [  0   0 472   0]\n [224 357   0 835]]"
    },
    "fold_2_1": {
      "load_data_time": 0.06534115,
      "training_time": 2.5017859,
      "prediction_time": 0.494381778,
      "accuracy_score": 0.6233966136480247,
      "f1_macro": 0.5542095736122284,
      "confusion_matrix": "[[426  30   0  16]\n [ 91   0   0 381]\n [  0   0 474   0]\n [211   5   0 315]]"
    },
    "fold_2_2": {
      "load_data_time": 0.082073979,
      "training_time": 3.196031319,
      "prediction_time": 0.22066531,
      "accuracy_score": 0.6060320452403393,
      "f1_macro": 0.6188243791067927,
      "confusion_matrix": "[[351   5   0 115]\n [  7   0   0 465]\n [  0   0 238   0]\n [  0 244   0 697]]"
    },
    "fold_2_3": {
      "load_data_time": 0.057664327,
      "training_time": 2.233084196,
      "prediction_time": 0.663081173,
      "accuracy_score": 0.5467091295116773,
      "f1_macro": 0.3273381294964029,
      "confusion_matrix": "[[  0   0   0 235]\n [  0  43   0 192]\n [  0   0 472   0]\n [  0   0   0   0]]"
    },
    "fold_3_0": {
      "load_data_time": 0.065666468,
      "training_time": 2.692908067,
      "prediction_time": 0.454855874,
      "accuracy_score": 0.6175847457627118,
      "f1_macro": 0.5944388964011463,
      "confusion_matrix": "[[462   8   0   1]\n [  0   0   0 473]\n [  0   0 472   0]\n [259 342   0 815]]"
    },
    "fold_3_1": {
      "load_data_time": 0.063504829,
      "training_time": 2.431523321,
      "prediction_time": 0.550194745,
      "accuracy_score": 0.6050333846944016,
      "f1_macro": 0.538374650139944,
      "confusion_matrix": "[[415  23   0  34]\n [ 98   0   0 374]\n [  0   0 472   0]\n [235   5   0 291]]"
    },
    "fold_3_2": {
      "load_data_time": 0.084676519,
      "training_time": 3.247585421,
      "prediction_time": 0.165717846,
      "accuracy_score": 0.6501272264631043,
      "f1_macro": 0.6239177776741451,
      "confusion_matrix": "[[361  16   0  94]\n [  7   0   0 465]\n [  0   0 474   0]\n [  0 243   0 698]]"
    },
    "fold_3_3": {
      "load_data_time": 0.07064761,
      "training_time": 2.745653572,
      "prediction_time": 0.400727585,
      "accuracy_score": 0.4081920903954802,
      "f1_macro": 0.33916083916083917,
      "confusion_matrix": "[[  0   0   0 235]\n [  0  51   0 184]\n [  0   0 238   0]\n [  0   0   0   0]]"
    },
    "fold_4_0": {
      "load_data_time": 0.057570171,
      "training_time": 2.21270579,
      "prediction_time": 0.659312509,
      "accuracy_score": 0.5551663747810858,
      "f1_macro": 0.5420327342983523,
      "confusion_matrix": "[[418  29   0  25]\n [ 94   0   0 378]\n [  0   0 238   0]\n [231   5   0 295]]"
    },
    "fold_4_1": {
      "load_data_time": 0.061349799,
      "training_time": 2.440298432,
      "prediction_time": 0.54937968,
      "accuracy_score": 0.6504237288135594,
      "f1_macro": 0.6164197562101881,
      "confusion_matrix": "[[461  10   0   0]\n [  0   0   0 473]\n [  0   0 472   0]\n [198 309   0 909]]"
    },
    "fold_4_2": {
      "load_data_time": 0.082245497,
      "training_time": 3.159722146,
      "prediction_time": 0.220858493,
      "accuracy_score": 0.6659592529711376,
      "f1_macro": 0.6257252381812242,
      "confusion_matrix": "[[344  17   0 110]\n [  4   0   0 468]\n [  0   0 472   0]\n [  0 188   0 753]]"
    },
    "fold_4_3": {
      "load_data_time": 0.068058117,
      "training_time": 2.687794197,
      "prediction_time": 0.455627658,
      "accuracy_score": 0.5413135593220338,
      "f1_macro": 0.3180147058823529,
      "confusion_matrix": "[[  0   0   0 235]\n [  0  37   0 198]\n [  0   0 474   0]\n [  0   0   0   0]]"
    },
    "fold_5_0": {
      "load_data_time": 0.060231728,
      "training_time": 2.2707556,
      "prediction_time": 0.606738309,
      "accuracy_score": 0.6090302719343252,
      "f1_macro": 0.5407436422001564,
      "confusion_matrix": "[[416  22   0  34]\n [109   0   0 363]\n [  0   0 474   0]\n [230   4   0 297]]"
    },
    "fold_5_1": {
      "load_data_time": 0.063108693,
      "training_time": 2.416406231,
      "prediction_time": 0.54925631,
      "accuracy_score": 0.5908391070053888,
      "f1_macro": 0.6015695469495019,
      "confusion_matrix": "[[463   6   0   2]\n [  0   0   0 473]\n [  0   0 238   0]\n [232 350   0 834]]"
    },
    "fold_5_2": {
      "load_data_time": 0.079914033,
      "training_time": 3.195264592,
      "prediction_time": 0.219980256,
      "accuracy_score": 0.6460101867572157,
      "f1_macro": 0.6209558823529412,
      "confusion_matrix": "[[356   7   0 108]\n [  5   0   0 467]\n [  0   0 472   0]\n [  0 247   0 694]]"
    },
    "fold_5_3": {
      "load_data_time": 0.066021457,
      "training_time": 2.662857895,
      "prediction_time": 0.456766798,
      "accuracy_score": 0.5010615711252654,
      "f1_macro": 0.25,
      "confusion_matrix": "[[  0   0   0 235]\n [  0   0   0 235]\n [  0   0 472   0]\n [  0   0   0   0]]"
    },