{
  "experiment_name": "rauber_loca_et_al_setup",
  "feature_extraction": "WaveletFeatures",
  "classifier": "RandomForestClassifier",
  "augmentation": false,
  "start_time": "2026-04-30_19-09-00",
  "scores": {
    "fold_0_0": {
      "load_data_time": 0.039003704,
      "training_time": 1.442265407,
      "prediction_time": 0.224218226,
      "accuracy_score": 0.6146153846153846,
      "f1_macro": 0.6598272138228942,
      "confusion_matrix": "[[236   0   0   0]\n [  0   0   0 237]\n [  0   0 119   0]\n [  0 264   0 444]]"
    },
    "fold_0_1": {
      "load_data_time": 0.031720032,
      "training_time": 1.161626185,
      "prediction_time": 0.335471244,
      "accuracy_score": 0.5,
      "f1_macro": 0.4030479896238651,
      "confusion_matrix": "[[236   0   0   0]\n [ 63   0   0 173]\n [  0   0 236   0]\n [236   0   0   0]]"
    },
    "fold_0_2": {
      "load_data_time": 0.044652119,
      "training_time": 1.492048446,
      "prediction_time": 0.165477273,
      "accuracy_score": 0.719632768361582,
      "f1_macro": 0.749017305699038,
      "confusion_matrix": "[[232   2   0   2]\n [  5  92   0 139]\n [  0   0 236   0]\n [  3 246   0 459]]"
    },
    "fold_0_3": {
      "load_data_time": 0.033494935,
      "training_time": 1.194525953,
      "prediction_time": 0.333841401,
      "accuracy_score": 0.3352192362093352,
      "f1_macro": 0.25,
      "confusion_matrix": "[[  0   0   0 235]\n [  0   0   0 235]\n [  0   0 237   0]\n [  0   0   0   0]]"
    },
    "fold_1_0": {
      "load_data_time": 0.04091619,
      "training_time": 1.449437928,
      "prediction_time": 0.194740456,
      "accuracy_score": 0.6445698166431594,
      "f1_macro": 0.6590909090909091,
      "confusion_matrix": "[[236   0   0   0]\n [  0   0   0 237]\n [  0   0 237   0]\n [  0 267   0 441]]"
    },
    "fold_1_1": {
      "load_data_time": 0.033607049,
      "training_time": 1.163666836,
      "prediction_time": 0.332493619,
      "accuracy_score": 0.42926239419588874,
      "f1_macro": 0.40465268676277855,
      "confusion_matrix": "[[236   0   0   0]\n [ 55   0   0 181]\n [  0   0 119   0]\n [236   0   0   0]]"
    },
    "fold_1_2": {
      "load_data_time": 0.043248657,
      "training_time": 1.466258417,
      "prediction_time": 0.166459947,
      "accuracy_score": 0.7231638418079096,
      "f1_macro": 0.7568121791897804,
      "confusion_matrix": "[[230   0   0   6]\n [  5 107   0 124]\n [  0   0 236   0]\n [  4 253   0 451]]"
    },
    "fold_1_3": {
      "load_data_time": 0.032531627,
      "training_time": 1.207518592,
      "prediction_time": 0.338821153,
      "accuracy_score": 0.3342776203966006,
      "f1_macro": 0.25,
      "confusion_matrix": "[[  0   0   0 235]\n [  0   0   0 235]\n [  0   0 236   0]\n [  0   0   0   0]]"
    },
    "fold_2_0": {
      "load_data_time": 0.041431622,
      "training_time": 1.402815586,
      "prediction_time": 0.229374562,
      "accuracy_score": 0.6556104446012703,
      "f1_macro": 0.662981455064194,
      "confusion_matrix": "[[236   0   0   0]\n [  0   0   0 237]\n [  0   0 236   0]\n [  0 251   0 457]]"
    },
    "fold_2_1": {
      "load_data_time": 0.034557619,
      "training_time": 1.171924032,
      "prediction_time": 0.304899988,
      "accuracy_score": 0.5005291005291005,
      "f1_macro": 0.40608465608465605,
      "confusion_matrix": "[[236   0   0   0]\n [ 48   0   0 188]\n [  0   0 237   0]\n [236   0   0   0]]"
    },
    "fold_2_2": {
      "load_data_time": 0.045230827,
      "training_time": 1.473242896,
      "prediction_time": 0.166111678,
      "accuracy_score": 0.7297921478060047,
      "f1_macro": 0.7878499628558218,
      "confusion_matrix": "[[232   0   0   4]\n [  6 142   0  88]\n [  0   0 119   0]\n [  2 251   0 455]]"
    },
    "fold_2_3": {
      "load_data_time": 0.035237403,
      "training_time": 1.175133162,
      "prediction_time": 0.336572469,
      "accuracy_score": 0.3342776203966006,
      "f1_macro": 0.25,
      "confusion_matrix": "[[  0   0   0 235]\n [  0   0   0 235]\n [  0   0 236   0]\n [  0   0   0   0]]"
    },
    "fold_3_0": {
      "load_data_time": 0.039141159,
      "training_time": 1.440197554,
      "prediction_time": 0.225422082,
      "accuracy_score": 0.652787579393084,
      "f1_macro": 0.6620171673819742,
      "confusion_matrix": "[[236   0   0   0]\n [  0   0   0 237]\n [  0   0 236   0]\n [  0 255   0 453]]"
    },
    "fold_3_1": {
      "load_data_time": 0.033575071,
      "training_time": 1.155064293,
      "prediction_time": 0.330909239,
      "accuracy_score": 0.5,
      "f1_macro": 0.40364583333333337,
      "confusion_matrix": "[[236   0   0   0]\n [ 60   0   0 176]\n [  0   0 236   0]\n [236   0   0   0]]"
    },
    "fold_3_2": {
      "load_data_time": 0.045592567,
      "training_time": 1.529733311,
      "prediction_time": 0.139636587,
      "accuracy_score": 0.7586450247000706,
      "f1_macro": 0.7939891267220045,
      "confusion_matrix": "[[232   0   0   4]\n [  6 150   0  80]\n [  0   0 237   0]\n [  3 249   0 456]]"
    },
    "fold_3_3": {
      "load_data_time": 0.040550126,
      "training_time": 1.434774534,
      "prediction_time": 0.205687597,
      "accuracy_score": 0.20203735144312393,
      "f1_macro": 0.25,
      "confusion_matrix": "[[  0   0   0 235]\n [  0   0   0 235]\n [  0   0 119   0]\n [  0   0   0   0]]"
    },
    "fold_4_0": {
      "load_data_time": 0.033378953,
      "training_time": 1.178427336,
      "prediction_time": 0.329775452,
      "accuracy_score": 0.42926239419588874,
      "f1_macro": 0.40608465608465605,
      "confusion_matrix": "[[236   0   0   0]\n [ 48   0   0 188]\n [  0   0 119   0]\n [236   0   0   0]]"
    },
    "fold_4_1": {
      "load_data_time": 0.032711546,
      "training_time": 1.145831357,
      "prediction_time": 0.33011926,
      "accuracy_score": 0.6718419195483416,
      "f1_macro": 0.6684210526315789,
      "confusion_matrix": "[[236   0   0   0]\n [  0   0   0 237]\n [  0   0 236   0]\n [  0 228   0 480]]"
    },
    "fold_4_2": {
      "load_data_time": 0.043988548,
      "training_time": 1.467964256,
      "prediction_time": 0.166363473,
      "accuracy_score": 0.7464689265536724,
      "f1_macro": 0.7786746624557366,
      "confusion_matrix": "[[231   0   0   5]\n [  5 128   0 103]\n [  0   0 236   0]\n [  5 241   0 462]]"
    },
    "fold_4_3": {
      "load_data_time": 0.038905179,
      "training_time": 1.392054528,
      "prediction_time": 0.222196259,
      "accuracy_score": 0.3352192362093352,
      "f1_macro": 0.25,
      "confusion_matrix": "[[  0   0   0 235]\n [  0   0   0 235]\n [  0   0 237   0]\n [  0   0   0   0]]"
    },
    "fold_5_0": {
      "load_data_time": 0.034772584,
      "training_time": 1.199688736,
      "prediction_time": 0.302698471,
      "accuracy_score": 0.49947089947089945,
      "f1_macro": 0.40521796565389695,
      "confusion_matrix": "[[235   0   0   1]\n [ 50   0   0 186]\n [  0   0 237   0]\n [236   0   0   0]]"
    },
    "fold_5_1": {
      "load_data_time": 0.033291865,
      "training_time": 1.130297402,
      "prediction_time": 0.330158726,
      "accuracy_score": 0.6115384615384616,
      "f1_macro": 0.6588447653429603,
      "confusion_matrix": "[[236   0   0   0]\n [  0   0   0 237]\n [  0   0 119   0]\n [  0 268   0 440]]"
    },
    "fold_5_2": {
      "load_data_time": 0.043271459,
      "training_time": 1.474026126,
      "prediction_time": 0.166324563,
      "accuracy_score": 0.7521186440677966,
      "f1_macro": 0.7871907276016046,
      "confusion_matrix": "[[232   0   0   4]\n [  6 140   0  90]\n [  0   0 236   0]\n [  2 249   0 457]]"
    },
    "fold_5_3": {
      "load_data_time": 0.03800218,
      "training_time": 1.388621368,
      "prediction_time": 0.221176462,
      "accuracy_score": 0.3342776203966006,
      "f1_macro": 0.25,
      "confusion_matrix": "[[  0   0   0 235]\n [  0   0   0 235]\n [  0   0 236   0]\n [  0   0   0   0]]"
    },
    "fold_6_0": {
      "load_data_time": 0.033386878,