{
  "experiment_name": "rauber_de_fe_setup",
  "feature_extraction": "WaveletFeatures",
  "classifier": "RandomForestClassifier",
  "augmentation": false,
  "start_time": "2026-04-30_18-43-35",
  "scores": {
    "fold_0_0": {
      "load_data_time": 0.06656449,
      "training_time": 2.745937264,
      "prediction_time": 0.466726274,
      "accuracy_score": 0.588144726712856,
      "f1_macro": 0.5998098392835235,
      "confusion_matrix": "[[462   9   0   0]\n [  0   0   0 473]\n [  0   0 238   0]\n [237 351   0 828]]"
    },
    "fold_0_1": {
      "load_data_time": 0.058859703,
      "training_time": 2.441229227,
      "prediction_time": 0.559920508,
      "accuracy_score": 0.6060606060606061,
      "f1_macro": 0.5411237361981981,
      "confusion_matrix": "[[415  38   0  19]\n [ 89   0   0 383]\n [  0   0 472   0]\n [233   5   0 293]]"
    },
    "fold_0_2": {
      "load_data_time": 0.081209943,
      "training_time": 3.179170928,
      "prediction_time": 0.221085874,
      "accuracy_score": 0.6375212224108658,
      "f1_macro": 0.6177065813478259,
      "confusion_matrix": "[[357   7   0 107]\n [  7   0   0 465]\n [  0   0 472   0]\n [  0 268   0 673]]"
    },
    "fold_0_3": {
      "load_data_time": 0.055337012,
      "training_time": 2.240988686,
      "prediction_time": 0.67625761,
      "accuracy_score": 0.5211864406779662,
      "f1_macro": 0.2855731225296443,
      "confusion_matrix": "[[  0   0   0 235]\n [  0  18   0 217]\n [  0   0 474   0]\n [  0   0   0   0]]"
    },
    "fold_1_0": {
      "load_data_time": 0.07026119,
      "training_time": 2.747655556,
      "prediction_time": 0.404197923,
      "accuracy_score": 0.6305575158786167,
      "f1_macro": 0.6073615480307262,
      "confusion_matrix": "[[460   9   0   2]\n [  0   0   0 473]\n [  0   0 474   0]\n [208 355   0 853]]"
    },
    "fold_1_1": {
      "load_data_time": 0.06324605,
      "training_time": 2.430619819,
      "prediction_time": 0.557629654,
      "accuracy_score": 0.5545826036193812,
      "f1_macro": 0.5405328866020501,
      "confusion_matrix": "[[418  20   0  34]\n [ 98   0   0 374]\n [  0   0 238   0]\n [232   5   0 294]]"
    },
    "fold_1_2": {
      "load_data_time": 0.079232577,
      "training_time": 3.183673278,
      "prediction_time": 0.220775936,
      "accuracy_score": 0.6434634974533107,
      "f1_macro": 0.622230803354197,
      "confusion_matrix": "[[361  11   0  99]\n [ 11   3   0 458]\n [  0   0 472   0]\n [  0 261   0 680]]"
    },
    "fold_1_3": {
      "load_data_time": 0.055610636,
      "training_time": 2.231241932,
      "prediction_time": 0.669959199,
      "accuracy_score": 0.5806794055201698,
      "f1_macro": 0.3709677419354839,
      "confusion_matrix": "[[  0   0   0 235]\n [  0  75   0 160]\n [  0   0 472   0]\n [  0   0   0   0]]"
    },
    "fold_2_0": {
      "load_data_time": 0.067880755,
      "training_time": 2.671133539,
      "prediction_time": 0.455783673,
      "accuracy_score": 0.6405367231638418,
      "f1_macro": 0.6124100705102622,
      "confusion_matrix": "[[461   9   0   1]\n [  0   0   0 473]\n [  0   0 472   0]\n [201 334   0 881]]"
    },
    "fold_2_1": {
      "load_data_time": 0.065535618,
      "training_time": 2.485397613,
      "prediction_time": 0.494487858,
      "accuracy_score": 0.599281682914315,
      "f1_macro": 0.5364015814848445,
      "confusion_matrix": "[[399  39   0  34]\n [ 84   0   0 388]\n [  0   0 474   0]\n [231   5   0 295]]"
    },
    "fold_2_2": {
      "load_data_time": 0.081712496,
      "training_time": 3.185371536,
      "prediction_time": 0.220354471,
      "accuracy_score": 0.6102733270499529,
      "f1_macro": 0.6265765603866172,
      "confusion_matrix": "[[354   5   0 112]\n [  6   9   0 457]\n [  0   0 238   0]\n [  0 247   0 694]]"
    },
    "fold_2_3": {
      "load_data_time": 0.057774785,
      "training_time": 2.204991295,
      "prediction_time": 0.665282904,
      "accuracy_score": 0.5254777070063694,
      "f1_macro": 0.29457364341085274,
      "confusion_matrix": "[[  0   0   0 235]\n [  0  23   0 212]\n [  0   0 472   0]\n [  0   0   0   0]]"
    },
    "fold_3_0": {
      "load_data_time": 0.065965174,
      "training_time": 2.716075872,
      "prediction_time": 0.456654644,
      "accuracy_score": 0.6027542372881356,
      "f1_macro": 0.5842259551596636,
      "confusion_matrix": "[[462   9   0   0]\n [  0   0   0 473]\n [  0   0 472   0]\n [289 354   0 773]]"
    },
    "fold_3_1": {
      "load_data_time": 0.063877848,
      "training_time": 2.417235419,
      "prediction_time": 0.550910238,
      "accuracy_score": 0.6322547508988187,
      "f1_macro": 0.5631604778905047,
      "confusion_matrix": "[[412  33   0  27]\n [ 87   0   0 385]\n [  0   0 472   0]\n [182   2   0 347]]"
    },
    "fold_3_2": {
      "load_data_time": 0.083697692,
      "training_time": 3.233735663,
      "prediction_time": 0.166274548,
      "accuracy_score": 0.638676844783715,
      "f1_macro": 0.6127600666719372,
      "confusion_matrix": "[[339   5   0 127]\n [  9   0   0 463]\n [  0   0 474   0]\n [  0 248   0 693]]"
    },
    "fold_3_3": {
      "load_data_time": 0.070772642,
      "training_time": 2.737827806,
      "prediction_time": 0.401994151,
      "accuracy_score": 0.3785310734463277,
      "f1_macro": 0.30660377358490565,
      "confusion_matrix": "[[  0   0   0 235]\n [  0  30   0 205]\n [  0   0 238   0]\n [  0   0   0   0]]"
    },
    "fold_4_0": {
      "load_data_time": 0.057812921,
      "training_time": 2.213431093,
      "prediction_time": 0.659532669,
      "accuracy_score": 0.5633391710449503,
      "f1_macro": 0.5490936515421051,
      "confusion_matrix": "[[420  31   0  21]\n [ 70   0   0 402]\n [  0   0 238   0]\n [222   2   0 307]]"
    },
    "fold_4_1": {
      "load_data_time": 0.061746008,
      "training_time": 2.440784918,
      "prediction_time": 0.54925969,
      "accuracy_score": 0.5939265536723164,
      "f1_macro": 0.5740331190631037,
      "confusion_matrix": "[[461  10   0   0]\n [  0   0   0 473]\n [  0   0 472   0]\n [334 333   0 749]]"
    },
    "fold_4_2": {
      "load_data_time": 0.082121488,
      "training_time": 3.178798608,
      "prediction_time": 0.221677126,
      "accuracy_score": 0.6205432937181664,
      "f1_macro": 0.6103503162295137,
      "confusion_matrix": "[[351   5   0 115]\n [  6   1   0 465]\n [  0   0 472   0]\n [  0 303   0 638]]"
    },
    "fold_4_3": {
      "load_data_time": 0.067656655,
      "training_time": 2.686967743,
      "prediction_time": 0.457064216,
      "accuracy_score": 0.5148305084745762,
      "f1_macro": 0.2742914979757085,
      "confusion_matrix": "[[  0   0   0 235]\n [  0  12   0 223]\n [  0   0 474   0]\n [  0   0   0   0]]"
    },
    "fold_5_0": {
      "load_data_time": 0.059879266,
      "training_time": 2.27399375,
      "prediction_time": 0.606473972,
      "accuracy_score": 0.629040533606978,
      "f1_macro": 0.5593671224802026,
      "confusion_matrix": "[[409  24   4  35]\n [ 83   0   0 389]\n [  0   0 474   0]\n [183   5   0 343]]"
    },
    "fold_5_1": {
      "load_data_time": 0.062906134,
      "training_time": 2.408508432,
      "prediction_time": 0.550094859,
      "accuracy_score": 0.5677444187836798,
      "f1_macro": 0.592544931104571,
      "confusion_matrix": "[[461   9   0   1]\n [  0   0   0 473]\n [  0   0 238   0]\n [238 402   0 776]]"
    },
    "fold_5_2": {
      "load_data_time": 0.079423489,
      "training_time": 3.164807047,
      "prediction_time": 0.221074459,
      "accuracy_score": 0.6485568760611206,
      "f1_macro": 0.6201389932627148,
      "confusion_matrix": "[[348   7   0 116]\n [  3   0   0 469]\n [  0   0 472   0]\n [  0 233   0 708]]"
    },
    "fold_5_3": {
      "load_data_time": 0.066000107,
      "training_time": 2.71645096,
      "prediction_time": 0.457563044,
      "accuracy_score": 0.5233545647558386,
      "f1_macro": 0.291015625,