{
  "experiment_name": "rauber_loca_et_al_setup",
  "feature_extraction": "WaveletFeatures",
  "classifier": "RandomForestClassifier",
  "augmentation": false,
  "start_time": "2026-05-01_01-03-45",
  "scores": {
    "fold_0_0": {
      "load_data_time": 0.037705423,
      "training_time": 1.426073714,
      "prediction_time": 0.222725632,
      "accuracy_score": 0.6153846153846154,
      "f1_macro": 0.6600719424460432,
      "confusion_matrix": "[[236   0   0   0]\n [  0   0   0 237]\n [  0   0 119   0]\n [  0 263   0 445]]"
    },
    "fold_0_1": {
      "load_data_time": 0.031166114,
      "training_time": 1.141517819,
      "prediction_time": 0.3335127,
      "accuracy_score": 0.4989406779661017,
      "f1_macro": 0.4041994750656168,
      "confusion_matrix": "[[235   0   0   1]\n [ 55   0   0 181]\n [  0   0 236   0]\n [236   0   0   0]]"
    },
    "fold_0_2": {
      "load_data_time": 0.044085022,
      "training_time": 1.475948631,
      "prediction_time": 0.164265057,
      "accuracy_score": 0.7464689265536724,
      "f1_macro": 0.781736653918022,
      "confusion_matrix": "[[232   0   0   4]\n [  5 133   0  98]\n [  0   0 236   0]\n [  2 250   0 456]]"
    },
    "fold_0_3": {
      "load_data_time": 0.033381921,
      "training_time": 1.1720534,
      "prediction_time": 0.331325217,
      "accuracy_score": 0.3352192362093352,
      "f1_macro": 0.25,
      "confusion_matrix": "[[  0   0   0 235]\n [  0   0   0 235]\n [  0   0 237   0]\n [  0   0   0   0]]"
    },
    "fold_1_0": {
      "load_data_time": 0.040562376,
      "training_time": 1.429133429,
      "prediction_time": 0.193749578,
      "accuracy_score": 0.6431593794076164,
      "f1_macro": 0.6585982658959537,
      "confusion_matrix": "[[236   0   0   0]\n [  0   0   0 237]\n [  0   0 237   0]\n [  0 269   0 439]]"
    },
    "fold_1_1": {
      "load_data_time": 0.033505369,
      "training_time": 1.141620186,
      "prediction_time": 0.328307232,
      "accuracy_score": 0.4280532043530834,
      "f1_macro": 0.40521796565389695,
      "confusion_matrix": "[[235   0   0   1]\n [ 50   0   0 186]\n [  0   0 119   0]\n [236   0   0   0]]"
    },
    "fold_1_2": {
      "load_data_time": 0.042743476,
      "training_time": 1.459593062,
      "prediction_time": 0.164059063,
      "accuracy_score": 0.7238700564971752,
      "f1_macro": 0.754923794507949,
      "confusion_matrix": "[[232   0   0   4]\n [  9 103   0 124]\n [  0   0 236   0]\n [  3 251   0 454]]"
    },
    "fold_1_3": {
      "load_data_time": 0.032307277,
      "training_time": 1.169108526,
      "prediction_time": 0.328245047,
      "accuracy_score": 0.3342776203966006,
      "f1_macro": 0.25,
      "confusion_matrix": "[[  0   0   0 235]\n [  0   0   0 235]\n [  0   0 236   0]\n [  0   0   0   0]]"
    },
    "fold_2_0": {
      "load_data_time": 0.038941934,
      "training_time": 1.397586775,
      "prediction_time": 0.221113945,
      "accuracy_score": 0.6464361326746648,
      "f1_macro": 0.6598272138228942,
      "confusion_matrix": "[[236   0   0   0]\n [  0   0   0 237]\n [  0   0 236   0]\n [  0 264   0 444]]"
    },
    "fold_2_1": {
      "load_data_time": 0.034660048,
      "training_time": 1.163485168,
      "prediction_time": 0.300535905,
      "accuracy_score": 0.5005291005291005,
      "f1_macro": 0.40384615384615385,
      "confusion_matrix": "[[236   0   0   0]\n [ 59   0   0 177]\n [  0   0 237   0]\n [236   0   0   0]]"
    },
    "fold_2_2": {
      "load_data_time": 0.043898447,
      "training_time": 1.455752511,
      "prediction_time": 0.164224547,
      "accuracy_score": 0.6828329484218629,
      "f1_macro": 0.7336345102067324,
      "confusion_matrix": "[[231   0   0   5]\n [  6  75   0 155]\n [  0   0 119   0]\n [  4 242   0 462]]"
    },
    "fold_2_3": {
      "load_data_time": 0.033607159,
      "training_time": 1.161339519,
      "prediction_time": 0.327338881,
      "accuracy_score": 0.3342776203966006,
      "f1_macro": 0.25,
      "confusion_matrix": "[[  0   0   0 235]\n [  0   0   0 235]\n [  0   0 236   0]\n [  0   0   0   0]]"
    },
    "fold_3_0": {
      "load_data_time": 0.037735568,
      "training_time": 1.395094063,
      "prediction_time": 0.219478066,
      "accuracy_score": 0.647847565278758,
      "f1_macro": 0.6603163191948238,
      "confusion_matrix": "[[236   0   0   0]\n [  0   0   0 237]\n [  0   0 236   0]\n [  0 262   0 446]]"
    },
    "fold_3_1": {
      "load_data_time": 0.033422648,
      "training_time": 1.134495059,
      "prediction_time": 0.328647197,
      "accuracy_score": 0.4989406779661017,
      "f1_macro": 0.4037958115183246,
      "confusion_matrix": "[[235   0   0   1]\n [ 57   0   0 179]\n [  0   0 236   0]\n [236   0   0   0]]"
    },
    "fold_3_2": {
      "load_data_time": 0.044958335,
      "training_time": 1.488356833,
      "prediction_time": 0.138094081,
      "accuracy_score": 0.7318278052223006,
      "f1_macro": 0.7673759296910511,
      "confusion_matrix": "[[229   1   0   6]\n [  5 121   0 110]\n [  0   0 237   0]\n [  3 255   0 450]]"
    },
    "fold_3_3": {
      "load_data_time": 0.040240059,
      "training_time": 1.420818206,
      "prediction_time": 0.192670859,
      "accuracy_score": 0.21731748726655348,
      "f1_macro": 0.26844262295081966,
      "confusion_matrix": "[[  0   0   0 235]\n [  0   9   0 226]\n [  0   0 119   0]\n [  0   0   0   0]]"
    },
    "fold_4_0": {
      "load_data_time": 0.033488723,
      "training_time": 1.166820535,
      "prediction_time": 0.329177964,
      "accuracy_score": 0.4280532043530834,
      "f1_macro": 0.4035947712418301,
      "confusion_matrix": "[[235   0   0   1]\n [ 58   0   0 178]\n [  0   0 119   0]\n [236   0   0   0]]"
    },
    "fold_4_1": {
      "load_data_time": 0.03258756,
      "training_time": 1.133422788,
      "prediction_time": 0.326555886,
      "accuracy_score": 0.6457304163726182,
      "f1_macro": 0.6595821325648414,
      "confusion_matrix": "[[236   0   0   0]\n [  0   0   0 237]\n [  0   0 236   0]\n [  0 265   0 443]]"
    },
    "fold_4_2": {
      "load_data_time": 0.044022674,
      "training_time": 1.456694392,
      "prediction_time": 0.164510049,
      "accuracy_score": 0.7358757062146892,
      "f1_macro": 0.768820611142202,
      "confusion_matrix": "[[231   0   0   5]\n [  5 116   0 115]\n [  0   0 236   0]\n [  2 247   0 459]]"
    },
    "fold_4_3": {
      "load_data_time": 0.038984936,
      "training_time": 1.392129642,
      "prediction_time": 0.2200839,
      "accuracy_score": 0.3352192362093352,
      "f1_macro": 0.25,
      "confusion_matrix": "[[  0   0   0 235]\n [  0   0   0 235]\n [  0   0 237   0]\n [  0   0   0   0]]"
    },
    "fold_5_0": {
      "load_data_time": 0.034773526,
      "training_time": 1.198722304,
      "prediction_time": 0.301366091,
      "accuracy_score": 0.49947089947089945,
      "f1_macro": 0.403997378768021,
      "confusion_matrix": "[[235   0   0   1]\n [ 56   0   0 180]\n [  0   0 237   0]\n [236   0   0   0]]"
    },
    "fold_5_1": {
      "load_data_time": 0.033730862,
      "training_time": 1.129847981,
      "prediction_time": 0.329062572,
      "accuracy_score": 0.6107692307692307,
      "f1_macro": 0.6585982658959537,
      "confusion_matrix": "[[236   0   0   0]\n [  0   0   0 237]\n [  0   0 119   0]\n [  0 269   0 439]]"
    },
    "fold_5_2": {
      "load_data_time": 0.043002592,
      "training_time": 1.456268728,
      "prediction_time": 0.164184331,
      "accuracy_score": 0.7492937853107344,
      "f1_macro": 0.7848279823653223,
      "confusion_matrix": "[[232   0   0   4]\n [  5 137   0  94]\n [  0   0 236   0]\n [  2 250   0 456]]"
    },
    "fold_5_3": {
      "load_data_time": 0.037725559,
      "training_time": 1.383485485,
      "prediction_time": 0.219306554,
      "accuracy_score": 0.3342776203966006,
      "f1_macro": 0.25,
      "confusion_matrix": "[[  0   0   0 235]\n [  0   0   0 235]\n [  0   0 236   0]\n [  0   0   0   0]]"
    },