{
  "experiment_name": "rauber_de_fe_setup",
  "feature_extraction": "WaveletFeatures",
  "classifier": "RandomForestClassifier",
  "augmentation": true,
  "start_time": "2026-05-01_09-32-52",
  "scores": {
    "fold_0_0": {
      "load_data_time": 20.417380963,
      "training_time": 25.898515244,
      "prediction_time": 0.462551652,
      "accuracy_score": 0.5026943802925328,
      "f1_macro": 0.5281048846625708,
      "confusion_matrix": "[[470   0   0   1]\n [  0   6   0 467]\n [  0   0 238   0]\n [581 243   0 592]]"
    },
    "fold_0_1": {
      "load_data_time": 14.037552212,
      "training_time": 18.187455283,
      "prediction_time": 0.556654406,
      "accuracy_score": 0.6399589111453519,
      "f1_macro": 0.5633032915488959,
      "confusion_matrix": "[[410   8   0  54]\n [190   0   0 282]\n [  0   0 472   0]\n [167   0   0 364]]"
    },
    "fold_0_2": {
      "load_data_time": 29.79889689,
      "training_time": 37.483905213,
      "prediction_time": 0.21816117,
      "accuracy_score": 0.4859932088285229,
      "f1_macro": 0.4566623811294276,
      "confusion_matrix": "[[219   1   0 251]\n [217   1   0 254]\n [  0   0 472   0]\n [358 130   0 453]]"
    },
    "fold_0_3": {
      "load_data_time": 10.854584582,
      "training_time": 13.711244734,
      "prediction_time": 0.664391908,
      "accuracy_score": 0.5180084745762712,
      "f1_macro": 0.28,
      "confusion_matrix": "[[  0   0   0 235]\n [  0  15   0 220]\n [  0   0 474   0]\n [  0   0   0   0]]"
    },
    "fold_1_0": {
      "load_data_time": 20.337780528,
      "training_time": 25.247294653,
      "prediction_time": 0.399535686,
      "accuracy_score": 0.5455187014820042,
      "f1_macro": 0.5279648448474898,
      "confusion_matrix": "[[470   0   0   1]\n [  0   4   0 469]\n [  0   0 474   0]\n [577 241   0 598]]"
    },
    "fold_1_1": {
      "load_data_time": 14.154728353,
      "training_time": 18.166142799,
      "prediction_time": 0.54903707,
      "accuracy_score": 0.5615878575598365,
      "f1_macro": 0.5437373991935484,
      "confusion_matrix": "[[401  20   0  51]\n [199   0   0 273]\n [  0   0 238   0]\n [208   0   0 323]]"
    },
    "fold_1_2": {
      "load_data_time": 29.580798483,
      "training_time": 36.86101162,
      "prediction_time": 0.218425756,
      "accuracy_score": 0.49193548387096775,
      "f1_macro": 0.4614529541292719,
      "confusion_matrix": "[[238   0   0 233]\n [206   0   0 266]\n [  0   0 472   0]\n [370 122   0 449]]"
    },
    "fold_1_3": {
      "load_data_time": 10.693067355,
      "training_time": 13.712253931,
      "prediction_time": 0.662702038,
      "accuracy_score": 0.5010615711252654,
      "f1_macro": 0.25,
      "confusion_matrix": "[[  0   0   0 235]\n [  0   0   0 235]\n [  0   0 472   0]\n [  0   0   0   0]]"
    },
    "fold_2_0": {
      "load_data_time": 20.023888947,
      "training_time": 25.308173508,
      "prediction_time": 0.453776232,
      "accuracy_score": 0.5413135593220338,
      "f1_macro": 0.5199221101125812,
      "confusion_matrix": "[[466   1   0   4]\n [  0   2   0 471]\n [  0   0 472   0]\n [626 197   0 593]]"
    },
    "fold_2_1": {
      "load_data_time": 13.824666923,
      "training_time": 18.441588363,
      "prediction_time": 0.494971452,
      "accuracy_score": 0.6316059517701386,
      "f1_macro": 0.5576055086805141,
      "confusion_matrix": "[[409  21   0  42]\n [220   0   0 252]\n [  0   0 474   0]\n [183   0   0 348]]"
    },
    "fold_2_2": {
      "load_data_time": 29.354382164,
      "training_time": 37.192224577,
      "prediction_time": 0.2189964,
      "accuracy_score": 0.43355325164938735,
      "f1_macro": 0.46088098543947603,
      "confusion_matrix": "[[213   1   0 257]\n [216   4   0 252]\n [  0   0 238   0]\n [335 141   0 465]]"
    },
    "fold_2_3": {
      "load_data_time": 10.642311728,
      "training_time": 13.699198942,
      "prediction_time": 0.654910169,
      "accuracy_score": 0.5021231422505308,
      "f1_macro": 0.2521186440677966,
      "confusion_matrix": "[[  0   0   0 235]\n [  0   1   0 234]\n [  0   0 472   0]\n [  0   0   0   0]]"
    },
    "fold_3_0": {
      "load_data_time": 20.259093293,
      "training_time": 25.214594409,
      "prediction_time": 0.452089874,
      "accuracy_score": 0.5286016949152542,
      "f1_macro": 0.5162544847576768,
      "confusion_matrix": "[[449   1   0  21]\n [  0   3   0 470]\n [  0   0 472   0]\n [590 253   0 573]]"
    },
    "fold_3_1": {
      "load_data_time": 13.992814867,
      "training_time": 18.239754331,
      "prediction_time": 0.545282436,
      "accuracy_score": 0.6307139188495121,
      "f1_macro": 0.5584591110594963,
      "confusion_matrix": "[[399  29   0  44]\n [213   0   0 259]\n [  0   0 472   0]\n [174   0   0 357]]"
    },
    "fold_3_2": {
      "load_data_time": 30.285156006,
      "training_time": 37.16208182,
      "prediction_time": 0.16504941,
      "accuracy_score": 0.5012722646310432,
      "f1_macro": 0.46189773443038773,
      "confusion_matrix": "[[190   1   0 280]\n [216   2   0 254]\n [  0   0 474   0]\n [301 124   0 516]]"
    },
    "fold_3_3": {
      "load_data_time": 20.609640345,
      "training_time": 25.400571407,
      "prediction_time": 0.399286155,
      "accuracy_score": 0.3361581920903955,
      "f1_macro": 0.25,
      "confusion_matrix": "[[  0   0   0 235]\n [  0   0   0 235]\n [  0   0 238   0]\n [  0   0   0   0]]"
    },
    "fold_4_0": {
      "load_data_time": 10.820201658,
      "training_time": 13.69221045,
      "prediction_time": 0.654389881,
      "accuracy_score": 0.5966141272621133,
      "f1_macro": 0.5675070208299947,
      "confusion_matrix": "[[416  10   0  46]\n [195   0   0 277]\n [  0   0 238   0]\n [163   0   0 368]]"
    },
    "fold_4_1": {
      "load_data_time": 14.452633509,
      "training_time": 18.313207957,
      "prediction_time": 0.548492318,
      "accuracy_score": 0.5384887005649718,
      "f1_macro": 0.5240888304389781,
      "confusion_matrix": "[[468   1   0   2]\n [  0   5   0 468]\n [  0   0 472   0]\n [590 246   0 580]]"
    },
    "fold_4_2": {
      "load_data_time": 30.438330257,
      "training_time": 37.076902049,
      "prediction_time": 0.21929694,
      "accuracy_score": 0.5097623089983022,
      "f1_macro": 0.4714178402628299,
      "confusion_matrix": "[[230   0   0 241]\n [224   1   0 247]\n [  0   0 472   0]\n [334 109   0 498]]"
    },
    "fold_4_3": {
      "load_data_time": 20.483266303,
      "training_time": 25.158955447,
      "prediction_time": 0.453639231,
      "accuracy_score": 0.5021186440677966,
      "f1_macro": 0.25,
      "confusion_matrix": "[[  0   0   0 235]\n [  0   0   0 235]\n [  0   0 474   0]\n [  0   0   0   0]]"
    },
    "fold_5_0": {
      "load_data_time": 10.944051551,
      "training_time": 13.779322887,
      "prediction_time": 0.602163089,
      "accuracy_score": 0.6167265264238071,
      "f1_macro": 0.546894579990789,
      "confusion_matrix": "[[397  31   0  44]\n [210   0   0 262]\n [  0   0 474   0]\n [200   0   0 331]]"
    },
    "fold_5_1": {
      "load_data_time": 14.076230137,
      "training_time": 18.292970352,
      "prediction_time": 0.545197775,
      "accuracy_score": 0.47421093148575827,
      "f1_macro": 0.5115055312080299,
      "confusion_matrix": "[[468   0   0   3]\n [  0   5   0 468]\n [  0   0 238   0]\n [621 274   0 521]]"
    },
    "fold_5_2": {
      "load_data_time": 29.755161185,
      "training_time": 37.257153243,
      "prediction_time": 0.218864398,
      "accuracy_score": 0.5398981324278438,
      "f1_macro": 0.4895008772924184,
      "confusion_matrix": "[[229   2   0 240]\n [212   2   0 258]\n [  0   0 472   0]\n [280  92   0 569]]"
    },
    "fold_5_3": {
      "load_data_time": 20.705452411,
      "training_time": 25.178251387,
      "prediction_time": 0.450834972,
      "accuracy_score": 0.5276008492569002,
      "f1_macro": 0.2980769230769231,