{
  "experiment_name": "rauber_loca_et_al_setup",
  "feature_extraction": "WaveletFeatures",
  "classifier": "RandomForestClassifier",
  "augmentation": true,
  "start_time": "2026-05-01_14-23-42",
  "scores": {
    "fold_0_0": {
      "load_data_time": 6.587013629,
      "training_time": 7.743032523,
      "prediction_time": 0.223274909,
      "accuracy_score": 0.6184615384615385,
      "f1_macro": 0.6610473457675753,
      "confusion_matrix": "[[236   0   0   0]\n [  0   0   0 237]\n [  0   0 119   0]\n [  0 259   0 449]]"
    },
    "fold_0_1": {
      "load_data_time": 3.785384168,
      "training_time": 4.393065784,
      "prediction_time": 0.334949972,
      "accuracy_score": 0.5042372881355932,
      "f1_macro": 0.41867440822872576,
      "confusion_matrix": "[[236   0   0   0]\n [ 14   0   0 222]\n [  0   0 236   0]\n [232   0   0   4]]"
    },
    "fold_0_2": {
      "load_data_time": 8.851580762,
      "training_time": 9.384607526,
      "prediction_time": 0.168877405,
      "accuracy_score": 0.644774011299435,
      "f1_macro": 0.5982712758434104,
      "confusion_matrix": "[[230   0   0   6]\n [122   1   0 113]\n [  0   0 236   0]\n [ 81 181   0 446]]"
    },
    "fold_0_3": {
      "load_data_time": 3.829189819,
      "training_time": 4.390357197,
      "prediction_time": 0.333591672,
      "accuracy_score": 0.3352192362093352,
      "f1_macro": 0.25,
      "confusion_matrix": "[[  0   0   0 235]\n [  0   0   0 235]\n [  0   0 237   0]\n [  0   0   0   0]]"
    },
    "fold_1_0": {
      "load_data_time": 6.608070946,
      "training_time": 7.600103085,
      "prediction_time": 0.195209415,
      "accuracy_score": 0.6459802538787024,
      "f1_macro": 0.6595821325648414,
      "confusion_matrix": "[[236   0   0   0]\n [  0   0   0 237]\n [  0   0 237   0]\n [  0 265   0 443]]"
    },
    "fold_1_1": {
      "load_data_time": 3.72657971,
      "training_time": 4.385438102,
      "prediction_time": 0.329327301,
      "accuracy_score": 0.42926239419588874,
      "f1_macro": 0.41076294277929154,
      "confusion_matrix": "[[236   0   0   0]\n [ 26   0   0 210]\n [  0   0 119   0]\n [236   0   0   0]]"
    },
    "fold_1_2": {
      "load_data_time": 8.682699671,
      "training_time": 9.290564133,
      "prediction_time": 0.165217946,
      "accuracy_score": 0.6426553672316384,
      "f1_macro": 0.6116290997224884,
      "confusion_matrix": "[[215   0   0  21]\n [130  10   0  96]\n [  0   0 236   0]\n [ 34 225   0 449]]"
    },
    "fold_1_3": {
      "load_data_time": 3.743761728,
      "training_time": 4.437609282,
      "prediction_time": 0.329733828,
      "accuracy_score": 0.3356940509915014,
      "f1_macro": 0.2521186440677966,
      "confusion_matrix": "[[  0   0   0 235]\n [  0   1   0 234]\n [  0   0 236   0]\n [  0   0   0   0]]"
    },
    "fold_2_0": {
      "load_data_time": 6.539941985,
      "training_time": 7.617940424,
      "prediction_time": 0.221133571,
      "accuracy_score": 0.6422018348623854,
      "f1_macro": 0.6578228687520924,
      "confusion_matrix": "[[236   0   0   0]\n [  0   0   0 237]\n [  0   0 236   0]\n [  1 269   0 438]]"
    },
    "fold_2_1": {
      "load_data_time": 3.7347835,
      "training_time": 4.396060291,
      "prediction_time": 0.302075035,
      "accuracy_score": 0.5047619047619047,
      "f1_macro": 0.41801887961225487,
      "confusion_matrix": "[[236   0   0   0]\n [ 17   0   0 219]\n [  0   0 237   0]\n [232   0   0   4]]"
    },
    "fold_2_2": {
      "load_data_time": 8.857200947,
      "training_time": 9.304839118,
      "prediction_time": 0.165030794,
      "accuracy_score": 0.6250962278675904,
      "f1_macro": 0.6217049901410452,
      "confusion_matrix": "[[221   1   0  14]\n [110  13   0 113]\n [  0   0 119   0]\n [ 47 202   0 459]]"
    },
    "fold_2_3": {
      "load_data_time": 3.80592155,
      "training_time": 4.388477883,
      "prediction_time": 0.33037548,
      "accuracy_score": 0.3342776203966006,
      "f1_macro": 0.25,
      "confusion_matrix": "[[  0   0   0 235]\n [  0   0   0 235]\n [  0   0 236   0]\n [  0   0   0   0]]"
    },
    "fold_3_0": {
      "load_data_time": 6.571522623,
      "training_time": 7.60561495,
      "prediction_time": 0.220851585,
      "accuracy_score": 0.6407904022582922,
      "f1_macro": 0.6578566256335988,
      "confusion_matrix": "[[236   0   0   0]\n [  0   0   0 237]\n [  0   0 236   0]\n [  0 272   0 436]]"
    },
    "fold_3_1": {
      "load_data_time": 3.645080132,
      "training_time": 4.332722365,
      "prediction_time": 0.3302868,
      "accuracy_score": 0.503177966101695,
      "f1_macro": 0.4164911277166922,
      "confusion_matrix": "[[236   0   0   0]\n [ 18   0   0 218]\n [  0   0 236   0]\n [233   0   0   3]]"
    },
    "fold_3_2": {
      "load_data_time": 8.777518468,
      "training_time": 9.322398799,
      "prediction_time": 0.141839133,
      "accuracy_score": 0.5829216654904729,
      "f1_macro": 0.5711063077560856,
      "confusion_matrix": "[[186   1   0  49]\n [ 92  19   0 125]\n [  0   0 237   0]\n [109 215   0 384]]"
    },
    "fold_3_3": {
      "load_data_time": 6.537823721,
      "training_time": 7.636925062,
      "prediction_time": 0.193993767,
      "accuracy_score": 0.20203735144312393,
      "f1_macro": 0.25,
      "confusion_matrix": "[[  0   0   0 235]\n [  0   0   0 235]\n [  0   0 119   0]\n [  0   0   0   0]]"
    },
    "fold_4_0": {
      "load_data_time": 3.73182464,
      "training_time": 4.409927656,
      "prediction_time": 0.331397769,
      "accuracy_score": 0.42926239419588874,
      "f1_macro": 0.41032608695652173,
      "confusion_matrix": "[[236   0   0   0]\n [ 28   0   0 208]\n [  0   0 119   0]\n [236   0   0   0]]"
    },
    "fold_4_1": {
      "load_data_time": 3.733087119,
      "training_time": 4.367380771,
      "prediction_time": 0.33105471,
      "accuracy_score": 0.6534932956951306,
      "f1_macro": 0.6617302150282518,
      "confusion_matrix": "[[236   0   0   0]\n [  0   0   0 237]\n [  0   0 236   0]\n [  1 253   0 454]]"
    },
    "fold_4_2": {
      "load_data_time": 8.865272511,
      "training_time": 9.293371793,
      "prediction_time": 0.165838949,
      "accuracy_score": 0.6228813559322034,
      "f1_macro": 0.5814303192251776,
      "confusion_matrix": "[[185   1   0  50]\n [115   1   0 120]\n [  0   0 236   0]\n [ 48 200   0 460]]"
    },
    "fold_4_3": {
      "load_data_time": 6.564651607,
      "training_time": 7.613345213,
      "prediction_time": 0.220600139,
      "accuracy_score": 0.3352192362093352,
      "f1_macro": 0.25,
      "confusion_matrix": "[[  0   0   0 235]\n [  0   0   0 235]\n [  0   0 237   0]\n [  0   0   0   0]]"
    },
    "fold_5_0": {
      "load_data_time": 3.784586628,
      "training_time": 4.4315759,
      "prediction_time": 0.302998075,
      "accuracy_score": 0.5026455026455027,
      "f1_macro": 0.41517640787050497,
      "confusion_matrix": "[[236   0   0   0]\n [ 18   0   0 218]\n [  0   0 237   0]\n [234   0   0   2]]"
    },
    "fold_5_1": {
      "load_data_time": 3.73458601,
      "training_time": 4.373104953,
      "prediction_time": 0.328876804,
      "accuracy_score": 0.6053846153846154,
      "f1_macro": 0.6563342038718236,
      "confusion_matrix": "[[236   0   0   0]\n [  0   0   0 237]\n [  0   0 119   0]\n [  1 275   0 432]]"
    },
    "fold_5_2": {
      "load_data_time": 8.791076538,
      "training_time": 9.288840581,
      "prediction_time": 0.165934957,
      "accuracy_score": 0.655367231638418,
      "f1_macro": 0.6280611788728371,
      "confusion_matrix": "[[222   1   0  13]\n [125  12   0  99]\n [  0   0 236   0]\n [ 12 238   0 458]]"
    },
    "fold_5_3": {
      "load_data_time": 6.425298883,
      "training_time": 7.639415627,
      "prediction_time": 0.220135283,
      "accuracy_score": 0.3342776203966006,
      "f1_macro": 0.25,
      "confusion_matrix": "[[  0   0   0 235]\n [  0   0   0 235]\n [  0   0 236   0]\n [  0   0   0   0]]"
    },