{
  "experiment_name": "rauber_de_fe_setup",
  "feature_extraction": "WaveletFeatures",
  "classifier": "RandomForestClassifier",
  "augmentation": true,
  "start_time": "2026-04-30_15-48-12",
  "scores": {
    "fold_0_0": {
      "load_data_time": 20.381336753,
      "training_time": 26.128866391,
      "prediction_time": 0.460394881,
      "accuracy_score": 0.48460354118552734,
      "f1_macro": 0.5137290538961491,
      "confusion_matrix": "[[469   1   0   1]\n [  0   0   0 473]\n [  0   0 238   0]\n [616 248   0 552]]"
    },
    "fold_0_1": {
      "load_data_time": 14.167848826,
      "training_time": 18.301626767,
      "prediction_time": 0.554971913,
      "accuracy_score": 0.6271186440677966,
      "f1_macro": 0.5543671412825877,
      "confusion_matrix": "[[408  19   0  45]\n [171   0   0 301]\n [  0   0 472   0]\n [190   0   0 341]]"
    },
    "fold_0_2": {
      "load_data_time": 29.835324803,
      "training_time": 37.659436042,
      "prediction_time": 0.219006438,
      "accuracy_score": 0.4970288624787776,
      "f1_macro": 0.4680851841870996,
      "confusion_matrix": "[[238   0   0 233]\n [213   3   0 256]\n [  0   0 472   0]\n [339 144   0 458]]"
    },
    "fold_0_3": {
      "load_data_time": 10.766692074,
      "training_time": 13.758506651,
      "prediction_time": 0.664792286,
      "accuracy_score": 0.527542372881356,
      "f1_macro": 0.29633204633204635,
      "confusion_matrix": "[[  0   0   0 235]\n [  0  24   0 211]\n [  0   0 474   0]\n [  0   0   0   0]]"
    },
    "fold_1_0": {
      "load_data_time": 20.237008372,
      "training_time": 25.358067437,
      "prediction_time": 0.398214153,
      "accuracy_score": 0.536697247706422,
      "f1_macro": 0.5201217646000122,
      "confusion_matrix": "[[469   1   0   1]\n [  0   4   0 469]\n [  0   0 474   0]\n [617 225   0 574]]"
    },
    "fold_1_1": {
      "load_data_time": 14.066266856,
      "training_time": 18.477395773,
      "prediction_time": 0.546231387,
      "accuracy_score": 0.5977816695855225,
      "f1_macro": 0.568991272095106,
      "confusion_matrix": "[[410  15   0  47]\n [212   0   0 260]\n [  0   0 238   0]\n [155   0   0 376]]"
    },
    "fold_1_2": {
      "load_data_time": 29.987883476,
      "training_time": 37.250223229,
      "prediction_time": 0.217754924,
      "accuracy_score": 0.5089134125636672,
      "f1_macro": 0.4707409112115602,
      "confusion_matrix": "[[224   1   0 246]\n [205   1   0 266]\n [  0   0 472   0]\n [324 115   0 502]]"
    },
    "fold_1_3": {
      "load_data_time": 10.866549587,
      "training_time": 13.75049113,
      "prediction_time": 0.657331985,
      "accuracy_score": 0.5010615711252654,
      "f1_macro": 0.25,
      "confusion_matrix": "[[  0   0   0 235]\n [  0   0   0 235]\n [  0   0 472   0]\n [  0   0   0   0]]"
    },
    "fold_2_0": {
      "load_data_time": 20.120161695,
      "training_time": 25.247155817,
      "prediction_time": 0.449496393,
      "accuracy_score": 0.5328389830508474,
      "f1_macro": 0.5226193916270327,
      "confusion_matrix": "[[471   0   0   0]\n [  0   8   0 465]\n [  0   0 472   0]\n [599 259   0 558]]"
    },
    "fold_2_1": {
      "load_data_time": 14.18172601,
      "training_time": 18.378420101,
      "prediction_time": 0.488384804,
      "accuracy_score": 0.6459722934838379,
      "f1_macro": 0.5717135412953619,
      "confusion_matrix": "[[410  39   0  23]\n [199   0   0 273]\n [  0   0 474   0]\n [156   0   0 375]]"
    },
    "fold_2_2": {
      "load_data_time": 29.908726774,
      "training_time": 37.266386958,
      "prediction_time": 0.217284758,
      "accuracy_score": 0.4594721960414703,
      "f1_macro": 0.4736420057094738,
      "confusion_matrix": "[[220   0   0 251]\n [251   1   0 220]\n [  0   0 238   0]\n [294 131   0 516]]"
    },
    "fold_2_3": {
      "load_data_time": 10.888248206,
      "training_time": 13.701779388,
      "prediction_time": 0.652311414,
      "accuracy_score": 0.5180467091295117,
      "f1_macro": 0.28187250996015933,
      "confusion_matrix": "[[  0   0   0 235]\n [  0  16   0 219]\n [  0   0 472   0]\n [  0   0   0   0]]"
    },
    "fold_3_0": {
      "load_data_time": 20.387093712,
      "training_time": 25.209853188,
      "prediction_time": 0.449276386,
      "accuracy_score": 0.5250706214689266,
      "f1_macro": 0.5152783068775543,
      "confusion_matrix": "[[470   0   0   1]\n [  0   8   0 465]\n [  0   0 472   0]\n [639 240   0 537]]"
    },
    "fold_3_1": {
      "load_data_time": 14.22009614,
      "training_time": 18.209182535,
      "prediction_time": 0.542713058,
      "accuracy_score": 0.6286594761171033,
      "f1_macro": 0.5560462151692548,
      "confusion_matrix": "[[414  27   0  31]\n [218   0   0 254]\n [  0   0 472   0]\n [193   0   0 338]]"
    },
    "fold_3_2": {
      "load_data_time": 29.942861166,
      "training_time": 37.360776094,
      "prediction_time": 0.166843058,
      "accuracy_score": 0.4796437659033079,
      "f1_macro": 0.4504250095667228,
      "confusion_matrix": "[[199  14   0 258]\n [231   1   0 240]\n [  0   0 474   0]\n [357 127   0 457]]"
    },
    "fold_3_3": {
      "load_data_time": 20.456943553,
      "training_time": 25.445882157,
      "prediction_time": 0.397409032,
      "accuracy_score": 0.3361581920903955,
      "f1_macro": 0.25,
      "confusion_matrix": "[[  0   0   0 235]\n [  0   0   0 235]\n [  0   0 238   0]\n [  0   0   0   0]]"
    },
    "fold_4_0": {
      "load_data_time": 10.908007285,
      "training_time": 13.683246125,
      "prediction_time": 0.650880914,
      "accuracy_score": 0.5604203152364273,
      "f1_macro": 0.5452981323650545,
      "confusion_matrix": "[[397  38   0  37]\n [180   0   0 292]\n [  0   0 238   0]\n [206   0   0 325]]"
    },
    "fold_4_1": {
      "load_data_time": 13.878305497,
      "training_time": 18.438000948,
      "prediction_time": 0.543719947,
      "accuracy_score": 0.536723163841808,
      "f1_macro": 0.5202976782594617,
      "confusion_matrix": "[[469   1   0   1]\n [  0   6   0 467]\n [  0   0 472   0]\n [630 213   0 573]]"
    },
    "fold_4_2": {
      "load_data_time": 30.081817999,
      "training_time": 37.290808126,
      "prediction_time": 0.217580201,
      "accuracy_score": 0.47283531409168084,
      "f1_macro": 0.4486483080494007,
      "confusion_matrix": "[[224   4   0 243]\n [205   2   0 265]\n [  0   0 472   0]\n [411 114   0 416]]"
    },
    "fold_4_3": {
      "load_data_time": 20.292277337,
      "training_time": 25.183854102,
      "prediction_time": 0.450007759,
      "accuracy_score": 0.5021186440677966,
      "f1_macro": 0.25,
      "confusion_matrix": "[[  0   0   0 235]\n [  0   0   0 235]\n [  0   0 474   0]\n [  0   0   0   0]]"
    },
    "fold_5_0": {
      "load_data_time": 10.869704684,
      "training_time": 13.839319131,
      "prediction_time": 0.597442341,
      "accuracy_score": 0.6500769625448948,
      "f1_macro": 0.5719709058204184,
      "confusion_matrix": "[[414  15   0  43]\n [193   0   0 279]\n [  0   0 474   0]\n [152   0   0 379]]"
    },
    "fold_5_1": {
      "load_data_time": 14.122301125,
      "training_time": 18.448617563,
      "prediction_time": 0.540719053,
      "accuracy_score": 0.4884526558891455,
      "f1_macro": 0.5159032564917712,
      "confusion_matrix": "[[464   0   0   7]\n [  0   3   0 470]\n [  0   0 238   0]\n [622 230   0 564]]"
    },
    "fold_5_2": {
      "load_data_time": 29.537575795,
      "training_time": 37.237846131,
      "prediction_time": 0.217554659,
      "accuracy_score": 0.5314091680814941,
      "f1_macro": 0.4858674539609189,
      "confusion_matrix": "[[231   2   0 238]\n [227   1   0 244]\n [  0   0 472   0]\n [274 119   0 548]]"
    },
    "fold_5_3": {
      "load_data_time": 19.844260552,
      "training_time": 25.168965081,
      "prediction_time": 0.449350883,
      "accuracy_score": 0.5042462845010616,
      "f1_macro": 0.25630252100840334,