{
  "experiment_name": "rauber_loca_et_al_setup",
  "feature_extraction": "WaveletFeatures",
  "classifier": "RandomForestClassifier",
  "augmentation": true,
  "start_time": "2026-05-01_06-15-50",
  "scores": {
    "fold_0_0": {
      "load_data_time": 6.492981751,
      "training_time": 7.775292986,
      "prediction_time": 0.227956851,
      "accuracy_score": 0.6146153846153846,
      "f1_macro": 0.6577263734867598,
      "confusion_matrix": "[[236   0   0   0]\n [  0   0   0 237]\n [  0   0 119   0]\n [  4 260   0 444]]"
    },
    "fold_0_1": {
      "load_data_time": 3.713188371,
      "training_time": 4.443364814,
      "prediction_time": 0.341296853,
      "accuracy_score": 0.5063559322033898,
      "f1_macro": 0.4206244211199575,
      "confusion_matrix": "[[236   0   0   0]\n [ 17   0   0 219]\n [  0   0 236   0]\n [230   0   0   6]]"
    },
    "fold_0_2": {
      "load_data_time": 8.879266911,
      "training_time": 9.494041322,
      "prediction_time": 0.17073183,
      "accuracy_score": 0.6278248587570622,
      "f1_macro": 0.5959915087535606,
      "confusion_matrix": "[[223   1   0  12]\n [126  15   0  95]\n [  0   0 236   0]\n [112 181   0 415]]"
    },
    "fold_0_3": {
      "load_data_time": 3.800682925,
      "training_time": 4.450555793,
      "prediction_time": 0.341197179,
      "accuracy_score": 0.3352192362093352,
      "f1_macro": 0.25,
      "confusion_matrix": "[[  0   0   0 235]\n [  0   0   0 235]\n [  0   0 237   0]\n [  0   0   0   0]]"
    },
    "fold_1_0": {
      "load_data_time": 6.559063356,
      "training_time": 7.679125363,
      "prediction_time": 0.198753022,
      "accuracy_score": 0.6318758815232722,
      "f1_macro": 0.6514671878440872,
      "confusion_matrix": "[[236   0   0   0]\n [  0   0   0 237]\n [  0   0 237   0]\n [  6 279   0 423]]"
    },
    "fold_1_1": {
      "load_data_time": 3.772480913,
      "training_time": 4.419605138,
      "prediction_time": 0.338490659,
      "accuracy_score": 0.4328899637243047,
      "f1_macro": 0.4164911277166922,
      "confusion_matrix": "[[236   0   0   0]\n [ 18   0   0 218]\n [  0   0 119   0]\n [233   0   0   3]]"
    },
    "fold_1_2": {
      "load_data_time": 8.603285035,
      "training_time": 9.379481867,
      "prediction_time": 0.169817413,
      "accuracy_score": 0.6567796610169492,
      "f1_macro": 0.6032147354528458,
      "confusion_matrix": "[[225   1   0  10]\n [121   9   0 106]\n [  0   0 236   0]\n [111 137   0 460]]"
    },
    "fold_1_3": {
      "load_data_time": 3.696599536,
      "training_time": 4.478128016,
      "prediction_time": 0.338016725,
      "accuracy_score": 0.3342776203966006,
      "f1_macro": 0.25,
      "confusion_matrix": "[[  0   0   0 235]\n [  0   0   0 235]\n [  0   0 236   0]\n [  0   0   0   0]]"
    },
    "fold_2_0": {
      "load_data_time": 6.44698902,
      "training_time": 7.725429868,
      "prediction_time": 0.227929524,
      "accuracy_score": 0.6464361326746648,
      "f1_macro": 0.6582482664544731,
      "confusion_matrix": "[[236   0   0   0]\n [  0   0   0 237]\n [  0   0 236   0]\n [  3 261   0 444]]"
    },
    "fold_2_1": {
      "load_data_time": 3.665951366,
      "training_time": 4.496240342,
      "prediction_time": 0.309825329,
      "accuracy_score": 0.5005291005291005,
      "f1_macro": 0.41120218579234974,
      "confusion_matrix": "[[236   0   0   0]\n [ 24   0   0 212]\n [  0   0 237   0]\n [236   0   0   0]]"
    },
    "fold_2_2": {
      "load_data_time": 8.800984877,
      "training_time": 9.443732666,
      "prediction_time": 0.169861968,
      "accuracy_score": 0.6212471131639723,
      "f1_macro": 0.6364452636744495,
      "confusion_matrix": "[[203   2   0  31]\n [110  32   0  94]\n [  0   0 119   0]\n [ 19 236   0 453]]"
    },
    "fold_2_3": {
      "load_data_time": 3.705829141,
      "training_time": 4.441949965,
      "prediction_time": 0.337856204,
      "accuracy_score": 0.3342776203966006,
      "f1_macro": 0.25,
      "confusion_matrix": "[[  0   0   0 235]\n [  0   0   0 235]\n [  0   0 236   0]\n [  0   0   0   0]]"
    },
    "fold_3_0": {
      "load_data_time": 6.422010167,
      "training_time": 7.694200444,
      "prediction_time": 0.225438755,
      "accuracy_score": 0.6556104446012703,
      "f1_macro": 0.6624529138379783,
      "confusion_matrix": "[[236   0   0   0]\n [  0   0   0 237]\n [  0   0 236   0]\n [  1 250   0 457]]"
    },
    "fold_3_1": {
      "load_data_time": 3.688608898,
      "training_time": 4.447864823,
      "prediction_time": 0.337338557,
      "accuracy_score": 0.5042372881355932,
      "f1_macro": 0.41867440822872576,
      "confusion_matrix": "[[236   0   0   0]\n [ 14   0   0 222]\n [  0   0 236   0]\n [232   0   0   4]]"
    },
    "fold_3_2": {
      "load_data_time": 8.923809851,
      "training_time": 9.398327869,
      "prediction_time": 0.142887731,
      "accuracy_score": 0.6464361326746648,
      "f1_macro": 0.6172481121717261,
      "confusion_matrix": "[[213   1   0  22]\n [ 94   2   0 140]\n [  0   0 237   0]\n [ 14 230   0 464]]"
    },
    "fold_3_3": {
      "load_data_time": 6.405484308,
      "training_time": 7.68600963,
      "prediction_time": 0.198652754,
      "accuracy_score": 0.26485568760611206,
      "f1_macro": 0.3180147058823529,
      "confusion_matrix": "[[  0   0   0 235]\n [  0  37   0 198]\n [  0   0 119   0]\n [  0   0   0   0]]"
    },
    "fold_4_0": {
      "load_data_time": 3.679200077,
      "training_time": 4.448326477,
      "prediction_time": 0.33819584,
      "accuracy_score": 0.42926239419588874,
      "f1_macro": 0.40989159891598914,
      "confusion_matrix": "[[236   0   0   0]\n [ 30   0   0 206]\n [  0   0 119   0]\n [236   0   0   0]]"
    },
    "fold_4_1": {
      "load_data_time": 3.658133228,
      "training_time": 4.462122104,
      "prediction_time": 0.336703212,
      "accuracy_score": 0.6252646436132675,
      "f1_macro": 0.652317880794702,
      "confusion_matrix": "[[236   0   0   0]\n [  0   0   0 237]\n [  0   0 236   0]\n [  0 294   0 414]]"
    },
    "fold_4_2": {
      "load_data_time": 8.653831098,
      "training_time": 9.366361702,
      "prediction_time": 0.171237476,
      "accuracy_score": 0.6045197740112994,
      "f1_macro": 0.5653768487871355,
      "confusion_matrix": "[[205   0   0  31]\n [147  12   0  77]\n [  0   0 236   0]\n [176 129   0 403]]"
    },
    "fold_4_3": {
      "load_data_time": 6.483728773,
      "training_time": 7.727699804,
      "prediction_time": 0.227043303,
      "accuracy_score": 0.3352192362093352,
      "f1_macro": 0.25,
      "confusion_matrix": "[[  0   0   0 235]\n [  0   0   0 235]\n [  0   0 237   0]\n [  0   0   0   0]]"
    },
    "fold_5_0": {
      "load_data_time": 3.788479429,
      "training_time": 4.500083588,
      "prediction_time": 0.311694796,
      "accuracy_score": 0.5058201058201058,
      "f1_macro": 0.41953982242147597,
      "confusion_matrix": "[[236   0   0   0]\n [ 16   0   0 220]\n [  0   0 237   0]\n [231   0   0   5]]"
    },
    "fold_5_1": {
      "load_data_time": 3.681071006,
      "training_time": 4.387052865,
      "prediction_time": 0.337916039,
      "accuracy_score": 0.6076923076923076,
      "f1_macro": 0.6555078553160395,
      "confusion_matrix": "[[236   0   0   0]\n [  0   0   0 237]\n [  0   0 119   0]\n [  4 269   0 435]]"
    },
    "fold_5_2": {
      "load_data_time": 8.755895238,
      "training_time": 9.494260231,
      "prediction_time": 0.169720755,
      "accuracy_score": 0.6377118644067796,
      "f1_macro": 0.6002804512070155,
      "confusion_matrix": "[[206   2   0  28]\n [ 78   1   0 157]\n [  0   0 236   0]\n [ 55 193   0 460]]"
    },
    "fold_5_3": {
      "load_data_time": 6.45654,
      "training_time": 7.653317828,
      "prediction_time": 0.226396226,
      "accuracy_score": 0.3597733711048159,
      "f1_macro": 0.2855731225296443,
      "confusion_matrix": "[[  0   0   0 235]\n [  0  18   0 217]\n [  0   0 236   0]\n [  0   0   0   0]]"
    },