{
  "experiment_name": "rauber_loca_et_al_setup",
  "feature_extraction": "WaveletFeatures",
  "classifier": "RandomForestClassifier",
  "augmentation": true,
  "start_time": "2026-05-01_03-18-09",
  "scores": {
    "fold_0_0": {
      "load_data_time": 6.55289493,
      "training_time": 7.671293886,
      "prediction_time": 0.221643338,
      "accuracy_score": 0.5876923076923077,
      "f1_macro": 0.6510339734121122,
      "confusion_matrix": "[[236   0   0   0]\n [  0   0   0 237]\n [  0   0 119   0]\n [  0 299   0 409]]"
    },
    "fold_0_1": {
      "load_data_time": 3.753866533,
      "training_time": 4.343662633,
      "prediction_time": 0.33143419,
      "accuracy_score": 0.5052966101694916,
      "f1_macro": 0.41910820423099127,
      "confusion_matrix": "[[236   0   0   0]\n [ 18   0   0 218]\n [  0   0 236   0]\n [231   0   0   5]]"
    },
    "fold_0_2": {
      "load_data_time": 8.837561988,
      "training_time": 9.263128694,
      "prediction_time": 0.16375894,
      "accuracy_score": 0.644774011299435,
      "f1_macro": 0.5969531141015492,
      "confusion_matrix": "[[220   0   0  16]\n [101   9   0 126]\n [  0   0 236   0]\n [119 141   0 448]]"
    },
    "fold_0_3": {
      "load_data_time": 3.808749803,
      "training_time": 4.35422859,
      "prediction_time": 0.330496601,
      "accuracy_score": 0.3352192362093352,
      "f1_macro": 0.25,
      "confusion_matrix": "[[  0   0   0 235]\n [  0   0   0 235]\n [  0   0 237   0]\n [  0   0   0   0]]"
    },
    "fold_1_0": {
      "load_data_time": 6.580810237,
      "training_time": 7.577419193,
      "prediction_time": 0.192201001,
      "accuracy_score": 0.6304654442877292,
      "f1_macro": 0.654099560761347,
      "confusion_matrix": "[[236   0   0   0]\n [  0   0   0 237]\n [  0   0 237   0]\n [  0 287   0 421]]"
    },
    "fold_1_1": {
      "load_data_time": 3.773002774,
      "training_time": 4.32576427,
      "prediction_time": 0.327180115,
      "accuracy_score": 0.43409915356711004,
      "f1_macro": 0.41801887961225487,
      "confusion_matrix": "[[236   0   0   0]\n [ 17   0   0 219]\n [  0   0 119   0]\n [232   0   0   4]]"
    },
    "fold_1_2": {
      "load_data_time": 8.858394556,
      "training_time": 9.235634252,
      "prediction_time": 0.164689115,
      "accuracy_score": 0.6560734463276836,
      "f1_macro": 0.631072039033538,
      "confusion_matrix": "[[222   0   0  14]\n [113  20   0 103]\n [  0   0 236   0]\n [ 34 223   0 451]]"
    },
    "fold_1_3": {
      "load_data_time": 3.7894139,
      "training_time": 4.373756658,
      "prediction_time": 0.327543935,
      "accuracy_score": 0.3342776203966006,
      "f1_macro": 0.25,
      "confusion_matrix": "[[  0   0   0 235]\n [  0   0   0 235]\n [  0   0 236   0]\n [  0   0   0   0]]"
    },
    "fold_2_0": {
      "load_data_time": 6.538939375,
      "training_time": 7.554755521,
      "prediction_time": 0.219018476,
      "accuracy_score": 0.652787579393084,
      "f1_macro": 0.6609623150612991,
      "confusion_matrix": "[[236   0   0   0]\n [  0   0   0 237]\n [  0   0 236   0]\n [  2 253   0 453]]"
    },
    "fold_2_1": {
      "load_data_time": 3.74034015,
      "training_time": 4.398091271,
      "prediction_time": 0.300338257,
      "accuracy_score": 0.5037037037037037,
      "f1_macro": 0.4164911277166922,
      "confusion_matrix": "[[236   0   0   0]\n [ 18   0   0 218]\n [  0   0 237   0]\n [233   0   0   3]]"
    },
    "fold_2_2": {
      "load_data_time": 8.930456592,
      "training_time": 9.228292512,
      "prediction_time": 0.164388618,
      "accuracy_score": 0.6004618937644342,
      "f1_macro": 0.601942789294249,
      "confusion_matrix": "[[231   1   0   4]\n [103   7   0 126]\n [  0   0 119   0]\n [ 85 200   0 423]]"
    },
    "fold_2_3": {
      "load_data_time": 3.826238214,
      "training_time": 4.378977881,
      "prediction_time": 0.326797352,
      "accuracy_score": 0.3342776203966006,
      "f1_macro": 0.25,
      "confusion_matrix": "[[  0   0   0 235]\n [  0   0   0 235]\n [  0   0 236   0]\n [  0   0   0   0]]"
    },
    "fold_3_0": {
      "load_data_time": 6.441012954,
      "training_time": 7.520056871,
      "prediction_time": 0.218529681,
      "accuracy_score": 0.6436132674664785,
      "f1_macro": 0.6588447653429603,
      "confusion_matrix": "[[236   0   0   0]\n [  0   0   0 237]\n [  0   0 236   0]\n [  0 268   0 440]]"
    },
    "fold_3_1": {
      "load_data_time": 3.648663032,
      "training_time": 4.32365783,
      "prediction_time": 0.328144442,
      "accuracy_score": 0.5,
      "f1_macro": 0.41231086657496563,
      "confusion_matrix": "[[236   0   0   0]\n [ 19   0   0 217]\n [  0   0 236   0]\n [236   0   0   0]]"
    },
    "fold_3_2": {
      "load_data_time": 8.928946686,
      "training_time": 9.237836109,
      "prediction_time": 0.1374165,
      "accuracy_score": 0.6422018348623854,
      "f1_macro": 0.6161273602492059,
      "confusion_matrix": "[[219   1   0  16]\n [ 82   2   0 152]\n [  0   0 237   0]\n [ 28 228   0 452]]"
    },
    "fold_3_3": {
      "load_data_time": 6.470930498,
      "training_time": 7.597218772,
      "prediction_time": 0.192631349,
      "accuracy_score": 0.20203735144312393,
      "f1_macro": 0.25,
      "confusion_matrix": "[[  0   0   0 235]\n [  0   0   0 235]\n [  0   0 119   0]\n [  0   0   0   0]]"
    },
    "fold_4_0": {
      "load_data_time": 3.709692651,
      "training_time": 4.357574724,
      "prediction_time": 0.327571029,
      "accuracy_score": 0.43047158403869407,
      "f1_macro": 0.4125362943644335,
      "confusion_matrix": "[[236   0   0   0]\n [ 24   0   0 212]\n [  0   0 119   0]\n [235   0   0   1]]"
    },
    "fold_4_1": {
      "load_data_time": 3.67089047,
      "training_time": 4.321139877,
      "prediction_time": 0.326993982,
      "accuracy_score": 0.625970359915314,
      "f1_macro": 0.652044988185549,
      "confusion_matrix": "[[236   0   0   0]\n [  0   0   0 237]\n [  0   0 236   0]\n [  1 292   0 415]]"
    },
    "fold_4_2": {
      "load_data_time": 8.68960813,
      "training_time": 9.231820998,
      "prediction_time": 0.163877921,
      "accuracy_score": 0.6257062146892656,
      "f1_macro": 0.5700013576651202,
      "confusion_matrix": "[[192   1   0  43]\n [106   4   0 126]\n [  0   0 236   0]\n [133 121   0 454]]"
    },
    "fold_4_3": {
      "load_data_time": 6.380503355,
      "training_time": 7.53292704,
      "prediction_time": 0.219365669,
      "accuracy_score": 0.3352192362093352,
      "f1_macro": 0.25,
      "confusion_matrix": "[[  0   0   0 235]\n [  0   0   0 235]\n [  0   0 237   0]\n [  0   0   0   0]]"
    },
    "fold_5_0": {
      "load_data_time": 3.775696575,
      "training_time": 4.388674962,
      "prediction_time": 0.301163309,
      "accuracy_score": 0.5058201058201058,
      "f1_macro": 0.41953982242147597,
      "confusion_matrix": "[[236   0   0   0]\n [ 16   0   0 220]\n [  0   0 237   0]\n [231   0   0   5]]"
    },
    "fold_5_1": {
      "load_data_time": 3.728089217,
      "training_time": 4.373418986,
      "prediction_time": 0.327071499,
      "accuracy_score": 0.6169230769230769,
      "f1_macro": 0.6584595044914517,
      "confusion_matrix": "[[236   0   0   0]\n [  0   0   0 237]\n [  0   0 119   0]\n [  4 257   0 447]]"
    },
    "fold_5_2": {
      "load_data_time": 8.79019071,
      "training_time": 9.221599329,
      "prediction_time": 0.164160597,
      "accuracy_score": 0.548728813559322,
      "f1_macro": 0.5384495035014776,
      "confusion_matrix": "[[183   1   0  52]\n [121   8   0 107]\n [  0   0 236   0]\n [132 226   0 350]]"
    },
    "fold_5_3": {
      "load_data_time": 6.530444675,
      "training_time": 7.471378823,
      "prediction_time": 0.218996997,
      "accuracy_score": 0.3342776203966006,
      "f1_macro": 0.25,
      "confusion_matrix": "[[  0   0   0 235]\n [  0   0   0 235]\n [  0   0 236   0]\n [  0   0   0   0]]"
    },
    "fold_6_0": {
      "load_data_time": 3.725569065,