{
  "experiment_name": "rauber_de_fe_setup",
  "feature_extraction": "WaveletFeatures",
  "classifier": "RandomForestClassifier",
  "augmentation": false,
  "start_time": "2026-05-01_09-30-57",
  "scores": {
    "fold_0_0": {
      "load_data_time": 0.066436271,
      "training_time": 2.706136457,
      "prediction_time": 0.4567876,
      "accuracy_score": 0.588144726712856,
      "f1_macro": 0.60459458832535,
      "confusion_matrix": "[[462   8   0   1]\n [  0   0   0 473]\n [  0   0 238   0]\n [209 379   0 828]]"
    },
    "fold_0_1": {
      "load_data_time": 0.058889885,
      "training_time": 2.421012501,
      "prediction_time": 0.550160902,
      "accuracy_score": 0.6260914227015922,
      "f1_macro": 0.5572500086967458,
      "confusion_matrix": "[[410  27   0  35]\n [ 93   0   0 379]\n [  0   0 472   0]\n [191   3   0 337]]"
    },
    "fold_0_2": {
      "load_data_time": 0.081288738,
      "training_time": 3.150793084,
      "prediction_time": 0.217455914,
      "accuracy_score": 0.650679117147708,
      "f1_macro": 0.6214772324907512,
      "confusion_matrix": "[[349  13   0 109]\n [  7   1   0 464]\n [  0   0 472   0]\n [  0 230   0 711]]"
    },
    "fold_0_3": {
      "load_data_time": 0.055487842,
      "training_time": 2.193042147,
      "prediction_time": 0.661510631,
      "accuracy_score": 0.5190677966101694,
      "f1_macro": 0.28187250996015933,
      "confusion_matrix": "[[  0   0   0 235]\n [  0  16   0 219]\n [  0   0 474   0]\n [  0   0   0   0]]"
    },
    "fold_1_0": {
      "load_data_time": 0.070632794,
      "training_time": 2.725567541,
      "prediction_time": 0.395524751,
      "accuracy_score": 0.6305575158786167,
      "f1_macro": 0.6035003977227638,
      "confusion_matrix": "[[464   7   0   0]\n [  0   0   0 473]\n [  0   0 474   0]\n [234 333   0 849]]"
    },
    "fold_1_1": {
      "load_data_time": 0.063333654,
      "training_time": 2.446690095,
      "prediction_time": 0.546794393,
      "accuracy_score": 0.5569176882661997,
      "f1_macro": 0.5432491176521841,
      "confusion_matrix": "[[412  31   0  29]\n [110   0   0 362]\n [  0   0 238   0]\n [223   4   0 304]]"
    },
    "fold_1_2": {
      "load_data_time": 0.079419924,
      "training_time": 3.185405859,
      "prediction_time": 0.215947281,
      "accuracy_score": 0.6353989813242784,
      "f1_macro": 0.6160485761899053,
      "confusion_matrix": "[[345   9   0 117]\n [  5   3   0 464]\n [  0   0 472   0]\n [  0 264   0 677]]"
    },
    "fold_1_3": {
      "load_data_time": 0.055128351,
      "training_time": 2.199887837,
      "prediction_time": 0.65578964,
      "accuracy_score": 0.5435244161358811,
      "f1_macro": 0.32272727272727275,
      "confusion_matrix": "[[  0   0   0 235]\n [  0  40   0 195]\n [  0   0 472   0]\n [  0   0   0   0]]"
    },
    "fold_2_0": {
      "load_data_time": 0.068313322,
      "training_time": 2.71333579,
      "prediction_time": 0.446197999,
      "accuracy_score": 0.6168785310734464,
      "f1_macro": 0.5947954897261128,
      "confusion_matrix": "[[460  11   0   0]\n [  0   0   0 473]\n [  0   0 472   0]\n [254 347   0 815]]"
    },
    "fold_2_1": {
      "load_data_time": 0.065878198,
      "training_time": 2.524009751,
      "prediction_time": 0.486045192,
      "accuracy_score": 0.6095433555669574,
      "f1_macro": 0.5431234839656306,
      "confusion_matrix": "[[404  24   3  41]\n [ 85   0   0 387]\n [  0   0 474   0]\n [215   6   0 310]]"
    },
    "fold_2_2": {
      "load_data_time": 0.081952695,
      "training_time": 3.174840978,
      "prediction_time": 0.21719943,
      "accuracy_score": 0.6065032987747409,
      "f1_macro": 0.6199676623793959,
      "confusion_matrix": "[[349  12   0 110]\n [  8   2   0 462]\n [  0   0 238   0]\n [  0 243   0 698]]"
    },
    "fold_2_3": {
      "load_data_time": 0.057741369,
      "training_time": 2.196143181,
      "prediction_time": 0.650119271,
      "accuracy_score": 0.5138004246284501,
      "f1_macro": 0.2742914979757085,
      "confusion_matrix": "[[  0   0   0 235]\n [  0  12   0 223]\n [  0   0 472   0]\n [  0   0   0   0]]"
    },
    "fold_3_0": {
      "load_data_time": 0.066182035,
      "training_time": 2.656914299,
      "prediction_time": 0.445818204,
      "accuracy_score": 0.6080508474576272,
      "f1_macro": 0.5931482998446069,
      "confusion_matrix": "[[461  10   0   0]\n [  0   0   0 473]\n [  0   0 472   0]\n [245 382   0 789]]"
    },
    "fold_3_1": {
      "load_data_time": 0.062741288,
      "training_time": 2.397688167,
      "prediction_time": 0.537899135,
      "accuracy_score": 0.6060606060606061,
      "f1_macro": 0.5404241484485949,
      "confusion_matrix": "[[413  34   0  25]\n [100   0   0 372]\n [  0   0 472   0]\n [231   5   0 295]]"
    },
    "fold_3_2": {
      "load_data_time": 0.084516508,
      "training_time": 3.201183523,
      "prediction_time": 0.16290733,
      "accuracy_score": 0.6509754028837998,
      "f1_macro": 0.6193686190350662,
      "confusion_matrix": "[[350  16   0 105]\n [ 18   0   0 454]\n [  0   0 474   0]\n [  0 230   0 711]]"
    },
    "fold_3_3": {
      "load_data_time": 0.070283712,
      "training_time": 2.715599846,
      "prediction_time": 0.392924098,
      "accuracy_score": 0.3587570621468927,
      "f1_macro": 0.28187250996015933,
      "confusion_matrix": "[[  0   0   0 235]\n [  0  16   0 219]\n [  0   0 238   0]\n [  0   0   0   0]]"
    },
    "fold_4_0": {
      "load_data_time": 0.057487049,
      "training_time": 2.191205411,
      "prediction_time": 0.646666976,
      "accuracy_score": 0.5779334500875657,
      "f1_macro": 0.5591731622864582,
      "confusion_matrix": "[[411  21   0  40]\n [ 88   0   0 384]\n [  0   0 238   0]\n [186   4   0 341]]"
    },
    "fold_4_1": {
      "load_data_time": 0.061475734,
      "training_time": 2.408277171,
      "prediction_time": 0.537894236,
      "accuracy_score": 0.6377118644067796,
      "f1_macro": 0.6119627569110143,
      "confusion_matrix": "[[461   9   0   1]\n [  0   0   0 473]\n [  0   0 472   0]\n [198 345   0 873]]"
    },
    "fold_4_2": {
      "load_data_time": 0.081739852,
      "training_time": 3.149365988,
      "prediction_time": 0.216623146,
      "accuracy_score": 0.6438879456706282,
      "f1_macro": 0.6266411617564186,
      "confusion_matrix": "[[376   9   0  86]\n [  7   3   0 462]\n [  0   0 472   0]\n [  0 275   0 666]]"
    },
    "fold_4_3": {
      "load_data_time": 0.067939638,
      "training_time": 2.642632143,
      "prediction_time": 0.447358917,
      "accuracy_score": 0.5190677966101694,
      "f1_macro": 0.28187250996015933,
      "confusion_matrix": "[[  0   0   0 235]\n [  0  16   0 219]\n [  0   0 474   0]\n [  0   0   0   0]]"
    },
    "fold_5_0": {
      "load_data_time": 0.06085046,
      "training_time": 2.242511665,
      "prediction_time": 0.594630387,
      "accuracy_score": 0.6131349409953822,
      "f1_macro": 0.544551707276014,
      "confusion_matrix": "[[418  25   0  29]\n [114   0   0 358]\n [  0   0 474   0]\n [222   6   0 303]]"
    },
    "fold_5_1": {
      "load_data_time": 0.063406262,
      "training_time": 2.392917851,
      "prediction_time": 0.540419703,
      "accuracy_score": 0.6070053887605851,
      "f1_macro": 0.6147700011374564,
      "confusion_matrix": "[[461   9   0   1]\n [  0   0   0 473]\n [  0   0 238   0]\n [186 352   0 878]]"
    },
    "fold_5_2": {
      "load_data_time": 0.079589276,
      "training_time": 3.134763506,
      "prediction_time": 0.216623211,
      "accuracy_score": 0.6281833616298812,
      "f1_macro": 0.6151673339344441,
      "confusion_matrix": "[[356   6   0 109]\n [  6   2   0 464]\n [  0   0 472   0]\n [  0 291   0 650]]"
    },
    "fold_5_3": {
      "load_data_time": 0.065777005,
      "training_time": 2.64124014,
      "prediction_time": 0.44774939,
      "accuracy_score": 0.5615711252653928,
      "f1_macro": 0.3476027397260274,