{
  "experiment_name": "rauber_loca_et_al_setup",
  "feature_extraction": "WaveletFeatures",
  "classifier": "RandomForestClassifier",
  "augmentation": true,
  "start_time": "2026-05-01_15-08-21",
  "scores": {
    "fold_0_0": {
      "load_data_time": 6.418227549,
      "training_time": 7.771982687,
      "prediction_time": 0.224859196,
      "accuracy_score": 0.6046153846153847,
      "f1_macro": 0.6560848308668076,
      "confusion_matrix": "[[236   0   0   0]\n [  0   0   0 237]\n [  0   0 119   0]\n [  1 276   0 431]]"
    },
    "fold_0_1": {
      "load_data_time": 3.763779893,
      "training_time": 4.405688477,
      "prediction_time": 0.336897142,
      "accuracy_score": 0.503177966101695,
      "f1_macro": 0.41562212485311134,
      "confusion_matrix": "[[236   0   0   0]\n [ 22   0   0 214]\n [  0   0 236   0]\n [233   0   0   3]]"
    },
    "fold_0_2": {
      "load_data_time": 8.734622266,
      "training_time": 9.372953029,
      "prediction_time": 0.166738685,
      "accuracy_score": 0.6419491525423728,
      "f1_macro": 0.5950283446924423,
      "confusion_matrix": "[[224   1   0  11]\n [125   1   0 110]\n [  0   0 236   0]\n [ 80 180   0 448]]"
    },
    "fold_0_3": {
      "load_data_time": 3.76113499,
      "training_time": 4.45521042,
      "prediction_time": 0.334903331,
      "accuracy_score": 0.33663366336633666,
      "f1_macro": 0.2521186440677966,
      "confusion_matrix": "[[  0   0   0 235]\n [  0   1   0 234]\n [  0   0 237   0]\n [  0   0   0   0]]"
    },
    "fold_1_0": {
      "load_data_time": 6.525884554,
      "training_time": 7.621675536,
      "prediction_time": 0.196162857,
      "accuracy_score": 0.6241184767277856,
      "f1_macro": 0.651276911979385,
      "confusion_matrix": "[[236   0   0   0]\n [  0   0   0 237]\n [  0   0 237   0]\n [  1 295   0 412]]"
    },
    "fold_1_1": {
      "load_data_time": 3.736566103,
      "training_time": 4.418569318,
      "prediction_time": 0.330838405,
      "accuracy_score": 0.43409915356711004,
      "f1_macro": 0.41801887961225487,
      "confusion_matrix": "[[236   0   0   0]\n [ 17   0   0 219]\n [  0   0 119   0]\n [232   0   0   4]]"
    },
    "fold_1_2": {
      "load_data_time": 8.775276392,
      "training_time": 9.336542532,
      "prediction_time": 0.166670111,
      "accuracy_score": 0.6475988700564972,
      "f1_macro": 0.5966874556970553,
      "confusion_matrix": "[[206   0   0  30]\n [122  17   0  97]\n [  0   0 236   0]\n [141 109   0 458]]"
    },
    "fold_1_3": {
      "load_data_time": 3.819535897,
      "training_time": 4.427633532,
      "prediction_time": 0.333787753,
      "accuracy_score": 0.35694050991501414,
      "f1_macro": 0.28187250996015933,
      "confusion_matrix": "[[  0   0   0 235]\n [  0  16   0 219]\n [  0   0 236   0]\n [  0   0   0   0]]"
    },
    "fold_2_0": {
      "load_data_time": 6.424899652,
      "training_time": 7.625562608,
      "prediction_time": 0.222768515,
      "accuracy_score": 0.647847565278758,
      "f1_macro": 0.6603163191948238,
      "confusion_matrix": "[[236   0   0   0]\n [  0   0   0 237]\n [  0   0 236   0]\n [  0 262   0 446]]"
    },
    "fold_2_1": {
      "load_data_time": 3.668242344,
      "training_time": 4.466077591,
      "prediction_time": 0.305847705,
      "accuracy_score": 0.5015873015873016,
      "f1_macro": 0.41297421672308754,
      "confusion_matrix": "[[236   0   0   0]\n [ 22   0   0 214]\n [  0   0 237   0]\n [235   0   0   1]]"
    },
    "fold_2_2": {
      "load_data_time": 8.854414951,
      "training_time": 9.297874458,
      "prediction_time": 0.167142047,
      "accuracy_score": 0.5481139337952271,
      "f1_macro": 0.551931854152653,
      "confusion_matrix": "[[222   0   0  14]\n [125   2   0 109]\n [  0   0 119   0]\n [179 160   0 369]]"
    },
    "fold_2_3": {
      "load_data_time": 3.810408067,
      "training_time": 4.414198308,
      "prediction_time": 0.334071716,
      "accuracy_score": 0.3342776203966006,
      "f1_macro": 0.25,
      "confusion_matrix": "[[  0   0   0 235]\n [  0   0   0 235]\n [  0   0 236   0]\n [  0   0   0   0]]"
    },
    "fold_3_0": {
      "load_data_time": 6.550664619,
      "training_time": 7.725686178,
      "prediction_time": 0.222707369,
      "accuracy_score": 0.6407904022582922,
      "f1_macro": 0.6573280844073832,
      "confusion_matrix": "[[236   0   0   0]\n [  0   0   0 237]\n [  0   0 236   0]\n [  1 271   0 436]]"
    },
    "fold_3_1": {
      "load_data_time": 3.690036852,
      "training_time": 4.415908046,
      "prediction_time": 0.332982656,
      "accuracy_score": 0.5042372881355932,
      "f1_macro": 0.4169397216053203,
      "confusion_matrix": "[[236   0   0   0]\n [ 22   0   0 214]\n [  0   0 236   0]\n [232   0   0   4]]"
    },
    "fold_3_2": {
      "load_data_time": 8.88563736,
      "training_time": 9.39571728,
      "prediction_time": 0.140354492,
      "accuracy_score": 0.6316160903316866,
      "f1_macro": 0.5940646724132304,
      "confusion_matrix": "[[194   0   0  42]\n [103  11   0 122]\n [  0   0 237   0]\n [ 72 183   0 453]]"
    },
    "fold_3_3": {
      "load_data_time": 6.593146036,
      "training_time": 7.69800411,
      "prediction_time": 0.195513323,
      "accuracy_score": 0.20203735144312393,
      "f1_macro": 0.25,
      "confusion_matrix": "[[  0   0   0 235]\n [  0   0   0 235]\n [  0   0 119   0]\n [  0   0   0   0]]"
    },
    "fold_4_0": {
      "load_data_time": 3.796615682,
      "training_time": 4.414793346,
      "prediction_time": 0.33268364,
      "accuracy_score": 0.42926239419588874,
      "f1_macro": 0.41164383561643836,
      "confusion_matrix": "[[236   0   0   0]\n [ 22   0   0 214]\n [  0   0 119   0]\n [236   0   0   0]]"
    },
    "fold_4_1": {
      "load_data_time": 3.7370205,
      "training_time": 4.414942253,
      "prediction_time": 0.334031953,
      "accuracy_score": 0.6506704304869443,
      "f1_macro": 0.6612903225806451,
      "confusion_matrix": "[[236   0   0   0]\n [  0   0   0 237]\n [  0   0 236   0]\n [  0 258   0 450]]"
    },
    "fold_4_2": {
      "load_data_time": 8.921123602,
      "training_time": 9.305396687,
      "prediction_time": 0.167151457,
      "accuracy_score": 0.655367231638418,
      "f1_macro": 0.64467028432313,
      "confusion_matrix": "[[199   1   0  36]\n [ 91  42   0 103]\n [  0   0 236   0]\n [ 28 229   0 451]]"
    },
    "fold_4_3": {
      "load_data_time": 6.396213178,
      "training_time": 7.694879757,
      "prediction_time": 0.22450509,
      "accuracy_score": 0.3352192362093352,
      "f1_macro": 0.25,
      "confusion_matrix": "[[  0   0   0 235]\n [  0   0   0 235]\n [  0   0 237   0]\n [  0   0   0   0]]"
    },
    "fold_5_0": {
      "load_data_time": 3.687487598,
      "training_time": 4.477953672,
      "prediction_time": 0.305653352,
      "accuracy_score": 0.5015873015873016,
      "f1_macro": 0.41475090575604573,
      "confusion_matrix": "[[236   0   0   0]\n [ 14   0   0 222]\n [  0   0 237   0]\n [235   0   0   1]]"
    },
    "fold_5_1": {
      "load_data_time": 3.681280696,
      "training_time": 4.398387193,
      "prediction_time": 0.333004073,
      "accuracy_score": 0.5823076923076923,
      "f1_macro": 0.6471196496415939,
      "confusion_matrix": "[[236   0   0   0]\n [  0   0   0 237]\n [  0   0 119   0]\n [  4 302   0 402]]"
    },
    "fold_5_2": {
      "load_data_time": 8.76773987,
      "training_time": 9.413371084,
      "prediction_time": 0.167001379,
      "accuracy_score": 0.6362994350282486,
      "f1_macro": 0.5872322844684308,
      "confusion_matrix": "[[195   1   0  40]\n [120  13   0 103]\n [  0   0 236   0]\n [119 132   0 457]]"
    },
    "fold_5_3": {
      "load_data_time": 6.483549392,
      "training_time": 7.631108794,
      "prediction_time": 0.223819568,
      "accuracy_score": 0.3342776203966006,
      "f1_macro": 0.25,
      "confusion_matrix": "[[  0   0   0 235]\n [  0   0   0 235]\n [  0   0 236   0]\n [  0   0   0   0]]"
    },