{
  "experiment_name": "rauber_loca_et_al_setup",
  "feature_extraction": "WaveletFeatures",
  "classifier": "RandomForestClassifier",
  "augmentation": false,
  "start_time": "2026-05-01_09-12-06",
  "scores": {
    "fold_0_0": {
      "load_data_time": 0.037865379,
      "training_time": 1.450910914,
      "prediction_time": 0.229115675,
      "accuracy_score": 0.64,
      "f1_macro": 0.6677215189873418,
      "confusion_matrix": "[[236   0   0   0]\n [  0   0   0 237]\n [  0   0 119   0]\n [  0 231   0 477]]"
    },
    "fold_0_1": {
      "load_data_time": 0.031557872,
      "training_time": 1.165423099,
      "prediction_time": 0.343101155,
      "accuracy_score": 0.5,
      "f1_macro": 0.40505913272010513,
      "confusion_matrix": "[[236   0   0   0]\n [ 53   0   0 183]\n [  0   0 236   0]\n [236   0   0   0]]"
    },
    "fold_0_2": {
      "load_data_time": 0.044032873,
      "training_time": 1.50133323,
      "prediction_time": 0.169459542,
      "accuracy_score": 0.7217514124293786,
      "f1_macro": 0.7507356274432768,
      "confusion_matrix": "[[230   1   0   5]\n [  9  96   0 131]\n [  0   0 236   0]\n [  1 247   0 460]]"
    },
    "fold_0_3": {
      "load_data_time": 0.033401214,
      "training_time": 1.205829684,
      "prediction_time": 0.342351924,
      "accuracy_score": 0.3352192362093352,
      "f1_macro": 0.25,
      "confusion_matrix": "[[  0   0   0 235]\n [  0   0   0 235]\n [  0   0 237   0]\n [  0   0   0   0]]"
    },
    "fold_1_0": {
      "load_data_time": 0.040410033,
      "training_time": 1.455527979,
      "prediction_time": 0.199222658,
      "accuracy_score": 0.6685472496473907,
      "f1_macro": 0.6672535211267605,
      "confusion_matrix": "[[236   0   0   0]\n [  0   0   0 237]\n [  0   0 237   0]\n [  0 233   0 475]]"
    },
    "fold_1_1": {
      "load_data_time": 0.033546935,
      "training_time": 1.157693382,
      "prediction_time": 0.3381987,
      "accuracy_score": 0.4280532043530834,
      "f1_macro": 0.403997378768021,
      "confusion_matrix": "[[235   0   0   1]\n [ 56   0   0 180]\n [  0   0 119   0]\n [236   0   0   0]]"
    },
    "fold_1_2": {
      "load_data_time": 0.042930426,
      "training_time": 1.490972145,
      "prediction_time": 0.169465134,
      "accuracy_score": 0.7478813559322034,
      "f1_macro": 0.7856369366308692,
      "confusion_matrix": "[[232   0   0   4]\n [  5 141   0  90]\n [  0   0 236   0]\n [  1 257   0 450]]"
    },
    "fold_1_3": {
      "load_data_time": 0.032528307,
      "training_time": 1.183855928,
      "prediction_time": 0.338544586,
      "accuracy_score": 0.3342776203966006,
      "f1_macro": 0.25,
      "confusion_matrix": "[[  0   0   0 235]\n [  0   0   0 235]\n [  0   0 236   0]\n [  0   0   0   0]]"
    },
    "fold_2_0": {
      "load_data_time": 0.038855357,
      "training_time": 1.424646963,
      "prediction_time": 0.226794184,
      "accuracy_score": 0.6372618207480593,
      "f1_macro": 0.6566133720930233,
      "confusion_matrix": "[[236   0   0   0]\n [  0   0   0 237]\n [  0   0 236   0]\n [  0 277   0 431]]"
    },
    "fold_2_1": {
      "load_data_time": 0.034808463,
      "training_time": 1.184731963,
      "prediction_time": 0.31020916,
      "accuracy_score": 0.49947089947089945,
      "f1_macro": 0.403997378768021,
      "confusion_matrix": "[[235   0   0   1]\n [ 56   0   0 180]\n [  0   0 237   0]\n [236   0   0   0]]"
    },
    "fold_2_2": {
      "load_data_time": 0.04350193,
      "training_time": 1.491986677,
      "prediction_time": 0.169007443,
      "accuracy_score": 0.7151655119322555,
      "f1_macro": 0.7734637880309356,
      "confusion_matrix": "[[232   0   0   4]\n [  6 124   0 106]\n [  0   0 119   0]\n [  2 252   0 454]]"
    },
    "fold_2_3": {
      "load_data_time": 0.033366586,
      "training_time": 1.185171036,
      "prediction_time": 0.338287481,
      "accuracy_score": 0.3342776203966006,
      "f1_macro": 0.25,
      "confusion_matrix": "[[  0   0   0 235]\n [  0   0   0 235]\n [  0   0 236   0]\n [  0   0   0   0]]"
    },
    "fold_3_0": {
      "load_data_time": 0.037816433,
      "training_time": 1.418148828,
      "prediction_time": 0.225894019,
      "accuracy_score": 0.6570218772053634,
      "f1_macro": 0.6634615384615384,
      "confusion_matrix": "[[236   0   0   0]\n [  0   0   0 237]\n [  0   0 236   0]\n [  0 249   0 459]]"
    },
    "fold_3_1": {
      "load_data_time": 0.033870826,
      "training_time": 1.160911179,
      "prediction_time": 0.338764328,
      "accuracy_score": 0.4989406779661017,
      "f1_macro": 0.4041994750656168,
      "confusion_matrix": "[[235   0   0   1]\n [ 55   0   0 181]\n [  0   0 236   0]\n [236   0   0   0]]"
    },
    "fold_3_2": {
      "load_data_time": 0.045366862,
      "training_time": 1.516007973,
      "prediction_time": 0.142597384,
      "accuracy_score": 0.7332392378263938,
      "f1_macro": 0.7644919028661787,
      "confusion_matrix": "[[232   1   0   3]\n [  5 108   0 123]\n [  0   0 237   0]\n [  1 245   0 462]]"
    },
    "fold_3_3": {
      "load_data_time": 0.040478831,
      "training_time": 1.458486124,
      "prediction_time": 0.199384568,
      "accuracy_score": 0.20203735144312393,
      "f1_macro": 0.25,
      "confusion_matrix": "[[  0   0   0 235]\n [  0   0   0 235]\n [  0   0 119   0]\n [  0   0   0   0]]"
    },
    "fold_4_0": {
      "load_data_time": 0.034078508,
      "training_time": 1.189864736,
      "prediction_time": 0.33859083,
      "accuracy_score": 0.42926239419588874,
      "f1_macro": 0.40324675324675324,
      "confusion_matrix": "[[236   0   0   0]\n [ 62   0   0 174]\n [  0   0 119   0]\n [236   0   0   0]]"
    },
    "fold_4_1": {
      "load_data_time": 0.032929954,
      "training_time": 1.152948825,
      "prediction_time": 0.337636246,
      "accuracy_score": 0.6619618913196895,
      "f1_macro": 0.6651311126860383,
      "confusion_matrix": "[[236   0   0   0]\n [  0   0   0 237]\n [  0   0 236   0]\n [  0 242   0 466]]"
    },
    "fold_4_2": {
      "load_data_time": 0.043904923,
      "training_time": 1.48377442,
      "prediction_time": 0.170457091,
      "accuracy_score": 0.7521186440677966,
      "f1_macro": 0.7885801654169056,
      "confusion_matrix": "[[231   0   0   5]\n [  6 144   0  86]\n [  0   0 236   0]\n [  1 253   0 454]]"
    },
    "fold_4_3": {
      "load_data_time": 0.039102483,
      "training_time": 1.414472375,
      "prediction_time": 0.226298551,
      "accuracy_score": 0.3352192362093352,
      "f1_macro": 0.25,
      "confusion_matrix": "[[  0   0   0 235]\n [  0   0   0 235]\n [  0   0 237   0]\n [  0   0   0   0]]"
    },
    "fold_5_0": {
      "load_data_time": 0.034923957,
      "training_time": 1.222984413,
      "prediction_time": 0.311721259,
      "accuracy_score": 0.49947089947089945,
      "f1_macro": 0.4041994750656168,
      "confusion_matrix": "[[235   0   0   1]\n [ 55   0   0 181]\n [  0   0 237   0]\n [236   0   0   0]]"
    },
    "fold_5_1": {
      "load_data_time": 0.033528946,
      "training_time": 1.153970073,
      "prediction_time": 0.33830951,
      "accuracy_score": 0.6153846153846154,
      "f1_macro": 0.6600719424460432,
      "confusion_matrix": "[[236   0   0   0]\n [  0   0   0 237]\n [  0   0 119   0]\n [  0 263   0 445]]"
    },
    "fold_5_2": {
      "load_data_time": 0.042729251,
      "training_time": 1.491742611,
      "prediction_time": 0.170061909,
      "accuracy_score": 0.7464689265536724,
      "f1_macro": 0.7862930681082213,
      "confusion_matrix": "[[232   0   0   4]\n [  5 148   0  83]\n [  0   0 236   0]\n [  3 264   0 441]]"
    },
    "fold_5_3": {
      "load_data_time": 0.037958293,
      "training_time": 1.40692553,
      "prediction_time": 0.227196197,
      "accuracy_score": 0.3342776203966006,
      "f1_macro": 0.25,
      "confusion_matrix": "[[  0   0   0 235]\n [  0   0   0 235]\n [  0   0 236   0]\n [  0   0   0   0]]"
    },
    "fold_6_0": {
      "load_data_time": 0.033606597,