{
  "experiment_name": "rauber_loca_et_al_setup",
  "feature_extraction": "WaveletFeatures",
  "classifier": "RandomForestClassifier",
  "augmentation": false,
  "start_time": "2026-04-30_20-37-48",
  "scores": {
    "fold_0_0": {
      "load_data_time": 0.037511666,
      "training_time": 1.441692762,
      "prediction_time": 0.226245072,
      "accuracy_score": 0.6115384615384616,
      "f1_macro": 0.6588447653429603,
      "confusion_matrix": "[[236   0   0   0]\n [  0   0   0 237]\n [  0   0 119   0]\n [  0 268   0 440]]"
    },
    "fold_0_1": {
      "load_data_time": 0.031132927,
      "training_time": 1.151814828,
      "prediction_time": 0.33908674,
      "accuracy_score": 0.5,
      "f1_macro": 0.4048556430446194,
      "confusion_matrix": "[[236   0   0   0]\n [ 54   0   0 182]\n [  0   0 236   0]\n [236   0   0   0]]"
    },
    "fold_0_2": {
      "load_data_time": 0.043970652,
      "training_time": 1.486229291,
      "prediction_time": 0.168672479,
      "accuracy_score": 0.7507062146892656,
      "f1_macro": 0.7881753586810151,
      "confusion_matrix": "[[231   3   0   2]\n [  6 149   0  81]\n [  0   0 236   0]\n [  4 257   0 447]]"
    },
    "fold_0_3": {
      "load_data_time": 0.033346931,
      "training_time": 1.192739691,
      "prediction_time": 0.336778822,
      "accuracy_score": 0.3352192362093352,
      "f1_macro": 0.25,
      "confusion_matrix": "[[  0   0   0 235]\n [  0   0   0 235]\n [  0   0 237   0]\n [  0   0   0   0]]"
    },
    "fold_1_0": {
      "load_data_time": 0.040536692,
      "training_time": 1.441888694,
      "prediction_time": 0.196858732,
      "accuracy_score": 0.6459802538787024,
      "f1_macro": 0.6595821325648414,
      "confusion_matrix": "[[236   0   0   0]\n [  0   0   0 237]\n [  0   0 237   0]\n [  0 265   0 443]]"
    },
    "fold_1_1": {
      "load_data_time": 0.033618372,
      "training_time": 1.143736915,
      "prediction_time": 0.334270685,
      "accuracy_score": 0.4280532043530834,
      "f1_macro": 0.403997378768021,
      "confusion_matrix": "[[235   0   0   1]\n [ 56   0   0 180]\n [  0   0 119   0]\n [236   0   0   0]]"
    },
    "fold_1_2": {
      "load_data_time": 0.043160934,
      "training_time": 1.483731305,
      "prediction_time": 0.167461418,
      "accuracy_score": 0.7379943502824858,
      "f1_macro": 0.7687887244551305,
      "confusion_matrix": "[[232   0   0   4]\n [  6 114   0 116]\n [  0   0 236   0]\n [  3 242   0 463]]"
    },
    "fold_1_3": {
      "load_data_time": 0.032050384,
      "training_time": 1.180718962,
      "prediction_time": 0.334731037,
      "accuracy_score": 0.3356940509915014,
      "f1_macro": 0.2521186440677966,
      "confusion_matrix": "[[  0   0   0 235]\n [  0   1   0 234]\n [  0   0 236   0]\n [  0   0   0   0]]"
    },
    "fold_2_0": {
      "load_data_time": 0.038737356,
      "training_time": 1.405712962,
      "prediction_time": 0.223957685,
      "accuracy_score": 0.6464361326746648,
      "f1_macro": 0.6598272138228942,
      "confusion_matrix": "[[236   0   0   0]\n [  0   0   0 237]\n [  0   0 236   0]\n [  0 264   0 444]]"
    },
    "fold_2_1": {
      "load_data_time": 0.034616457,
      "training_time": 1.171136374,
      "prediction_time": 0.307581641,
      "accuracy_score": 0.49947089947089945,
      "f1_macro": 0.4035947712418301,
      "confusion_matrix": "[[235   0   0   1]\n [ 58   0   0 178]\n [  0   0 237   0]\n [236   0   0   0]]"
    },
    "fold_2_2": {
      "load_data_time": 0.044029844,
      "training_time": 1.478877454,
      "prediction_time": 0.167125923,
      "accuracy_score": 0.6735950731331793,
      "f1_macro": 0.7242253190220067,
      "confusion_matrix": "[[232   2   0   2]\n [  5  64   0 167]\n [  0   0 119   0]\n [  3 245   0 460]]"
    },
    "fold_2_3": {
      "load_data_time": 0.033521649,
      "training_time": 1.178827743,
      "prediction_time": 0.334881512,
      "accuracy_score": 0.3342776203966006,
      "f1_macro": 0.25,
      "confusion_matrix": "[[  0   0   0 235]\n [  0   0   0 235]\n [  0   0 236   0]\n [  0   0   0   0]]"
    },
    "fold_3_0": {
      "load_data_time": 0.03785482,
      "training_time": 1.403441659,
      "prediction_time": 0.223243496,
      "accuracy_score": 0.6464361326746648,
      "f1_macro": 0.6598272138228942,
      "confusion_matrix": "[[236   0   0   0]\n [  0   0   0 237]\n [  0   0 236   0]\n [  0 264   0 444]]"
    },
    "fold_3_1": {
      "load_data_time": 0.033539344,
      "training_time": 1.140857461,
      "prediction_time": 0.335100481,
      "accuracy_score": 0.4989406779661017,
      "f1_macro": 0.4027958387516255,
      "confusion_matrix": "[[235   0   0   1]\n [ 62   0   0 174]\n [  0   0 236   0]\n [236   0   0   0]]"
    },
    "fold_3_2": {
      "load_data_time": 0.045433614,
      "training_time": 1.520052722,
      "prediction_time": 0.1406062,
      "accuracy_score": 0.7198306280875089,
      "f1_macro": 0.7479091376871463,
      "confusion_matrix": "[[232   1   0   3]\n [  6  92   0 138]\n [  0   0 237   0]\n [  5 244   0 459]]"
    },
    "fold_3_3": {
      "load_data_time": 0.040677206,
      "training_time": 1.428547515,
      "prediction_time": 0.197826499,
      "accuracy_score": 0.20203735144312393,
      "f1_macro": 0.25,
      "confusion_matrix": "[[  0   0   0 235]\n [  0   0   0 235]\n [  0   0 119   0]\n [  0   0   0   0]]"
    },
    "fold_4_0": {
      "load_data_time": 0.03360497,
      "training_time": 1.181983225,
      "prediction_time": 0.335970509,
      "accuracy_score": 0.4280532043530834,
      "f1_macro": 0.4041994750656168,
      "confusion_matrix": "[[235   0   0   1]\n [ 55   0   0 181]\n [  0   0 119   0]\n [236   0   0   0]]"
    },
    "fold_4_1": {
      "load_data_time": 0.03227134,
      "training_time": 1.149138437,
      "prediction_time": 0.33794596,
      "accuracy_score": 0.6436132674664785,
      "f1_macro": 0.6588447653429603,
      "confusion_matrix": "[[236   0   0   0]\n [  0   0   0 237]\n [  0   0 236   0]\n [  0 268   0 440]]"
    },
    "fold_4_2": {
      "load_data_time": 0.044273741,
      "training_time": 1.465123974,
      "prediction_time": 0.167456826,
      "accuracy_score": 0.7344632768361582,
      "f1_macro": 0.7664016416679754,
      "confusion_matrix": "[[232   2   0   2]\n [  6 115   0 115]\n [  0   0 236   0]\n [  5 246   0 457]]"
    },
    "fold_4_3": {
      "load_data_time": 0.039206272,
      "training_time": 1.402490811,
      "prediction_time": 0.224421885,
      "accuracy_score": 0.3592644978783593,
      "f1_macro": 0.2837301587301587,
      "confusion_matrix": "[[  0   0   0 235]\n [  0  17   0 218]\n [  0   0 237   0]\n [  0   0   0   0]]"
    },
    "fold_5_0": {
      "load_data_time": 0.034733191,
      "training_time": 1.205296191,
      "prediction_time": 0.306956668,
      "accuracy_score": 0.49947089947089945,
      "f1_macro": 0.403997378768021,
      "confusion_matrix": "[[235   0   0   1]\n [ 56   0   0 180]\n [  0   0 237   0]\n [236   0   0   0]]"
    },
    "fold_5_1": {
      "load_data_time": 0.033441463,
      "training_time": 1.133134158,
      "prediction_time": 0.33382661,
      "accuracy_score": 0.6184615384615385,
      "f1_macro": 0.6610473457675753,
      "confusion_matrix": "[[236   0   0   0]\n [  0   0   0 237]\n [  0   0 119   0]\n [  0 259   0 449]]"
    },
    "fold_5_2": {
      "load_data_time": 0.042769199,
      "training_time": 1.496960443,
      "prediction_time": 0.168167085,
      "accuracy_score": 0.7450564971751412,
      "f1_macro": 0.7791442743126896,
      "confusion_matrix": "[[231   1   0   4]\n [  6 129   0 101]\n [  0   0 236   0]\n [  1 248   0 459]]"
    },
    "fold_5_3": {
      "load_data_time": 0.037651495,
      "training_time": 1.406238723,
      "prediction_time": 0.224523569,
      "accuracy_score": 0.3342776203966006,
      "f1_macro": 0.25,
      "confusion_matrix": "[[  0   0   0 235]\n [  0   0   0 235]\n [  0   0 236   0]\n [  0   0   0   0]]"
    },