{
  "experiment_name": "rauber_de_fe_setup",
  "feature_extraction": "WaveletFeatures",
  "classifier": "RandomForestClassifier",
  "augmentation": true,
  "start_time": "2026-05-01_14-43-28",
  "scores": {
    "fold_0_0": {
      "load_data_time": 20.287530237,
      "training_time": 26.465480626,
      "prediction_time": 0.482622181,
      "accuracy_score": 0.48614318706697457,
      "f1_macro": 0.5166228551496554,
      "confusion_matrix": "[[471   0   0   0]\n [  1   1   0 471]\n [  0   0 238   0]\n [600 263   0 553]]"
    },
    "fold_0_1": {
      "load_data_time": 13.875375153,
      "training_time": 18.81030309,
      "prediction_time": 0.579845827,
      "accuracy_score": 0.6266050333846944,
      "f1_macro": 0.5545905200330813,
      "confusion_matrix": "[[405  24   0  43]\n [174   0   0 298]\n [  0   0 472   0]\n [188   0   0 343]]"
    },
    "fold_0_2": {
      "load_data_time": 29.745163556,
      "training_time": 38.289938185,
      "prediction_time": 0.228878521,
      "accuracy_score": 0.5097623089983022,
      "f1_macro": 0.4762976133051413,
      "confusion_matrix": "[[253   1   0 217]\n [216   1   0 255]\n [  0   0 472   0]\n [329 137   0 475]]"
    },
    "fold_0_3": {
      "load_data_time": 10.888607671,
      "training_time": 14.006579837,
      "prediction_time": 0.697693413,
      "accuracy_score": 0.503177966101695,
      "f1_macro": 0.2521186440677966,
      "confusion_matrix": "[[  0   0   0 235]\n [  0   1   0 234]\n [  0   0 474   0]\n [  0   0   0   0]]"
    },
    "fold_1_0": {
      "load_data_time": 19.974440767,
      "training_time": 25.932955651,
      "prediction_time": 0.415941761,
      "accuracy_score": 0.5497529992942837,
      "f1_macro": 0.5336718079696223,
      "confusion_matrix": "[[470   0   0   1]\n [  2   1   0 470]\n [  0   0 474   0]\n [522 281   0 613]]"
    },
    "fold_1_1": {
      "load_data_time": 13.758558781,
      "training_time": 18.832378687,
      "prediction_time": 0.575130098,
      "accuracy_score": 0.574430823117338,
      "f1_macro": 0.5522775251382904,
      "confusion_matrix": "[[407  15   0  50]\n [228   0   0 244]\n [  0   0 238   0]\n [192   0   0 339]]"
    },
    "fold_1_2": {
      "load_data_time": 29.720857411,
      "training_time": 38.045380111,
      "prediction_time": 0.228623909,
      "accuracy_score": 0.49575551782682514,
      "f1_macro": 0.463835621593986,
      "confusion_matrix": "[[224   2   0 245]\n [209   0   0 263]\n [  0   0 472   0]\n [327 142   0 472]]"
    },
    "fold_1_3": {
      "load_data_time": 10.613202456,
      "training_time": 14.038398263,
      "prediction_time": 0.691852947,
      "accuracy_score": 0.5021231422505308,
      "f1_macro": 0.2521186440677966,
      "confusion_matrix": "[[  0   0   0 235]\n [  0   1   0 234]\n [  0   0 472   0]\n [  0   0   0   0]]"
    },
    "fold_2_0": {
      "load_data_time": 20.071319516,
      "training_time": 25.697864373,
      "prediction_time": 0.474693893,
      "accuracy_score": 0.5264830508474576,
      "f1_macro": 0.514544205944582,
      "confusion_matrix": "[[471   0   0   0]\n [  0   2   0 471]\n [  0   0 472   0]\n [618 252   0 546]]"
    },
    "fold_2_1": {
      "load_data_time": 13.894110893,
      "training_time": 18.822503935,
      "prediction_time": 0.514538441,
      "accuracy_score": 0.6444330425859415,
      "f1_macro": 0.5672095720008433,
      "confusion_matrix": "[[424  14   0  34]\n [171   0   0 301]\n [  0   0 474   0]\n [173   0   0 358]]"
    },
    "fold_2_2": {
      "load_data_time": 29.882375126,
      "training_time": 38.089853493,
      "prediction_time": 0.22952522,
      "accuracy_score": 0.45617342130065974,
      "f1_macro": 0.47604513759937156,
      "confusion_matrix": "[[249   0   0 222]\n [195   2   0 275]\n [  0   0 238   0]\n [337 125   0 479]]"
    },
    "fold_2_3": {
      "load_data_time": 10.725598402,
      "training_time": 14.074179864,
      "prediction_time": 0.685531892,
      "accuracy_score": 0.5021231422505308,
      "f1_macro": 0.2521186440677966,
      "confusion_matrix": "[[  0   0   0 235]\n [  0   1   0 234]\n [  0   0 472   0]\n [  0   0   0   0]]"
    },
    "fold_3_0": {
      "load_data_time": 20.144666784,
      "training_time": 25.795275052,
      "prediction_time": 0.472249737,
      "accuracy_score": 0.5307203389830508,
      "f1_macro": 0.5178710003580113,
      "confusion_matrix": "[[469   1   0   1]\n [  1   4   0 468]\n [  0   0 472   0]\n [613 245   0 558]]"
    },
    "fold_3_1": {
      "load_data_time": 14.02148225,
      "training_time": 18.766814639,
      "prediction_time": 0.571798517,
      "accuracy_score": 0.6271186440677966,
      "f1_macro": 0.555639606560892,
      "confusion_matrix": "[[407  32   0  33]\n [212   0   0 260]\n [  0   0 472   0]\n [189   0   0 342]]"
    },
    "fold_3_2": {
      "load_data_time": 29.782994891,
      "training_time": 38.173472818,
      "prediction_time": 0.172855179,
      "accuracy_score": 0.4868532654792197,
      "f1_macro": 0.45338655392174,
      "confusion_matrix": "[[198   3   0 270]\n [208   1   0 263]\n [  0   0 474   0]\n [350 116   0 475]]"
    },
    "fold_3_3": {
      "load_data_time": 20.132033868,
      "training_time": 26.019734409,
      "prediction_time": 0.418710891,
      "accuracy_score": 0.3785310734463277,
      "f1_macro": 0.30660377358490565,
      "confusion_matrix": "[[  0   0   0 235]\n [  0  30   0 205]\n [  0   0 238   0]\n [  0   0   0   0]]"
    },
    "fold_4_0": {
      "load_data_time": 10.607854779,
      "training_time": 14.046611243,
      "prediction_time": 0.686186892,
      "accuracy_score": 0.5808523058960887,
      "f1_macro": 0.5591865389557545,
      "confusion_matrix": "[[402  32   0  38]\n [212   0   0 260]\n [  0   0 238   0]\n [176   0   0 355]]"
    },
    "fold_4_1": {
      "load_data_time": 13.91735223,
      "training_time": 18.736020037,
      "prediction_time": 0.569997079,
      "accuracy_score": 0.5215395480225988,
      "f1_macro": 0.5168721185279809,
      "confusion_matrix": "[[469   1   0   1]\n [  0   5   0 468]\n [  0   0 472   0]\n [585 300   0 531]]"
    },
    "fold_4_2": {
      "load_data_time": 29.322360116,
      "training_time": 38.087473887,
      "prediction_time": 0.230059659,
      "accuracy_score": 0.49151103565365023,
      "f1_macro": 0.4606044959036538,
      "confusion_matrix": "[[205   9   0 257]\n [212   1   0 259]\n [  0   0 472   0]\n [305 156   0 480]]"
    },
    "fold_4_3": {
      "load_data_time": 20.375121284,
      "training_time": 25.939860134,
      "prediction_time": 0.472667716,
      "accuracy_score": 0.503177966101695,
      "f1_macro": 0.2521186440677966,
      "confusion_matrix": "[[  0   0   0 235]\n [  0   1   0 234]\n [  0   0 474   0]\n [  0   0   0   0]]"
    },
    "fold_5_0": {
      "load_data_time": 10.961098668,
      "training_time": 14.194463558,
      "prediction_time": 0.629145344,
      "accuracy_score": 0.6300667008722421,
      "f1_macro": 0.5560912698412699,
      "confusion_matrix": "[[407  18   0  47]\n [197   0   0 275]\n [  0   0 474   0]\n [184   0   0 347]]"
    },
    "fold_5_1": {
      "load_data_time": 14.12976265,
      "training_time": 18.828579232,
      "prediction_time": 0.572273835,
      "accuracy_score": 0.5007698229407236,
      "f1_macro": 0.5240642649347684,
      "confusion_matrix": "[[470   1   0   0]\n [  0   3   0 470]\n [  0   0 238   0]\n [597 229   0 590]]"
    },
    "fold_5_2": {
      "load_data_time": 29.815164081,
      "training_time": 38.002894961,
      "prediction_time": 0.228785199,
      "accuracy_score": 0.5110356536502547,
      "f1_macro": 0.4751325276079813,
      "confusion_matrix": "[[227   4   0 240]\n [216   3   0 253]\n [  0   0 472   0]\n [306 133   0 502]]"
    },
    "fold_5_3": {
      "load_data_time": 20.315392698,
      "training_time": 26.233898172,
      "prediction_time": 0.472360771,
      "accuracy_score": 0.5042462845010616,
      "f1_macro": 0.25630252100840334,