{
  "experiment_name": "rauber_loca_et_al_setup",
  "feature_extraction": "WaveletFeatures",
  "classifier": "RandomForestClassifier",
  "augmentation": false,
  "start_time": "2026-05-02_03-43-31",
  "scores": {
    "fold_0_0": {
      "load_data_time": 0.037539556,
      "training_time": 1.426410524,
      "prediction_time": 0.225054266,
      "accuracy_score": 0.6323076923076923,
      "f1_macro": 0.6653682719546742,
      "confusion_matrix": "[[236   0   0   0]\n [  0   0   0 237]\n [  0   0 119   0]\n [  0 241   0 467]]"
    },
    "fold_0_1": {
      "load_data_time": 0.031374745,
      "training_time": 1.14213626,
      "prediction_time": 0.336355145,
      "accuracy_score": 0.5,
      "f1_macro": 0.4042483660130719,
      "confusion_matrix": "[[236   0   0   0]\n [ 57   0   0 179]\n [  0   0 236   0]\n [236   0   0   0]]"
    },
    "fold_0_2": {
      "load_data_time": 0.043771833,
      "training_time": 1.466148155,
      "prediction_time": 0.166915699,
      "accuracy_score": 0.7365819209039548,
      "f1_macro": 0.7765045749006998,
      "confusion_matrix": "[[231   0   0   5]\n [  5 138   0  93]\n [  0   0 236   0]\n [  4 266   0 438]]"
    },
    "fold_0_3": {
      "load_data_time": 0.033703152,
      "training_time": 1.179130956,
      "prediction_time": 0.335117199,
      "accuracy_score": 0.3352192362093352,
      "f1_macro": 0.25,
      "confusion_matrix": "[[  0   0   0 235]\n [  0   0   0 235]\n [  0   0 237   0]\n [  0   0   0   0]]"
    },
    "fold_1_0": {
      "load_data_time": 0.040387387,
      "training_time": 1.439089503,
      "prediction_time": 0.196016905,
      "accuracy_score": 0.6748942172073342,
      "f1_macro": 0.6693491952414276,
      "confusion_matrix": "[[236   0   0   0]\n [  0   0   0 237]\n [  0   0 237   0]\n [  0 224   0 484]]"
    },
    "fold_1_1": {
      "load_data_time": 0.033222134,
      "training_time": 1.137836543,
      "prediction_time": 0.331553331,
      "accuracy_score": 0.4280532043530834,
      "f1_macro": 0.403997378768021,
      "confusion_matrix": "[[235   0   0   1]\n [ 56   0   0 180]\n [  0   0 119   0]\n [236   0   0   0]]"
    },
    "fold_1_2": {
      "load_data_time": 0.042523231,
      "training_time": 1.461550688,
      "prediction_time": 0.166342502,
      "accuracy_score": 0.7436440677966102,
      "f1_macro": 0.7810087229280166,
      "confusion_matrix": "[[232   1   0   3]\n [  6 135   0  95]\n [  0   0 236   0]\n [  0 258   0 450]]"
    },
    "fold_1_3": {
      "load_data_time": 0.03249462,
      "training_time": 1.175301111,
      "prediction_time": 0.332368239,
      "accuracy_score": 0.3342776203966006,
      "f1_macro": 0.25,
      "confusion_matrix": "[[  0   0   0 235]\n [  0   0   0 235]\n [  0   0 236   0]\n [  0   0   0   0]]"
    },
    "fold_2_0": {
      "load_data_time": 0.038904582,
      "training_time": 1.396656586,
      "prediction_time": 0.223404937,
      "accuracy_score": 0.6436132674664785,
      "f1_macro": 0.6588447653429603,
      "confusion_matrix": "[[236   0   0   0]\n [  0   0   0 237]\n [  0   0 236   0]\n [  0 268   0 440]]"
    },
    "fold_2_1": {
      "load_data_time": 0.034571865,
      "training_time": 1.169147789,
      "prediction_time": 0.304812159,
      "accuracy_score": 0.5005291005291005,
      "f1_macro": 0.4030479896238651,
      "confusion_matrix": "[[236   0   0   0]\n [ 63   0   0 173]\n [  0   0 237   0]\n [236   0   0   0]]"
    },
    "fold_2_2": {
      "load_data_time": 0.043376322,
      "training_time": 1.465677596,
      "prediction_time": 0.167644214,
      "accuracy_score": 0.7182448036951501,
      "f1_macro": 0.7727345783168591,
      "confusion_matrix": "[[232   0   0   4]\n [  5 116   0 115]\n [  0   0 119   0]\n [  1 241   0 466]]"
    },
    "fold_2_3": {
      "load_data_time": 0.033408359,
      "training_time": 1.168228759,
      "prediction_time": 0.332363967,
      "accuracy_score": 0.3342776203966006,
      "f1_macro": 0.25,
      "confusion_matrix": "[[  0   0   0 235]\n [  0   0   0 235]\n [  0   0 236   0]\n [  0   0   0   0]]"
    },
    "fold_3_0": {
      "load_data_time": 0.037701165,
      "training_time": 1.397434773,
      "prediction_time": 0.221472966,
      "accuracy_score": 0.6570218772053634,
      "f1_macro": 0.6634615384615384,
      "confusion_matrix": "[[236   0   0   0]\n [  0   0   0 237]\n [  0   0 236   0]\n [  0 249   0 459]]"
    },
    "fold_3_1": {
      "load_data_time": 0.03333309,
      "training_time": 1.13460535,
      "prediction_time": 0.333081242,
      "accuracy_score": 0.5,
      "f1_macro": 0.4048556430446194,
      "confusion_matrix": "[[236   0   0   0]\n [ 54   0   0 182]\n [  0   0 236   0]\n [236   0   0   0]]"
    },
    "fold_3_2": {
      "load_data_time": 0.044718249,
      "training_time": 1.529500956,
      "prediction_time": 0.13953481,
      "accuracy_score": 0.7240649258997883,
      "f1_macro": 0.7561833353673353,
      "confusion_matrix": "[[232   0   0   4]\n [  6 105   0 125]\n [  0   0 237   0]\n [  5 251   0 452]]"
    },
    "fold_3_3": {
      "load_data_time": 0.039925728,
      "training_time": 1.411453757,
      "prediction_time": 0.194895254,
      "accuracy_score": 0.20203735144312393,
      "f1_macro": 0.25,
      "confusion_matrix": "[[  0   0   0 235]\n [  0   0   0 235]\n [  0   0 119   0]\n [  0   0   0   0]]"
    },
    "fold_4_0": {
      "load_data_time": 0.033444207,
      "training_time": 1.165377916,
      "prediction_time": 0.333710631,
      "accuracy_score": 0.4280532043530834,
      "f1_macro": 0.4050131926121372,
      "confusion_matrix": "[[235   0   0   1]\n [ 51   0   0 185]\n [  0   0 119   0]\n [236   0   0   0]]"
    },
    "fold_4_1": {
      "load_data_time": 0.03225438,
      "training_time": 1.134708273,
      "prediction_time": 0.332362911,
      "accuracy_score": 0.6464361326746648,
      "f1_macro": 0.6598272138228942,
      "confusion_matrix": "[[236   0   0   0]\n [  0   0   0 237]\n [  0   0 236   0]\n [  0 264   0 444]]"
    },
    "fold_4_2": {
      "load_data_time": 0.043570133,
      "training_time": 1.457732303,
      "prediction_time": 0.166934693,
      "accuracy_score": 0.7266949152542372,
      "f1_macro": 0.7553496999957215,
      "confusion_matrix": "[[232   0   0   4]\n [ 11 102   0 123]\n [  0   0 236   0]\n [  3 246   0 459]]"
    },
    "fold_4_3": {
      "load_data_time": 0.038919207,
      "training_time": 1.394455221,
      "prediction_time": 0.222244897,
      "accuracy_score": 0.3465346534653465,
      "f1_macro": 0.2664609053497942,
      "confusion_matrix": "[[  0   0   0 235]\n [  0   8   0 227]\n [  0   0 237   0]\n [  0   0   0   0]]"
    },
    "fold_5_0": {
      "load_data_time": 0.034598799,
      "training_time": 1.194194243,
      "prediction_time": 0.304302962,
      "accuracy_score": 0.49947089947089945,
      "f1_macro": 0.4023994811932555,
      "confusion_matrix": "[[235   0   0   1]\n [ 64   0   0 172]\n [  0   0 237   0]\n [236   0   0   0]]"
    },
    "fold_5_1": {
      "load_data_time": 0.033456058,
      "training_time": 1.123879448,
      "prediction_time": 0.331180116,
      "accuracy_score": 0.6130769230769231,
      "f1_macro": 0.6593366979091564,
      "confusion_matrix": "[[236   0   0   0]\n [  0   0   0 237]\n [  0   0 119   0]\n [  0 266   0 442]]"
    },
    "fold_5_2": {
      "load_data_time": 0.042511002,
      "training_time": 1.458794499,
      "prediction_time": 0.16608856,
      "accuracy_score": 0.7598870056497176,
      "f1_macro": 0.7939406850459483,
      "confusion_matrix": "[[232   0   0   4]\n [  6 145   0  85]\n [  0   0 236   0]\n [  1 244   0 463]]"
    },
    "fold_5_3": {
      "load_data_time": 0.037995049,
      "training_time": 1.388673502,
      "prediction_time": 0.222068596,
      "accuracy_score": 0.3342776203966006,
      "f1_macro": 0.25,
      "confusion_matrix": "[[  0   0   0 235]\n [  0   0   0 235]\n [  0   0 236   0]\n [  0   0   0   0]]"
    },
    "fold_6_0": {
      "load_data_time": 0.03349594,