{
  "experiment_name": "rauber_loca_et_al_setup",
  "feature_extraction": "WaveletFeatures",
  "classifier": "RandomForestClassifier",
  "augmentation": false,
  "start_time": "2026-04-30_17-40-24",
  "scores": {
    "fold_0_0": {
      "load_data_time": 0.037597723,
      "training_time": 1.438910737,
      "prediction_time": 0.22292941,
      "accuracy_score": 0.61,
      "f1_macro": 0.658351409978308,
      "confusion_matrix": "[[236   0   0   0]\n [  0   0   0 237]\n [  0   0 119   0]\n [  0 270   0 438]]"
    },
    "fold_0_1": {
      "load_data_time": 0.031121141,
      "training_time": 1.144557635,
      "prediction_time": 0.333361847,
      "accuracy_score": 0.4989406779661017,
      "f1_macro": 0.4044021024967148,
      "confusion_matrix": "[[235   0   0   1]\n [ 54   0   0 182]\n [  0   0 236   0]\n [236   0   0   0]]"
    },
    "fold_0_2": {
      "load_data_time": 0.044000512,
      "training_time": 1.462214379,
      "prediction_time": 0.164498101,
      "accuracy_score": 0.6998587570621468,
      "f1_macro": 0.7276570996868822,
      "confusion_matrix": "[[231   1   0   4]\n [  6  72   0 158]\n [  0   0 236   0]\n [  3 253   0 452]]"
    },
    "fold_0_3": {
      "load_data_time": 0.033089063,
      "training_time": 1.172247795,
      "prediction_time": 0.332529317,
      "accuracy_score": 0.3352192362093352,
      "f1_macro": 0.25,
      "confusion_matrix": "[[  0   0   0 235]\n [  0   0   0 235]\n [  0   0 237   0]\n [  0   0   0   0]]"
    },
    "fold_1_0": {
      "load_data_time": 0.040400697,
      "training_time": 1.426317238,
      "prediction_time": 0.193467816,
      "accuracy_score": 0.6368124118476728,
      "f1_macro": 0.6532255610498289,
      "confusion_matrix": "[[236   0   0   0]\n [  0   0   0 237]\n [  0   0 237   0]\n [  6 272   0 430]]"
    },
    "fold_1_1": {
      "load_data_time": 0.033382711,
      "training_time": 1.133473413,
      "prediction_time": 0.328815836,
      "accuracy_score": 0.4280532043530834,
      "f1_macro": 0.40319426336375486,
      "confusion_matrix": "[[235   0   0   1]\n [ 60   0   0 176]\n [  0   0 119   0]\n [236   0   0   0]]"
    },
    "fold_1_2": {
      "load_data_time": 0.042488798,
      "training_time": 1.457009776,
      "prediction_time": 0.164404795,
      "accuracy_score": 0.7429378531073446,
      "f1_macro": 0.777811216652938,
      "confusion_matrix": "[[232   1   0   3]\n [  6 130   0 100]\n [  0   0 236   0]\n [  3 251   0 454]]"
    },
    "fold_1_3": {
      "load_data_time": 0.032125176,
      "training_time": 1.169333898,
      "prediction_time": 0.328114153,
      "accuracy_score": 0.3356940509915014,
      "f1_macro": 0.2521186440677966,
      "confusion_matrix": "[[  0   0   0 235]\n [  0   1   0 234]\n [  0   0 236   0]\n [  0   0   0   0]]"
    },
    "fold_2_0": {
      "load_data_time": 0.038775084,
      "training_time": 1.394410811,
      "prediction_time": 0.220172496,
      "accuracy_score": 0.6429075511644319,
      "f1_macro": 0.6585982658959537,
      "confusion_matrix": "[[236   0   0   0]\n [  0   0   0 237]\n [  0   0 236   0]\n [  0 269   0 439]]"
    },
    "fold_2_1": {
      "load_data_time": 0.034834027,
      "training_time": 1.164421297,
      "prediction_time": 0.302741551,
      "accuracy_score": 0.5005291005291005,
      "f1_macro": 0.40364583333333337,
      "confusion_matrix": "[[236   0   0   0]\n [ 60   0   0 176]\n [  0   0 237   0]\n [236   0   0   0]]"
    },
    "fold_2_2": {
      "load_data_time": 0.043601025,
      "training_time": 1.460279797,
      "prediction_time": 0.164740825,
      "accuracy_score": 0.7190146266358738,
      "f1_macro": 0.7848222015959383,
      "confusion_matrix": "[[228   0   0   8]\n [  5 153   0  78]\n [  0   0 119   0]\n [  1 273   0 434]]"
    },
    "fold_2_3": {
      "load_data_time": 0.033265788,
      "training_time": 1.166310426,
      "prediction_time": 0.329124592,
      "accuracy_score": 0.3356940509915014,
      "f1_macro": 0.2521186440677966,
      "confusion_matrix": "[[  0   0   0 235]\n [  0   1   0 234]\n [  0   0 236   0]\n [  0   0   0   0]]"
    },
    "fold_3_0": {
      "load_data_time": 0.037734165,
      "training_time": 1.390018804,
      "prediction_time": 0.219247576,
      "accuracy_score": 0.6598447424135497,
      "f1_macro": 0.6644176136363636,
      "confusion_matrix": "[[236   0   0   0]\n [  0   0   0 237]\n [  0   0 236   0]\n [  0 245   0 463]]"
    },
    "fold_3_1": {
      "load_data_time": 0.033551815,
      "training_time": 1.142755718,
      "prediction_time": 0.327755229,
      "accuracy_score": 0.4989406779661017,
      "f1_macro": 0.4033942558746736,
      "confusion_matrix": "[[235   0   0   1]\n [ 59   0   0 177]\n [  0   0 236   0]\n [236   0   0   0]]"
    },
    "fold_3_2": {
      "load_data_time": 0.045100305,
      "training_time": 1.505621029,
      "prediction_time": 0.138319529,
      "accuracy_score": 0.757939308398024,
      "f1_macro": 0.7942027340181411,
      "confusion_matrix": "[[230   2   0   4]\n [  7 152   0  77]\n [  0   0 237   0]\n [  0 253   0 455]]"
    },
    "fold_3_3": {
      "load_data_time": 0.040316681,
      "training_time": 1.419436773,
      "prediction_time": 0.194230657,
      "accuracy_score": 0.20203735144312393,
      "f1_macro": 0.25,
      "confusion_matrix": "[[  0   0   0 235]\n [  0   0   0 235]\n [  0   0 119   0]\n [  0   0   0   0]]"
    },
    "fold_4_0": {
      "load_data_time": 0.033902434,
      "training_time": 1.161741719,
      "prediction_time": 0.327196603,
      "accuracy_score": 0.42926239419588874,
      "f1_macro": 0.4042483660130719,
      "confusion_matrix": "[[236   0   0   0]\n [ 57   0   0 179]\n [  0   0 119   0]\n [236   0   0   0]]"
    },
    "fold_4_1": {
      "load_data_time": 0.032486676,
      "training_time": 1.123569046,
      "prediction_time": 0.328299127,
      "accuracy_score": 0.644318983768525,
      "f1_macro": 0.6590909090909091,
      "confusion_matrix": "[[236   0   0   0]\n [  0   0   0 237]\n [  0   0 236   0]\n [  0 267   0 441]]"
    },
    "fold_4_2": {
      "load_data_time": 0.044031635,
      "training_time": 1.465573631,
      "prediction_time": 0.164763887,
      "accuracy_score": 0.7344632768361582,
      "f1_macro": 0.7682650324133685,
      "confusion_matrix": "[[232   1   0   3]\n [  6 117   0 113]\n [  0   0 236   0]\n [  2 251   0 455]]"
    },
    "fold_4_3": {
      "load_data_time": 0.038994984,
      "training_time": 1.38762729,
      "prediction_time": 0.219902217,
      "accuracy_score": 0.3352192362093352,
      "f1_macro": 0.25,
      "confusion_matrix": "[[  0   0   0 235]\n [  0   0   0 235]\n [  0   0 237   0]\n [  0   0   0   0]]"
    },
    "fold_5_0": {
      "load_data_time": 0.034535077,
      "training_time": 1.195409751,
      "prediction_time": 0.302595396,
      "accuracy_score": 0.5005291005291005,
      "f1_macro": 0.40384615384615385,
      "confusion_matrix": "[[236   0   0   0]\n [ 59   0   0 177]\n [  0   0 237   0]\n [236   0   0   0]]"
    },
    "fold_5_1": {
      "load_data_time": 0.033340932,
      "training_time": 1.12465396,
      "prediction_time": 0.327479355,
      "accuracy_score": 0.6253846153846154,
      "f1_macro": 0.6632216678545972,
      "confusion_matrix": "[[236   0   0   0]\n [  0   0   0 237]\n [  0   0 119   0]\n [  0 250   0 458]]"
    },
    "fold_5_2": {
      "load_data_time": 0.042723827,
      "training_time": 1.447734833,
      "prediction_time": 0.164094142,
      "accuracy_score": 0.739406779661017,
      "f1_macro": 0.7715000472124628,
      "confusion_matrix": "[[232   1   0   3]\n [  6 117   0 113]\n [  0   0 236   0]\n [  1 245   0 462]]"
    },
    "fold_5_3": {
      "load_data_time": 0.037621876,
      "training_time": 1.394903147,
      "prediction_time": 0.219404009,
      "accuracy_score": 0.3342776203966006,
      "f1_macro": 0.25,
      "confusion_matrix": "[[  0   0   0 235]\n [  0   0   0 235]\n [  0   0 236   0]\n [  0   0   0   0]]"
    },