{
  "experiment_name": "rauber_loca_et_al_setup",
  "feature_extraction": "WaveletFeatures",
  "classifier": "RandomForestClassifier",
  "augmentation": false,
  "start_time": "2026-05-01_03-17-07",
  "scores": {
    "fold_0_0": {
      "load_data_time": 0.037517758,
      "training_time": 1.426789105,
      "prediction_time": 0.22273317,
      "accuracy_score": 0.6169230769230769,
      "f1_macro": 0.6605603448275862,
      "confusion_matrix": "[[236   0   0   0]\n [  0   0   0 237]\n [  0   0 119   0]\n [  0 261   0 447]]"
    },
    "fold_0_1": {
      "load_data_time": 0.031550263,
      "training_time": 1.131259278,
      "prediction_time": 0.333131478,
      "accuracy_score": 0.4989406779661017,
      "f1_macro": 0.40319426336375486,
      "confusion_matrix": "[[235   0   0   1]\n [ 60   0   0 176]\n [  0   0 236   0]\n [236   0   0   0]]"
    },
    "fold_0_2": {
      "load_data_time": 0.044165421,
      "training_time": 1.466923992,
      "prediction_time": 0.165087258,
      "accuracy_score": 0.7358757062146892,
      "f1_macro": 0.7687389310836465,
      "confusion_matrix": "[[232   1   0   3]\n [  6 117   0 113]\n [  0   0 236   0]\n [  3 248   0 457]]"
    },
    "fold_0_3": {
      "load_data_time": 0.033200963,
      "training_time": 1.172759959,
      "prediction_time": 0.330686345,
      "accuracy_score": 0.3352192362093352,
      "f1_macro": 0.25,
      "confusion_matrix": "[[  0   0   0 235]\n [  0   0   0 235]\n [  0   0 237   0]\n [  0   0   0   0]]"
    },
    "fold_1_0": {
      "load_data_time": 0.040364411,
      "training_time": 1.423796657,
      "prediction_time": 0.193344267,
      "accuracy_score": 0.6473906911142454,
      "f1_macro": 0.6600719424460432,
      "confusion_matrix": "[[236   0   0   0]\n [  0   0   0 237]\n [  0   0 237   0]\n [  0 263   0 445]]"
    },
    "fold_1_1": {
      "load_data_time": 0.033444129,
      "training_time": 1.139335178,
      "prediction_time": 0.326730233,
      "accuracy_score": 0.4280532043530834,
      "f1_macro": 0.4037958115183246,
      "confusion_matrix": "[[235   0   0   1]\n [ 57   0   0 179]\n [  0   0 119   0]\n [236   0   0   0]]"
    },
    "fold_1_2": {
      "load_data_time": 0.042855352,
      "training_time": 1.45079104,
      "prediction_time": 0.163700193,
      "accuracy_score": 0.7429378531073446,
      "f1_macro": 0.7794097881479447,
      "confusion_matrix": "[[230   1   0   5]\n [  5 134   0  97]\n [  0   0 236   0]\n [  2 254   0 452]]"
    },
    "fold_1_3": {
      "load_data_time": 0.032448237,
      "training_time": 1.166991229,
      "prediction_time": 0.328389875,
      "accuracy_score": 0.3342776203966006,
      "f1_macro": 0.25,
      "confusion_matrix": "[[  0   0   0 235]\n [  0   0   0 235]\n [  0   0 236   0]\n [  0   0   0   0]]"
    },
    "fold_2_0": {
      "load_data_time": 0.038849409,
      "training_time": 1.386931753,
      "prediction_time": 0.218168815,
      "accuracy_score": 0.6739590684544813,
      "f1_macro": 0.6691176470588236,
      "confusion_matrix": "[[236   0   0   0]\n [  0   0   0 237]\n [  0   0 236   0]\n [  0 225   0 483]]"
    },
    "fold_2_1": {
      "load_data_time": 0.034849879,
      "training_time": 1.161034813,
      "prediction_time": 0.299578926,
      "accuracy_score": 0.5005291005291005,
      "f1_macro": 0.40384615384615385,
      "confusion_matrix": "[[236   0   0   0]\n [ 59   0   0 177]\n [  0   0 237   0]\n [236   0   0   0]]"
    },
    "fold_2_2": {
      "load_data_time": 0.04367822,
      "training_time": 1.456349505,
      "prediction_time": 0.164045425,
      "accuracy_score": 0.7259430331023865,
      "f1_macro": 0.78667408023224,
      "confusion_matrix": "[[232   0   0   4]\n [  5 145   0  86]\n [  0   0 119   0]\n [  3 258   0 447]]"
    },
    "fold_2_3": {
      "load_data_time": 0.033226212,
      "training_time": 1.167754145,
      "prediction_time": 0.328305506,
      "accuracy_score": 0.3342776203966006,
      "f1_macro": 0.25,
      "confusion_matrix": "[[  0   0   0 235]\n [  0   0   0 235]\n [  0   0 236   0]\n [  0   0   0   0]]"
    },
    "fold_3_0": {
      "load_data_time": 0.037527796,
      "training_time": 1.388848278,
      "prediction_time": 0.218968406,
      "accuracy_score": 0.6450247000705717,
      "f1_macro": 0.6593366979091564,
      "confusion_matrix": "[[236   0   0   0]\n [  0   0   0 237]\n [  0   0 236   0]\n [  0 266   0 442]]"
    },
    "fold_3_1": {
      "load_data_time": 0.033631918,
      "training_time": 1.132014857,
      "prediction_time": 0.327599293,
      "accuracy_score": 0.5,
      "f1_macro": 0.405467720685112,
      "confusion_matrix": "[[236   0   0   0]\n [ 51   0   0 185]\n [  0   0 236   0]\n [236   0   0   0]]"
    },
    "fold_3_2": {
      "load_data_time": 0.045384566,
      "training_time": 1.496068041,
      "prediction_time": 0.137865427,
      "accuracy_score": 0.7134791813690896,
      "f1_macro": 0.7445900965187582,
      "confusion_matrix": "[[231   1   0   4]\n [  5  89   0 142]\n [  0   0 237   0]\n [  1 253   0 454]]"
    },
    "fold_3_3": {
      "load_data_time": 0.040252368,
      "training_time": 1.413219015,
      "prediction_time": 0.192903397,
      "accuracy_score": 0.20203735144312393,
      "f1_macro": 0.25,
      "confusion_matrix": "[[  0   0   0 235]\n [  0   0   0 235]\n [  0   0 119   0]\n [  0   0   0   0]]"
    },
    "fold_4_0": {
      "load_data_time": 0.033811908,
      "training_time": 1.166316973,
      "prediction_time": 0.327603783,
      "accuracy_score": 0.42926239419588874,
      "f1_macro": 0.405467720685112,
      "confusion_matrix": "[[236   0   0   0]\n [ 51   0   0 185]\n [  0   0 119   0]\n [236   0   0   0]]"
    },
    "fold_4_1": {
      "load_data_time": 0.032450522,
      "training_time": 1.13400344,
      "prediction_time": 0.326846664,
      "accuracy_score": 0.652787579393084,
      "f1_macro": 0.6620171673819742,
      "confusion_matrix": "[[236   0   0   0]\n [  0   0   0 237]\n [  0   0 236   0]\n [  0 255   0 453]]"
    },
    "fold_4_2": {
      "load_data_time": 0.044042209,
      "training_time": 1.461483344,
      "prediction_time": 0.164805302,
      "accuracy_score": 0.7648305084745762,
      "f1_macro": 0.803540814154576,
      "confusion_matrix": "[[232   0   0   4]\n [  5 167   0  64]\n [  0   0 236   0]\n [  2 258   0 448]]"
    },
    "fold_4_3": {
      "load_data_time": 0.038634607,
      "training_time": 1.383924017,
      "prediction_time": 0.219514469,
      "accuracy_score": 0.3352192362093352,
      "f1_macro": 0.25,
      "confusion_matrix": "[[  0   0   0 235]\n [  0   0   0 235]\n [  0   0 237   0]\n [  0   0   0   0]]"
    },
    "fold_5_0": {
      "load_data_time": 0.034710496,
      "training_time": 1.192290895,
      "prediction_time": 0.30262236,
      "accuracy_score": 0.5005291005291005,
      "f1_macro": 0.4044502617801047,
      "confusion_matrix": "[[236   0   0   0]\n [ 56   0   0 180]\n [  0   0 237   0]\n [236   0   0   0]]"
    },
    "fold_5_1": {
      "load_data_time": 0.033355366,
      "training_time": 1.119453528,
      "prediction_time": 0.327823995,
      "accuracy_score": 0.6130769230769231,
      "f1_macro": 0.6593366979091564,
      "confusion_matrix": "[[236   0   0   0]\n [  0   0   0 237]\n [  0   0 119   0]\n [  0 266   0 442]]"
    },
    "fold_5_2": {
      "load_data_time": 0.042905278,
      "training_time": 1.448368411,
      "prediction_time": 0.164189392,
      "accuracy_score": 0.768361581920904,
      "f1_macro": 0.8066859218868764,
      "confusion_matrix": "[[231   0   0   5]\n [  6 174   0  56]\n [  0   0 236   0]\n [  3 258   0 447]]"
    },
    "fold_5_3": {
      "load_data_time": 0.037423372,
      "training_time": 1.390506763,
      "prediction_time": 0.219480089,
      "accuracy_score": 0.3342776203966006,
      "f1_macro": 0.25,
      "confusion_matrix": "[[  0   0   0 235]\n [  0   0   0 235]\n [  0   0 236   0]\n [  0   0   0   0]]"
    },
    "fold_6_0": {
      "load_data_time": 0.033289852,