{
  "experiment_name": "rauber_loca_et_al_setup",
  "feature_extraction": "WaveletFeatures",
  "classifier": "RandomForestClassifier",
  "augmentation": false,
  "start_time": "2026-04-30_15-27-12",
  "scores": {
    "fold_0_0": {
      "load_data_time": 0.038255464,
      "training_time": 1.479107777,
      "prediction_time": 0.22697553,
      "accuracy_score": 0.6176923076923077,
      "f1_macro": 0.6608040201005025,
      "confusion_matrix": "[[236   0   0   0]\n [  0   0   0 237]\n [  0   0 119   0]\n [  0 260   0 448]]"
    },
    "fold_0_1": {
      "load_data_time": 0.032477166,
      "training_time": 1.156962068,
      "prediction_time": 0.3417262,
      "accuracy_score": 0.4989406779661017,
      "f1_macro": 0.4035947712418301,
      "confusion_matrix": "[[235   0   0   1]\n [ 58   0   0 178]\n [  0   0 236   0]\n [236   0   0   0]]"
    },
    "fold_0_2": {
      "load_data_time": 0.04498665,
      "training_time": 1.546928937,
      "prediction_time": 0.174251225,
      "accuracy_score": 0.7203389830508474,
      "f1_macro": 0.752352962753359,
      "confusion_matrix": "[[231   2   0   3]\n [  6  99   0 131]\n [  0   0 236   0]\n [  2 252   0 454]]"
    },
    "fold_0_3": {
      "load_data_time": 0.034371562,
      "training_time": 1.253994108,
      "prediction_time": 0.354891937,
      "accuracy_score": 0.33663366336633666,
      "f1_macro": 0.2521186440677966,
      "confusion_matrix": "[[  0   0   0 235]\n [  0   1   0 234]\n [  0   0 237   0]\n [  0   0   0   0]]"
    },
    "fold_1_0": {
      "load_data_time": 0.042460953,
      "training_time": 1.515872442,
      "prediction_time": 0.204608729,
      "accuracy_score": 0.6445698166431594,
      "f1_macro": 0.6590909090909091,
      "confusion_matrix": "[[236   0   0   0]\n [  0   0   0 237]\n [  0   0 237   0]\n [  0 267   0 441]]"
    },
    "fold_1_1": {
      "load_data_time": 0.035202606,
      "training_time": 1.167606394,
      "prediction_time": 0.34077343,
      "accuracy_score": 0.42926239419588874,
      "f1_macro": 0.40404699738903394,
      "confusion_matrix": "[[236   0   0   0]\n [ 58   0   0 178]\n [  0   0 119   0]\n [236   0   0   0]]"
    },
    "fold_1_2": {
      "load_data_time": 0.045521601,
      "training_time": 1.499530909,
      "prediction_time": 0.169429712,
      "accuracy_score": 0.7365819209039548,
      "f1_macro": 0.7712656885639548,
      "confusion_matrix": "[[231   0   0   5]\n [  8 126   0 102]\n [  0   0 236   0]\n [  4 254   0 450]]"
    },
    "fold_1_3": {
      "load_data_time": 0.033233847,
      "training_time": 1.208989913,
      "prediction_time": 0.338713502,
      "accuracy_score": 0.3342776203966006,
      "f1_macro": 0.25,
      "confusion_matrix": "[[  0   0   0 235]\n [  0   0   0 235]\n [  0   0 236   0]\n [  0   0   0   0]]"
    },
    "fold_2_0": {
      "load_data_time": 0.048804985,
      "training_time": 1.463748956,
      "prediction_time": 0.23208625,
      "accuracy_score": 0.6591390261115032,
      "f1_macro": 0.664179104477612,
      "confusion_matrix": "[[236   0   0   0]\n [  0   0   0 237]\n [  0   0 236   0]\n [  0 246   0 462]]"
    },
    "fold_2_1": {
      "load_data_time": 0.035359879,
      "training_time": 1.21613437,
      "prediction_time": 0.323126789,
      "accuracy_score": 0.5005291005291005,
      "f1_macro": 0.40649867374005305,
      "confusion_matrix": "[[236   0   0   0]\n [ 46   0   0 190]\n [  0   0 237   0]\n [236   0   0   0]]"
    },
    "fold_2_2": {
      "load_data_time": 0.045506193,
      "training_time": 1.521906965,
      "prediction_time": 0.167747806,
      "accuracy_score": 0.7259430331023865,
      "f1_macro": 0.7846684124279625,
      "confusion_matrix": "[[232   2   0   2]\n [  5 139   0  92]\n [  0   0 119   0]\n [  3 252   0 453]]"
    },
    "fold_2_3": {
      "load_data_time": 0.04573289,
      "training_time": 1.233271652,
      "prediction_time": 0.346479669,
      "accuracy_score": 0.3342776203966006,
      "f1_macro": 0.25,
      "confusion_matrix": "[[  0   0   0 235]\n [  0   0   0 235]\n [  0   0 236   0]\n [  0   0   0   0]]"
    },
    "fold_3_0": {
      "load_data_time": 0.044150119,
      "training_time": 1.46045816,
      "prediction_time": 0.226072766,
      "accuracy_score": 0.6464361326746648,
      "f1_macro": 0.6598272138228942,
      "confusion_matrix": "[[236   0   0   0]\n [  0   0   0 237]\n [  0   0 236   0]\n [  0 264   0 444]]"
    },
    "fold_3_1": {
      "load_data_time": 0.03449765,
      "training_time": 1.158525356,
      "prediction_time": 0.336720636,
      "accuracy_score": 0.4989406779661017,
      "f1_macro": 0.4068758344459279,
      "confusion_matrix": "[[235   0   0   1]\n [ 42   0   0 194]\n [  0   0 236   0]\n [236   0   0   0]]"
    },
    "fold_3_2": {
      "load_data_time": 0.046538684,
      "training_time": 1.517160565,
      "prediction_time": 0.140576161,
      "accuracy_score": 0.702893436838391,
      "f1_macro": 0.7308902879289605,
      "confusion_matrix": "[[231   1   0   4]\n [  8  76   0 152]\n [  0   0 237   0]\n [  2 254   0 452]]"
    },
    "fold_3_3": {
      "load_data_time": 0.041047929,
      "training_time": 1.449098782,
      "prediction_time": 0.196856813,
      "accuracy_score": 0.20203735144312393,
      "f1_macro": 0.25,
      "confusion_matrix": "[[  0   0   0 235]\n [  0   0   0 235]\n [  0   0 119   0]\n [  0   0   0   0]]"
    },
    "fold_4_0": {
      "load_data_time": 0.034637598,
      "training_time": 1.186960117,
      "prediction_time": 0.33823934,
      "accuracy_score": 0.42926239419588874,
      "f1_macro": 0.4048556430446194,
      "confusion_matrix": "[[236   0   0   0]\n [ 54   0   0 182]\n [  0   0 119   0]\n [236   0   0   0]]"
    },
    "fold_4_1": {
      "load_data_time": 0.033545256,
      "training_time": 1.14553948,
      "prediction_time": 0.337737214,
      "accuracy_score": 0.6414961185603387,
      "f1_macro": 0.6581041968162084,
      "confusion_matrix": "[[236   0   0   0]\n [  0   0   0 237]\n [  0   0 236   0]\n [  0 271   0 437]]"
    },
    "fold_4_2": {
      "load_data_time": 0.046147513,
      "training_time": 1.489274596,
      "prediction_time": 0.168385866,
      "accuracy_score": 0.7563559322033898,
      "f1_macro": 0.7912326392216121,
      "confusion_matrix": "[[231   0   0   5]\n [  5 143   0  88]\n [  0   0 236   0]\n [  1 246   0 461]]"
    },
    "fold_4_3": {
      "load_data_time": 0.039537193,
      "training_time": 1.404748899,
      "prediction_time": 0.223736911,
      "accuracy_score": 0.3352192362093352,
      "f1_macro": 0.25,
      "confusion_matrix": "[[  0   0   0 235]\n [  0   0   0 235]\n [  0   0 237   0]\n [  0   0   0   0]]"
    },
    "fold_5_0": {
      "load_data_time": 0.035544139,
      "training_time": 1.214372273,
      "prediction_time": 0.308474144,
      "accuracy_score": 0.49947089947089945,
      "f1_macro": 0.4050131926121372,
      "confusion_matrix": "[[235   0   0   1]\n [ 51   0   0 185]\n [  0   0 237   0]\n [236   0   0   0]]"
    },
    "fold_5_1": {
      "load_data_time": 0.033626927,
      "training_time": 1.14170968,
      "prediction_time": 0.335781885,
      "accuracy_score": 0.6238461538461538,
      "f1_macro": 0.6627408993576017,
      "confusion_matrix": "[[236   0   0   0]\n [  0   0   0 237]\n [  0   0 119   0]\n [  0 252   0 456]]"
    },
    "fold_5_2": {
      "load_data_time": 0.043772069,
      "training_time": 1.470380885,
      "prediction_time": 0.167104499,
      "accuracy_score": 0.7372881355932204,
      "f1_macro": 0.7741655933364251,
      "confusion_matrix": "[[231   1   0   4]\n [  5 127   0 104]\n [  0   0 236   0]\n [  1 257   0 450]]"
    },
    "fold_5_3": {
      "load_data_time": 0.037810532,
      "training_time": 1.407628651,
      "prediction_time": 0.223125451,
      "accuracy_score": 0.3342776203966006,
      "f1_macro": 0.25,
      "confusion_matrix": "[[  0   0   0 235]\n [  0   0   0 235]\n [  0   0 236   0]\n [  0   0   0   0]]"
    },