{
  "experiment_name": "rauber_loca_et_al_setup",
  "feature_extraction": "WaveletFeatures",
  "classifier": "RandomForestClassifier",
  "augmentation": true,
  "start_time": "2026-04-30_16-57-14",
  "scores": {
    "fold_0_0": {
      "load_data_time": 6.573963705,
      "training_time": 7.717092952,
      "prediction_time": 0.223423697,
      "accuracy_score": 0.6061538461538462,
      "f1_macro": 0.6555328087999389,
      "confusion_matrix": "[[236   0   0   0]\n [  0   0   0 237]\n [  0   0 119   0]\n [  3 272   0 433]]"
    },
    "fold_0_1": {
      "load_data_time": 3.770330443,
      "training_time": 4.359264091,
      "prediction_time": 0.334542027,
      "accuracy_score": 0.5,
      "f1_macro": 0.4118655692729767,
      "confusion_matrix": "[[236   0   0   0]\n [ 21   0   0 215]\n [  0   0 236   0]\n [236   0   0   0]]"
    },
    "fold_0_2": {
      "load_data_time": 8.864534025,
      "training_time": 9.333644572,
      "prediction_time": 0.165398986,
      "accuracy_score": 0.6412429378531074,
      "f1_macro": 0.5885115588418974,
      "confusion_matrix": "[[222   1   0  13]\n [113   8   0 115]\n [  0   0 236   0]\n [147 119   0 442]]"
    },
    "fold_0_3": {
      "load_data_time": 3.797575559,
      "training_time": 4.419858566,
      "prediction_time": 0.333230695,
      "accuracy_score": 0.3352192362093352,
      "f1_macro": 0.25,
      "confusion_matrix": "[[  0   0   0 235]\n [  0   0   0 235]\n [  0   0 237   0]\n [  0   0   0   0]]"
    },
    "fold_1_0": {
      "load_data_time": 6.549810064,
      "training_time": 7.652746066,
      "prediction_time": 0.194302516,
      "accuracy_score": 0.6212976022566996,
      "f1_macro": 0.6497212008944026,
      "confusion_matrix": "[[236   0   0   0]\n [  0   0   0 237]\n [  0   0 237   0]\n [  2 298   0 408]]"
    },
    "fold_1_1": {
      "load_data_time": 3.759069029,
      "training_time": 4.409195615,
      "prediction_time": 0.329778158,
      "accuracy_score": 0.4328899637243047,
      "f1_macro": 0.41714975845410623,
      "confusion_matrix": "[[236   0   0   0]\n [ 15   0   0 221]\n [  0   0 119   0]\n [233   0   0   3]]"
    },
    "fold_1_2": {
      "load_data_time": 8.952679079,
      "training_time": 9.215047246,
      "prediction_time": 0.166245311,
      "accuracy_score": 0.663135593220339,
      "f1_macro": 0.6141162240557655,
      "confusion_matrix": "[[228   1   0   7]\n [117  10   0 109]\n [  0   0 236   0]\n [ 84 159   0 465]]"
    },
    "fold_1_3": {
      "load_data_time": 3.725049303,
      "training_time": 4.388425186,
      "prediction_time": 0.33097786,
      "accuracy_score": 0.3342776203966006,
      "f1_macro": 0.25,
      "confusion_matrix": "[[  0   0   0 235]\n [  0   0   0 235]\n [  0   0 236   0]\n [  0   0   0   0]]"
    },
    "fold_2_0": {
      "load_data_time": 6.39317273,
      "training_time": 7.610523051,
      "prediction_time": 0.220703521,
      "accuracy_score": 0.6506704304869443,
      "f1_macro": 0.6612903225806451,
      "confusion_matrix": "[[236   0   0   0]\n [  0   0   0 237]\n [  0   0 236   0]\n [  0 258   0 450]]"
    },
    "fold_2_1": {
      "load_data_time": 3.767878152,
      "training_time": 4.397772708,
      "prediction_time": 0.303028189,
      "accuracy_score": 0.5026455026455027,
      "f1_macro": 0.41451837209372944,
      "confusion_matrix": "[[236   0   0   0]\n [ 21   0   0 215]\n [  0   0 237   0]\n [234   0   0   2]]"
    },
    "fold_2_2": {
      "load_data_time": 8.891124572,
      "training_time": 9.23887541,
      "prediction_time": 0.16531694,
      "accuracy_score": 0.596612779060816,
      "f1_macro": 0.6010549235641941,
      "confusion_matrix": "[[191   1   0  44]\n [115  13   0 108]\n [  0   0 119   0]\n [ 37 219   0 452]]"
    },
    "fold_2_3": {
      "load_data_time": 3.807856597,
      "training_time": 4.394438812,
      "prediction_time": 0.332090701,
      "accuracy_score": 0.3342776203966006,
      "f1_macro": 0.25,
      "confusion_matrix": "[[  0   0   0 235]\n [  0   0   0 235]\n [  0   0 236   0]\n [  0   0   0   0]]"
    },
    "fold_3_0": {
      "load_data_time": 6.627977971,
      "training_time": 7.5687802,
      "prediction_time": 0.221939744,
      "accuracy_score": 0.6429075511644319,
      "f1_macro": 0.6559777208225784,
      "confusion_matrix": "[[236   0   0   0]\n [  0   0   0 237]\n [  0   0 236   0]\n [  5 264   0 439]]"
    },
    "fold_3_1": {
      "load_data_time": 3.725132621,
      "training_time": 4.358704749,
      "prediction_time": 0.330650586,
      "accuracy_score": 0.5052966101694916,
      "f1_macro": 0.41932367149758454,
      "confusion_matrix": "[[236   0   0   0]\n [ 17   0   0 219]\n [  0   0 236   0]\n [231   0   0   5]]"
    },
    "fold_3_2": {
      "load_data_time": 8.750879077,
      "training_time": 9.301164671,
      "prediction_time": 0.13913792,
      "accuracy_score": 0.634438955539873,
      "f1_macro": 0.5788706709073559,
      "confusion_matrix": "[[222   1   0  13]\n [108   2   0 126]\n [  0   0 237   0]\n [147 123   0 438]]"
    },
    "fold_3_3": {
      "load_data_time": 6.378118347,
      "training_time": 7.619024498,
      "prediction_time": 0.195040119,
      "accuracy_score": 0.2037351443123939,
      "f1_macro": 0.2521186440677966,
      "confusion_matrix": "[[  0   0   0 235]\n [  0   1   0 234]\n [  0   0 119   0]\n [  0   0   0   0]]"
    },
    "fold_4_0": {
      "load_data_time": 3.771803287,
      "training_time": 4.390577233,
      "prediction_time": 0.33052908,
      "accuracy_score": 0.42926239419588874,
      "f1_macro": 0.41120218579234974,
      "confusion_matrix": "[[236   0   0   0]\n [ 24   0   0 212]\n [  0   0 119   0]\n [236   0   0   0]]"
    },
    "fold_4_1": {
      "load_data_time": 3.77978451,
      "training_time": 4.384215183,
      "prediction_time": 0.329535714,
      "accuracy_score": 0.6471418489767113,
      "f1_macro": 0.6595434012198276,
      "confusion_matrix": "[[236   0   0   0]\n [  0   0   0 237]\n [  0   0 236   0]\n [  1 262   0 445]]"
    },
    "fold_4_2": {
      "load_data_time": 8.893959873,
      "training_time": 9.221569801,
      "prediction_time": 0.166154851,
      "accuracy_score": 0.6483050847457628,
      "f1_macro": 0.5929924945783989,
      "confusion_matrix": "[[224   1   0  11]\n [105   0   0 131]\n [  0   0 236   0]\n [102 148   0 458]]"
    },
    "fold_4_3": {
      "load_data_time": 6.569657482,
      "training_time": 7.612660624,
      "prediction_time": 0.221748943,
      "accuracy_score": 0.3352192362093352,
      "f1_macro": 0.25,
      "confusion_matrix": "[[  0   0   0 235]\n [  0   0   0 235]\n [  0   0 237   0]\n [  0   0   0   0]]"
    },
    "fold_5_0": {
      "load_data_time": 3.713464637,
      "training_time": 4.458600027,
      "prediction_time": 0.304812328,
      "accuracy_score": 0.5037037037037037,
      "f1_macro": 0.41692955499351847,
      "confusion_matrix": "[[236   0   0   0]\n [ 16   0   0 220]\n [  0   0 237   0]\n [233   0   0   3]]"
    },
    "fold_5_1": {
      "load_data_time": 3.748722758,
      "training_time": 4.371526242,
      "prediction_time": 0.330678983,
      "accuracy_score": 0.5915384615384616,
      "f1_macro": 0.6517893395684864,
      "confusion_matrix": "[[236   0   0   0]\n [  0   0   0 237]\n [  0   0 119   0]\n [  1 293   0 414]]"
    },
    "fold_5_2": {
      "load_data_time": 8.685346396,
      "training_time": 9.297256338,
      "prediction_time": 0.165924226,
      "accuracy_score": 0.6271186440677966,
      "f1_macro": 0.5908684336730392,
      "confusion_matrix": "[[187   1   0  48]\n [108   7   0 121]\n [  0   0 236   0]\n [ 48 202   0 458]]"
    },
    "fold_5_3": {
      "load_data_time": 6.52773203,
      "training_time": 7.648940989,
      "prediction_time": 0.221592917,
      "accuracy_score": 0.3342776203966006,
      "f1_macro": 0.25,
      "confusion_matrix": "[[  0   0   0 235]\n [  0   0   0 235]\n [  0   0 236   0]\n [  0   0   0   0]]"
    },
    "fold_6_0": {
      "load_data_time": 3.729411393,