{
  "experiment_name": "rauber_de_fe_setup",
  "feature_extraction": "WaveletFeatures",
  "classifier": "RandomForestClassifier",
  "augmentation": false,
  "start_time": "2026-05-01_10-59-30",
  "scores": {
    "fold_0_0": {
      "load_data_time": 0.066283634,
      "training_time": 2.755527587,
      "prediction_time": 0.471917498,
      "accuracy_score": 0.5985373364126251,
      "f1_macro": 0.6018895370420786,
      "confusion_matrix": "[[462   9   0   0]\n [  0   0   0 473]\n [  0   0 238   0]\n [245 316   0 855]]"
    },
    "fold_0_1": {
      "load_data_time": 0.0591048,
      "training_time": 2.489849309,
      "prediction_time": 0.570458809,
      "accuracy_score": 0.6060606060606061,
      "f1_macro": 0.5389132587140125,
      "confusion_matrix": "[[417  25   0  30]\n [111   0   0 361]\n [  0   0 472   0]\n [234   6   0 291]]"
    },
    "fold_0_2": {
      "load_data_time": 0.08107265,
      "training_time": 3.202963057,
      "prediction_time": 0.224355089,
      "accuracy_score": 0.6404923599320883,
      "f1_macro": 0.6167598947382341,
      "confusion_matrix": "[[345  12   0 114]\n [  3   0   0 469]\n [  0   0 472   0]\n [  0 249   0 692]]"
    },
    "fold_0_3": {
      "load_data_time": 0.055180012,
      "training_time": 2.239404871,
      "prediction_time": 0.682439464,
      "accuracy_score": 0.5180084745762712,
      "f1_macro": 0.28,
      "confusion_matrix": "[[  0   0   0 235]\n [  0  15   0 220]\n [  0   0 474   0]\n [  0   0   0   0]]"
    },
    "fold_1_0": {
      "load_data_time": 0.071483626,
      "training_time": 2.795849186,
      "prediction_time": 0.407898066,
      "accuracy_score": 0.6178546224417784,
      "f1_macro": 0.5924970956024725,
      "confusion_matrix": "[[464   7   0   0]\n [  0   0   0 473]\n [  0   0 474   0]\n [273 330   0 813]]"
    },
    "fold_1_1": {
      "load_data_time": 0.06311083,
      "training_time": 2.453001143,
      "prediction_time": 0.564155786,
      "accuracy_score": 0.5510799766491535,
      "f1_macro": 0.5386732585596222,
      "confusion_matrix": "[[415  28   0  29]\n [113   0   0 359]\n [  0   0 238   0]\n [232   8   0 291]]"
    },
    "fold_1_2": {
      "load_data_time": 0.079669033,
      "training_time": 3.212778668,
      "prediction_time": 0.223013995,
      "accuracy_score": 0.6362478777589134,
      "f1_macro": 0.6182844156833978,
      "confusion_matrix": "[[347  25   0  99]\n [  2   3   0 467]\n [  0   0 472   0]\n [  1 263   0 677]]"
    },
    "fold_1_3": {
      "load_data_time": 0.055904186,
      "training_time": 2.249540692,
      "prediction_time": 0.675870342,
      "accuracy_score": 0.5138004246284501,
      "f1_macro": 0.2742914979757085,
      "confusion_matrix": "[[  0   0   0 235]\n [  0  12   0 223]\n [  0   0 472   0]\n [  0   0   0   0]]"
    },
    "fold_2_0": {
      "load_data_time": 0.068373915,
      "training_time": 2.723651749,
      "prediction_time": 0.462092971,
      "accuracy_score": 0.6380649717514124,
      "f1_macro": 0.617840320565071,
      "confusion_matrix": "[[461   9   0   1]\n [  0   0   0 473]\n [  0   0 472   0]\n [167 375   0 874]]"
    },
    "fold_2_1": {
      "load_data_time": 0.065502271,
      "training_time": 2.521045118,
      "prediction_time": 0.504902749,
      "accuracy_score": 0.6054386865059005,
      "f1_macro": 0.5393759343824012,
      "confusion_matrix": "[[410  27   0  35]\n [ 87   0   0 385]\n [  0   0 474   0]\n [232   3   0 296]]"
    },
    "fold_2_2": {
      "load_data_time": 0.082103684,
      "training_time": 3.193053073,
      "prediction_time": 0.223531437,
      "accuracy_score": 0.6013195098963242,
      "f1_macro": 0.6173842606396724,
      "confusion_matrix": "[[345  16   0 110]\n [  2   0   0 470]\n [  0   0 238   0]\n [  0 248   0 693]]"
    },
    "fold_2_3": {
      "load_data_time": 0.057568293,
      "training_time": 2.233754348,
      "prediction_time": 0.671993477,
      "accuracy_score": 0.5329087048832272,
      "f1_macro": 0.30660377358490565,
      "confusion_matrix": "[[  0   0   0 235]\n [  0  30   0 205]\n [  0   0 472   0]\n [  0   0   0   0]]"
    },
    "fold_3_0": {
      "load_data_time": 0.066349907,
      "training_time": 2.712256092,
      "prediction_time": 0.462246863,
      "accuracy_score": 0.6331214689265536,
      "f1_macro": 0.6112010441830164,
      "confusion_matrix": "[[457   9   0   5]\n [  0   0   0 473]\n [  0   0 472   0]\n [189 363   0 864]]"
    },
    "fold_3_1": {
      "load_data_time": 0.06315594,
      "training_time": 2.456914512,
      "prediction_time": 0.557283087,
      "accuracy_score": 0.6055469953775039,
      "f1_macro": 0.5389617446746848,
      "confusion_matrix": "[[413  33   0  26]\n [117   0   0 355]\n [  0   0 472   0]\n [234   3   0 294]]"
    },
    "fold_3_2": {
      "load_data_time": 0.083962076,
      "training_time": 3.276526193,
      "prediction_time": 0.168889436,
      "accuracy_score": 0.6615776081424937,
      "f1_macro": 0.6251240467351115,
      "confusion_matrix": "[[349   7   0 115]\n [  2   0   0 470]\n [  0   0 474   0]\n [  0 204   0 737]]"
    },
    "fold_3_3": {
      "load_data_time": 0.071504714,
      "training_time": 2.769103875,
      "prediction_time": 0.406208337,
      "accuracy_score": 0.3728813559322034,
      "f1_macro": 0.2998084291187739,
      "confusion_matrix": "[[  0   0   0 235]\n [  0  26   0 209]\n [  0   0 238   0]\n [  0   0   0   0]]"
    },
    "fold_4_0": {
      "load_data_time": 0.05749976,
      "training_time": 2.213799494,
      "prediction_time": 0.670256319,
      "accuracy_score": 0.5499124343257443,
      "f1_macro": 0.5396113406034346,
      "confusion_matrix": "[[409  35   0  28]\n [ 90   0   0 382]\n [  0   0 238   0]\n [230   6   0 295]]"
    },
    "fold_4_1": {
      "load_data_time": 0.061007951,
      "training_time": 2.4436832,
      "prediction_time": 0.556225131,
      "accuracy_score": 0.6426553672316384,
      "f1_macro": 0.6131229236933734,
      "confusion_matrix": "[[463   8   0   0]\n [  0   0   0 473]\n [  0   0 472   0]\n [203 328   0 885]]"
    },
    "fold_4_2": {
      "load_data_time": 0.082764677,
      "training_time": 3.192909367,
      "prediction_time": 0.224486037,
      "accuracy_score": 0.6252122241086587,
      "f1_macro": 0.6111447668317384,
      "confusion_matrix": "[[349   6   0 116]\n [  9   1   0 462]\n [  0   0 472   0]\n [  0 290   0 651]]"
    },
    "fold_4_3": {
      "load_data_time": 0.067971773,
      "training_time": 2.698273806,
      "prediction_time": 0.461248941,
      "accuracy_score": 0.5741525423728814,
      "f1_macro": 0.36221122112211224,
      "confusion_matrix": "[[  0   0   0 235]\n [  0  68   0 167]\n [  0   0 474   0]\n [  0   0   0   0]]"
    },
    "fold_5_0": {
      "load_data_time": 0.060119093,
      "training_time": 2.282151609,
      "prediction_time": 0.613227913,
      "accuracy_score": 0.6264751154438173,
      "f1_macro": 0.5571101076809182,
      "confusion_matrix": "[[417  25   0  30]\n [ 86   0   0 386]\n [  0   0 474   0]\n [197   4   0 330]]"
    },
    "fold_5_1": {
      "load_data_time": 0.06305903,
      "training_time": 2.467393854,
      "prediction_time": 0.557003956,
      "accuracy_score": 0.6070053887605851,
      "f1_macro": 0.6064523431491726,
      "confusion_matrix": "[[461   9   0   1]\n [  0   0   0 473]\n [  0   0 238   0]\n [233 305   0 878]]"
    },
    "fold_5_2": {
      "load_data_time": 0.079269213,
      "training_time": 3.175486518,
      "prediction_time": 0.223855923,
      "accuracy_score": 0.6642614601018676,
      "f1_macro": 0.6282853182307608,
      "confusion_matrix": "[[363   5   0 103]\n [ 10   0   0 462]\n [  0   0 472   0]\n [  0 211   0 730]]"
    },
    "fold_5_3": {
      "load_data_time": 0.066510091,
      "training_time": 2.70013651,
      "prediction_time": 0.459985528,
      "accuracy_score": 0.5212314225053079,
      "f1_macro": 0.2874015748031496,