{
  "experiment_name": "rauber_de_fe_setup",
  "feature_extraction": "WaveletFeatures",
  "classifier": "RandomForestClassifier",
  "augmentation": false,
  "start_time": "2026-05-01_01-22-31",
  "scores": {
    "fold_0_0": {
      "load_data_time": 0.066280332,
      "training_time": 2.72997305,
      "prediction_time": 0.462256697,
      "accuracy_score": 0.6027713625866051,
      "f1_macro": 0.6128220769789398,
      "confusion_matrix": "[[463   8   0   0]\n [  0   0   0 473]\n [  0   0 238   0]\n [191 360   0 865]]"
    },
    "fold_0_1": {
      "load_data_time": 0.059874144,
      "training_time": 2.431601272,
      "prediction_time": 0.556514276,
      "accuracy_score": 0.6363636363636364,
      "f1_macro": 0.5670003380029813,
      "confusion_matrix": "[[404  31   0  37]\n [ 84   0   0 388]\n [  0   0 472   0]\n [166   2   0 363]]"
    },
    "fold_0_2": {
      "load_data_time": 0.082135432,
      "training_time": 3.159169389,
      "prediction_time": 0.219783083,
      "accuracy_score": 0.6358234295415959,
      "f1_macro": 0.6219396211876123,
      "confusion_matrix": "[[342   6   0 123]\n [  5  15   0 452]\n [  0   0 472   0]\n [  0 272   0 669]]"
    },
    "fold_0_3": {
      "load_data_time": 0.057067984,
      "training_time": 2.213147714,
      "prediction_time": 0.669875338,
      "accuracy_score": 0.5572033898305084,
      "f1_macro": 0.34059233449477355,
      "confusion_matrix": "[[  0   0   0 235]\n [  0  52   0 183]\n [  0   0 474   0]\n [  0   0   0   0]]"
    },
    "fold_1_0": {
      "load_data_time": 0.070617351,
      "training_time": 2.721353263,
      "prediction_time": 0.401610899,
      "accuracy_score": 0.6277346506704304,
      "f1_macro": 0.6078953376836989,
      "confusion_matrix": "[[460  11   0   0]\n [  0   0   0 473]\n [  0   0 474   0]\n [200 371   0 845]]"
    },
    "fold_1_1": {
      "load_data_time": 0.063121117,
      "training_time": 2.431056995,
      "prediction_time": 0.551564816,
      "accuracy_score": 0.553415061295972,
      "f1_macro": 0.540487463181736,
      "confusion_matrix": "[[407  20   0  45]\n [ 95   0   0 377]\n [  0   0 238   0]\n [224   4   0 303]]"
    },
    "fold_1_2": {
      "load_data_time": 0.079439821,
      "training_time": 3.172586391,
      "prediction_time": 0.219075244,
      "accuracy_score": 0.648981324278438,
      "f1_macro": 0.6223377772559865,
      "confusion_matrix": "[[355   7   0 109]\n [  2   0   0 470]\n [  0   0 472   0]\n [  0 239   0 702]]"
    },
    "fold_1_3": {
      "load_data_time": 0.055042988,
      "training_time": 2.215800863,
      "prediction_time": 0.660519466,
      "accuracy_score": 0.5042462845010616,
      "f1_macro": 0.25630252100840334,
      "confusion_matrix": "[[  0   0   0 235]\n [  0   3   0 232]\n [  0   0 472   0]\n [  0   0   0   0]]"
    },
    "fold_2_0": {
      "load_data_time": 0.068177938,
      "training_time": 2.664900763,
      "prediction_time": 0.455712764,
      "accuracy_score": 0.6225282485875706,
      "f1_macro": 0.5950089050971079,
      "confusion_matrix": "[[460  10   0   1]\n [  0   0   0 473]\n [  0   0 472   0]\n [265 320   0 831]]"
    },
    "fold_2_1": {
      "load_data_time": 0.065942859,
      "training_time": 2.480085679,
      "prediction_time": 0.492375083,
      "accuracy_score": 0.6136480246280144,
      "f1_macro": 0.5468758828704962,
      "confusion_matrix": "[[408  32   0  32]\n [106   0   0 366]\n [  0   0 474   0]\n [210   7   0 314]]"
    },
    "fold_2_2": {
      "load_data_time": 0.081447565,
      "training_time": 3.199163966,
      "prediction_time": 0.219136831,
      "accuracy_score": 0.6126295947219604,
      "f1_macro": 0.6193509068233304,
      "confusion_matrix": "[[349  10   0 112]\n [ 15   0   0 457]\n [  0   0 238   0]\n [  0 228   0 713]]"
    },
    "fold_2_3": {
      "load_data_time": 0.058352245,
      "training_time": 2.196013888,
      "prediction_time": 0.658921557,
      "accuracy_score": 0.5074309978768577,
      "f1_macro": 0.262448132780083,
      "confusion_matrix": "[[  0   0   0 235]\n [  0   6   0 229]\n [  0   0 472   0]\n [  0   0   0   0]]"
    },
    "fold_3_0": {
      "load_data_time": 0.066716021,
      "training_time": 2.668699544,
      "prediction_time": 0.451399973,
      "accuracy_score": 0.6137005649717514,
      "f1_macro": 0.589055378741984,
      "confusion_matrix": "[[463   8   0   0]\n [  0   0   0 473]\n [  0   0 472   0]\n [285 328   0 803]]"
    },
    "fold_3_1": {
      "load_data_time": 0.063068742,
      "training_time": 2.418024406,
      "prediction_time": 0.547350766,
      "accuracy_score": 0.6086286594761171,
      "f1_macro": 0.5425040747875048,
      "confusion_matrix": "[[425  34   0  13]\n [ 87   0   0 385]\n [  0   0 472   0]\n [236   7   0 288]]"
    },
    "fold_3_2": {
      "load_data_time": 0.084657269,
      "training_time": 3.206778055,
      "prediction_time": 0.164998879,
      "accuracy_score": 0.6068702290076335,
      "f1_macro": 0.6053124758961566,
      "confusion_matrix": "[[350   7   0 114]\n [  3   1   0 468]\n [  0   0 474   0]\n [  0 335   0 606]]"
    },
    "fold_3_3": {
      "load_data_time": 0.070372825,
      "training_time": 2.731577276,
      "prediction_time": 0.397993503,
      "accuracy_score": 0.4067796610169492,
      "f1_macro": 0.33771929824561403,
      "confusion_matrix": "[[  0   0   0 235]\n [  0  50   0 185]\n [  0   0 238   0]\n [  0   0   0   0]]"
    },
    "fold_4_0": {
      "load_data_time": 0.057864771,
      "training_time": 2.211172481,
      "prediction_time": 0.653165925,
      "accuracy_score": 0.5569176882661997,
      "f1_macro": 0.5431730896790705,
      "confusion_matrix": "[[409  26   0  37]\n [ 98   0   0 374]\n [  0   0 238   0]\n [222   2   0 307]]"
    },
    "fold_4_1": {
      "load_data_time": 0.060974438,
      "training_time": 2.422910201,
      "prediction_time": 0.545501323,
      "accuracy_score": 0.6334745762711864,
      "f1_macro": 0.6179589780899348,
      "confusion_matrix": "[[462   9   0   0]\n [  0   0   0 473]\n [  0   0 472   0]\n [159 397   0 860]]"
    },
    "fold_4_2": {
      "load_data_time": 0.0817146,
      "training_time": 3.15929984,
      "prediction_time": 0.219759895,
      "accuracy_score": 0.6659592529711376,
      "f1_macro": 0.6253934172623493,
      "confusion_matrix": "[[347   6   0 118]\n [  6   0   0 466]\n [  0   0 472   0]\n [  0 191   0 750]]"
    },
    "fold_4_3": {
      "load_data_time": 0.068303354,
      "training_time": 2.691887198,
      "prediction_time": 0.453956429,
      "accuracy_score": 0.5529661016949152,
      "f1_macro": 0.33480565371024734,
      "confusion_matrix": "[[  0   0   0 235]\n [  0  48   0 187]\n [  0   0 474   0]\n [  0   0   0   0]]"
    },
    "fold_5_0": {
      "load_data_time": 0.059665862,
      "training_time": 2.253680614,
      "prediction_time": 0.600988049,
      "accuracy_score": 0.6038994356080041,
      "f1_macro": 0.5382054006374917,
      "confusion_matrix": "[[409  25   0  38]\n [ 90   0   0 382]\n [  0   0 474   0]\n [231   6   0 294]]"
    },
    "fold_5_1": {
      "load_data_time": 0.062590778,
      "training_time": 2.420517906,
      "prediction_time": 0.546506582,
      "accuracy_score": 0.6127790608160123,
      "f1_macro": 0.6112223479788311,
      "confusion_matrix": "[[461   9   0   1]\n [  0   0   0 473]\n [  0   0 238   0]\n [216 307   0 893]]"
    },
    "fold_5_2": {
      "load_data_time": 0.079621963,
      "training_time": 3.167793559,
      "prediction_time": 0.219407839,
      "accuracy_score": 0.6044142614601019,
      "f1_macro": 0.6170456212754127,
      "confusion_matrix": "[[372  14   0  85]\n [  5  17   0 450]\n [  0   0 472   0]\n [  0 378   0 563]]"
    },
    "fold_5_3": {
      "load_data_time": 0.065404738,
      "training_time": 2.66976058,
      "prediction_time": 0.451351035,
      "accuracy_score": 0.5222929936305732,
      "f1_macro": 0.2892156862745098,