{
  "experiment_name": "rauber_de_fe_setup",
  "feature_extraction": "WaveletFeatures",
  "classifier": "RandomForestClassifier",
  "augmentation": false,
  "start_time": "2026-05-01_17-39-41",
  "scores": {
    "fold_0_0": {
      "load_data_time": 0.066222354,
      "training_time": 2.724064489,
      "prediction_time": 0.459344052,
      "accuracy_score": 0.6208622016936105,
      "f1_macro": 0.6259084868345814,
      "confusion_matrix": "[[463   7   0   1]\n [  0   0   0 473]\n [  0   0 238   0]\n [152 352   0 912]]"
    },
    "fold_0_1": {
      "load_data_time": 0.059067846,
      "training_time": 2.434222622,
      "prediction_time": 0.552469434,
      "accuracy_score": 0.6055469953775039,
      "f1_macro": 0.5384417783051264,
      "confusion_matrix": "[[415  28   0  29]\n [113   0   0 359]\n [  0   0 472   0]\n [236   3   0 292]]"
    },
    "fold_0_2": {
      "load_data_time": 0.081970732,
      "training_time": 3.169517196,
      "prediction_time": 0.217750794,
      "accuracy_score": 0.652376910016978,
      "f1_macro": 0.6253892315296342,
      "confusion_matrix": "[[367  10   0  94]\n [ 10   0   0 462]\n [  0   0 472   0]\n [  0 243   0 698]]"
    },
    "fold_0_3": {
      "load_data_time": 0.055560941,
      "training_time": 2.21528022,
      "prediction_time": 0.664747217,
      "accuracy_score": 0.5921610169491526,
      "f1_macro": 0.3828125,
      "confusion_matrix": "[[  0   0   0 235]\n [  0  85   0 150]\n [  0   0 474   0]\n [  0   0   0   0]]"
    },
    "fold_1_0": {
      "load_data_time": 0.07068641,
      "training_time": 2.748203968,
      "prediction_time": 0.397574956,
      "accuracy_score": 0.6157374735356387,
      "f1_macro": 0.5917529519624717,
      "confusion_matrix": "[[463   8   0   0]\n [  0   0   0 473]\n [  0   0 474   0]\n [272 336   0 808]]"
    },
    "fold_1_1": {
      "load_data_time": 0.062859884,
      "training_time": 2.425487717,
      "prediction_time": 0.546583064,
      "accuracy_score": 0.5545826036193812,
      "f1_macro": 0.543144208037825,
      "confusion_matrix": "[[400  31   0  41]\n [ 87   0   0 385]\n [  0   0 238   0]\n [216   3   0 312]]"
    },
    "fold_1_2": {
      "load_data_time": 0.079251794,
      "training_time": 3.165320402,
      "prediction_time": 0.21838656,
      "accuracy_score": 0.6264855687606112,
      "f1_macro": 0.6131519922694008,
      "confusion_matrix": "[[356   5   0 110]\n [  7   0   0 465]\n [  0   0 472   0]\n [  0 293   0 648]]"
    },
    "fold_1_3": {
      "load_data_time": 0.055159099,
      "training_time": 2.216224099,
      "prediction_time": 0.660180385,
      "accuracy_score": 0.5201698513800425,
      "f1_macro": 0.2855731225296443,
      "confusion_matrix": "[[  0   0   0 235]\n [  0  18   0 217]\n [  0   0 472   0]\n [  0   0   0   0]]"
    },
    "fold_2_0": {
      "load_data_time": 0.068486835,
      "training_time": 2.676675811,
      "prediction_time": 0.452750293,
      "accuracy_score": 0.614406779661017,
      "f1_macro": 0.592463168306523,
      "confusion_matrix": "[[462   8   0   1]\n [  0   0   0 473]\n [  0   0 472   0]\n [264 346   0 806]]"
    },
    "fold_2_1": {
      "load_data_time": 0.066145567,
      "training_time": 2.502143111,
      "prediction_time": 0.489455833,
      "accuracy_score": 0.6090302719343252,
      "f1_macro": 0.5410890692582901,
      "confusion_matrix": "[[421  24   0  27]\n [102   0   0 370]\n [  0   0 474   0]\n [233   6   0 292]]"
    },
    "fold_2_2": {
      "load_data_time": 0.081800664,
      "training_time": 3.162438773,
      "prediction_time": 0.217484434,
      "accuracy_score": 0.6088595664467483,
      "f1_macro": 0.6209140568498104,
      "confusion_matrix": "[[349  21   0 101]\n [  4   0   0 468]\n [  0   0 238   0]\n [  0 236   0 705]]"
    },
    "fold_2_3": {
      "load_data_time": 0.057412833,
      "training_time": 2.206381563,
      "prediction_time": 0.65474071,
      "accuracy_score": 0.5392781316348195,
      "f1_macro": 0.31642066420664205,
      "confusion_matrix": "[[  0   0   0 235]\n [  0  36   0 199]\n [  0   0 472   0]\n [  0   0   0   0]]"
    },
    "fold_3_0": {
      "load_data_time": 0.065856343,
      "training_time": 2.667399332,
      "prediction_time": 0.450064639,
      "accuracy_score": 0.6024011299435028,
      "f1_macro": 0.581891751621646,
      "confusion_matrix": "[[459  12   0   0]\n [  0   0   0 473]\n [  0   0 472   0]\n [301 340   0 775]]"
    },
    "fold_3_1": {
      "load_data_time": 0.0636665,
      "training_time": 2.43780537,
      "prediction_time": 0.542449503,
      "accuracy_score": 0.652799178222907,
      "f1_macro": 0.5788806215736795,
      "confusion_matrix": "[[425  21   0  26]\n [ 95   0   0 377]\n [  0   0 472   0]\n [151   6   0 374]]"
    },
    "fold_3_2": {
      "load_data_time": 0.084410225,
      "training_time": 3.215350798,
      "prediction_time": 0.163956047,
      "accuracy_score": 0.6391009329940628,
      "f1_macro": 0.6185345135309385,
      "confusion_matrix": "[[356  13   0 102]\n [  6   0   0 466]\n [  0   0 474   0]\n [  0 264   0 677]]"
    },
    "fold_3_3": {
      "load_data_time": 0.070787665,
      "training_time": 2.734830831,
      "prediction_time": 0.394969063,
      "accuracy_score": 0.3488700564971751,
      "f1_macro": 0.26844262295081966,
      "confusion_matrix": "[[  0   0   0 235]\n [  0   9   0 226]\n [  0   0 238   0]\n [  0   0   0   0]]"
    },
    "fold_4_0": {
      "load_data_time": 0.057765945,
      "training_time": 2.194159522,
      "prediction_time": 0.651756904,
      "accuracy_score": 0.5563339171044951,
      "f1_macro": 0.5421188863967344,
      "confusion_matrix": "[[412  21   0  39]\n [ 99   0   0 373]\n [  0   0 238   0]\n [225   3   0 303]]"
    },
    "fold_4_1": {
      "load_data_time": 0.061405698,
      "training_time": 2.408198137,
      "prediction_time": 0.542520221,
      "accuracy_score": 0.5794491525423728,
      "f1_macro": 0.5715046736541077,
      "confusion_matrix": "[[458  12   0   1]\n [  0   0   0 473]\n [  0   0 472   0]\n [310 395   0 711]]"
    },
    "fold_4_2": {
      "load_data_time": 0.081564228,
      "training_time": 3.179674602,
      "prediction_time": 0.218334147,
      "accuracy_score": 0.6451612903225806,
      "f1_macro": 0.6200019469889506,
      "confusion_matrix": "[[352  12   0 107]\n [  8   1   0 463]\n [  0   0 472   0]\n [  0 246   0 695]]"
    },
    "fold_4_3": {
      "load_data_time": 0.068090877,
      "training_time": 2.720427587,
      "prediction_time": 0.450288792,
      "accuracy_score": 0.503177966101695,
      "f1_macro": 0.2521186440677966,
      "confusion_matrix": "[[  0   0   0 235]\n [  0   1   0 234]\n [  0   0 474   0]\n [  0   0   0   0]]"
    },
    "fold_5_0": {
      "load_data_time": 0.060368109,
      "training_time": 2.254619916,
      "prediction_time": 0.598392914,
      "accuracy_score": 0.6003078501795792,
      "f1_macro": 0.5346840842442016,
      "confusion_matrix": "[[404  24   0  44]\n [ 99   0   0 373]\n [  0   0 474   0]\n [235   4   0 292]]"
    },
    "fold_5_1": {
      "load_data_time": 0.06344437,
      "training_time": 2.421218452,
      "prediction_time": 0.543362425,
      "accuracy_score": 0.5923787528868361,
      "f1_macro": 0.6044292706229282,
      "confusion_matrix": "[[463   8   0   0]\n [  0   0   0 473]\n [  0   0 238   0]\n [219 359   0 838]]"
    },
    "fold_5_2": {
      "load_data_time": 0.080047488,
      "training_time": 3.167977498,
      "prediction_time": 0.218403485,
      "accuracy_score": 0.6583191850594228,
      "f1_macro": 0.6254243235965554,
      "confusion_matrix": "[[352  17   0 102]\n [  3   0   0 469]\n [  0   0 472   0]\n [  0 214   0 727]]"
    },
    "fold_5_3": {
      "load_data_time": 0.066499582,
      "training_time": 2.654687181,
      "prediction_time": 0.451053933,
      "accuracy_score": 0.5116772823779193,
      "f1_macro": 0.27040816326530615,