{
  "experiment_name": "rauber_loca_et_al_setup",
  "feature_extraction": "WaveletFeatures",
  "classifier": "RandomForestClassifier",
  "augmentation": true,
  "start_time": "2026-05-01_06-59-59",
  "scores": {
    "fold_0_0": {
      "load_data_time": 6.570991706,
      "training_time": 7.662837645,
      "prediction_time": 0.224605521,
      "accuracy_score": 0.6076923076923076,
      "f1_macro": 0.6474460940261577,
      "confusion_matrix": "[[236   0   0   0]\n [  0   0   0 237]\n [  0   0 119   0]\n [ 20 253   0 435]]"
    },
    "fold_0_1": {
      "load_data_time": 3.746282622,
      "training_time": 4.392611368,
      "prediction_time": 0.336487462,
      "accuracy_score": 0.5,
      "f1_macro": 0.4071238348868176,
      "confusion_matrix": "[[236   0   0   0]\n [ 43   0   0 193]\n [  0   0 236   0]\n [236   0   0   0]]"
    },
    "fold_0_2": {
      "load_data_time": 8.898611563,
      "training_time": 9.350741421,
      "prediction_time": 0.166378584,
      "accuracy_score": 0.6610169491525424,
      "f1_macro": 0.6244964436611486,
      "confusion_matrix": "[[220   1   0  15]\n [ 87  20   0 129]\n [  0   0 236   0]\n [ 84 164   0 460]]"
    },
    "fold_0_3": {
      "load_data_time": 3.799968957,
      "training_time": 4.414433055,
      "prediction_time": 0.334379916,
      "accuracy_score": 0.3352192362093352,
      "f1_macro": 0.25,
      "confusion_matrix": "[[  0   0   0 235]\n [  0   0   0 235]\n [  0   0 237   0]\n [  0   0   0   0]]"
    },
    "fold_1_0": {
      "load_data_time": 6.559891963,
      "training_time": 7.56985662,
      "prediction_time": 0.195198318,
      "accuracy_score": 0.6375176304654443,
      "f1_macro": 0.6560848308668076,
      "confusion_matrix": "[[236   0   0   0]\n [  0   0   0 237]\n [  0   0 237   0]\n [  1 276   0 431]]"
    },
    "fold_1_1": {
      "load_data_time": 3.795211384,
      "training_time": 4.383998085,
      "prediction_time": 0.330447692,
      "accuracy_score": 0.43409915356711004,
      "f1_macro": 0.41801887961225487,
      "confusion_matrix": "[[236   0   0   0]\n [ 17   0   0 219]\n [  0   0 119   0]\n [232   0   0   4]]"
    },
    "fold_1_2": {
      "load_data_time": 8.899892799,
      "training_time": 9.245587089,
      "prediction_time": 0.16573368,
      "accuracy_score": 0.6475988700564972,
      "f1_macro": 0.6144881656342296,
      "confusion_matrix": "[[206   0   0  30]\n [106  17   0 113]\n [  0   0 236   0]\n [ 56 194   0 458]]"
    },
    "fold_1_3": {
      "load_data_time": 3.81185589,
      "training_time": 4.428415278,
      "prediction_time": 0.332045414,
      "accuracy_score": 0.3342776203966006,
      "f1_macro": 0.25,
      "confusion_matrix": "[[  0   0   0 235]\n [  0   0   0 235]\n [  0   0 236   0]\n [  0   0   0   0]]"
    },
    "fold_2_0": {
      "load_data_time": 6.555413978,
      "training_time": 7.559396859,
      "prediction_time": 0.223246324,
      "accuracy_score": 0.6457304163726182,
      "f1_macro": 0.6564440572510339,
      "confusion_matrix": "[[236   0   0   0]\n [  0   0   0 237]\n [  0   0 236   0]\n [  6 259   0 443]]"
    },
    "fold_2_1": {
      "load_data_time": 3.699453091,
      "training_time": 4.430396675,
      "prediction_time": 0.304153268,
      "accuracy_score": 0.5005291005291005,
      "f1_macro": 0.4005102040816326,
      "confusion_matrix": "[[236   0   0   0]\n [ 76   0   0 160]\n [  0   0 237   0]\n [236   0   0   0]]"
    },
    "fold_2_2": {
      "load_data_time": 8.731893582,
      "training_time": 9.229095542,
      "prediction_time": 0.165199824,
      "accuracy_score": 0.6104695919938414,
      "f1_macro": 0.6103040648077412,
      "confusion_matrix": "[[211   0   0  25]\n [ 88   0   0 148]\n [  0   0 119   0]\n [ 26 219   0 463]]"
    },
    "fold_2_3": {
      "load_data_time": 3.692116126,
      "training_time": 4.41515613,
      "prediction_time": 0.331673561,
      "accuracy_score": 0.3342776203966006,
      "f1_macro": 0.25,
      "confusion_matrix": "[[  0   0   0 235]\n [  0   0   0 235]\n [  0   0 236   0]\n [  0   0   0   0]]"
    },
    "fold_3_0": {
      "load_data_time": 6.442071909,
      "training_time": 7.591085248,
      "prediction_time": 0.221602038,
      "accuracy_score": 0.6372618207480593,
      "f1_macro": 0.6555585197723481,
      "confusion_matrix": "[[236   0   0   0]\n [  0   0   0 237]\n [  0   0 236   0]\n [  2 275   0 431]]"
    },
    "fold_3_1": {
      "load_data_time": 3.677154013,
      "training_time": 4.373933704,
      "prediction_time": 0.331973427,
      "accuracy_score": 0.503177966101695,
      "f1_macro": 0.41583840001941724,
      "confusion_matrix": "[[236   0   0   0]\n [ 21   0   0 215]\n [  0   0 236   0]\n [233   0   0   3]]"
    },
    "fold_3_2": {
      "load_data_time": 8.742844353,
      "training_time": 9.3111537,
      "prediction_time": 0.139915586,
      "accuracy_score": 0.6280875088214538,
      "f1_macro": 0.5848592747707232,
      "confusion_matrix": "[[184   1   0  51]\n [123  16   0  97]\n [  0   0 237   0]\n [105 150   0 453]]"
    },
    "fold_3_3": {
      "load_data_time": 6.451204299,
      "training_time": 7.6323501,
      "prediction_time": 0.195203533,
      "accuracy_score": 0.20203735144312393,
      "f1_macro": 0.25,
      "confusion_matrix": "[[  0   0   0 235]\n [  0   0   0 235]\n [  0   0 119   0]\n [  0   0   0   0]]"
    },
    "fold_4_0": {
      "load_data_time": 3.690659228,
      "training_time": 4.40243101,
      "prediction_time": 0.331311679,
      "accuracy_score": 0.43047158403869407,
      "f1_macro": 0.41363575684761106,
      "confusion_matrix": "[[236   0   0   0]\n [ 19   0   0 217]\n [  0   0 119   0]\n [235   0   0   1]]"
    },
    "fold_4_1": {
      "load_data_time": 3.742345786,
      "training_time": 4.411219571,
      "prediction_time": 0.331366302,
      "accuracy_score": 0.6400846859562456,
      "f1_macro": 0.6570801544259582,
      "confusion_matrix": "[[236   0   0   0]\n [  0   0   0 237]\n [  0   0 236   0]\n [  1 272   0 435]]"
    },
    "fold_4_2": {
      "load_data_time": 8.687368767,
      "training_time": 9.270861003,
      "prediction_time": 0.166457223,
      "accuracy_score": 0.661723163841808,
      "f1_macro": 0.6179700291508679,
      "confusion_matrix": "[[223   0   0  13]\n [118  18   0 100]\n [  0   0 236   0]\n [ 93 155   0 460]]"
    },
    "fold_4_3": {
      "load_data_time": 6.432175321,
      "training_time": 7.538917502,
      "prediction_time": 0.223281361,
      "accuracy_score": 0.3352192362093352,
      "f1_macro": 0.25,
      "confusion_matrix": "[[  0   0   0 235]\n [  0   0   0 235]\n [  0   0 237   0]\n [  0   0   0   0]]"
    },
    "fold_5_0": {
      "load_data_time": 3.775326716,
      "training_time": 4.440301167,
      "prediction_time": 0.305220722,
      "accuracy_score": 0.5058201058201058,
      "f1_macro": 0.41953982242147597,
      "confusion_matrix": "[[236   0   0   0]\n [ 16   0   0 220]\n [  0   0 237   0]\n [231   0   0   5]]"
    },
    "fold_5_1": {
      "load_data_time": 3.732415529,
      "training_time": 4.436501422,
      "prediction_time": 0.331614955,
      "accuracy_score": 0.5969230769230769,
      "f1_macro": 0.6530447084406719,
      "confusion_matrix": "[[236   0   0   0]\n [  0   0   0 237]\n [  0   0 119   0]\n [  2 285   0 421]]"
    },
    "fold_5_2": {
      "load_data_time": 8.713182386,
      "training_time": 9.253455445,
      "prediction_time": 0.167029342,
      "accuracy_score": 0.6440677966101694,
      "f1_macro": 0.6212443884453538,
      "confusion_matrix": "[[204   2   0  30]\n [ 96  13   0 127]\n [  0   0 236   0]\n [ 17 232   0 459]]"
    },
    "fold_5_3": {
      "load_data_time": 6.490711593,
      "training_time": 7.612481858,
      "prediction_time": 0.223080358,
      "accuracy_score": 0.3385269121813031,
      "f1_macro": 0.25630252100840334,
      "confusion_matrix": "[[  0   0   0 235]\n [  0   3   0 232]\n [  0   0 236   0]\n [  0   0   0   0]]"
    },