{
  "experiment_name": "rauber_de_fe_setup",
  "feature_extraction": "WaveletFeatures",
  "classifier": "RandomForestClassifier",
  "augmentation": true,
  "start_time": "2026-05-01_04-22-20",
  "scores": {
    "fold_0_0": {
      "load_data_time": 20.430013878,
      "training_time": 26.14572128,
      "prediction_time": 0.467535447,
      "accuracy_score": 0.49153194765204006,
      "f1_macro": 0.5232261342014728,
      "confusion_matrix": "[[471   0   0   0]\n [  0   8   0 465]\n [  0   0 238   0]\n [596 260   0 560]]"
    },
    "fold_0_1": {
      "load_data_time": 14.179454064,
      "training_time": 18.382628855,
      "prediction_time": 0.562750372,
      "accuracy_score": 0.6204417051874679,
      "f1_macro": 0.5479966599901984,
      "confusion_matrix": "[[419  20   0  33]\n [217   0   0 255]\n [  0   0 472   0]\n [214   0   0 317]]"
    },
    "fold_0_2": {
      "load_data_time": 29.976222304,
      "training_time": 37.70309541,
      "prediction_time": 0.221839697,
      "accuracy_score": 0.5025466893039049,
      "f1_macro": 0.4682438598603511,
      "confusion_matrix": "[[224   2   0 245]\n [205   2   0 265]\n [  0   0 472   0]\n [329 126   0 486]]"
    },
    "fold_0_3": {
      "load_data_time": 10.606053511,
      "training_time": 13.798944919,
      "prediction_time": 0.674219414,
      "accuracy_score": 0.5296610169491526,
      "f1_macro": 0.2998084291187739,
      "confusion_matrix": "[[  0   0   0 235]\n [  0  26   0 209]\n [  0   0 474   0]\n [  0   0   0   0]]"
    },
    "fold_1_0": {
      "load_data_time": 19.829581371,
      "training_time": 25.618105354,
      "prediction_time": 0.402934626,
      "accuracy_score": 0.5321100917431193,
      "f1_macro": 0.5216605594570622,
      "confusion_matrix": "[[469   1   0   1]\n [  0   4   0 469]\n [  0   0 474   0]\n [579 276   0 561]]"
    },
    "fold_1_1": {
      "load_data_time": 13.89791836,
      "training_time": 18.430485025,
      "prediction_time": 0.556576691,
      "accuracy_score": 0.5615878575598365,
      "f1_macro": 0.5426580474544452,
      "confusion_matrix": "[[411  13   0  48]\n [176   0   0 296]\n [  0   0 238   0]\n [218   0   0 313]]"
    },
    "fold_1_2": {
      "load_data_time": 29.432678358,
      "training_time": 37.440197838,
      "prediction_time": 0.220365966,
      "accuracy_score": 0.48047538200339557,
      "f1_macro": 0.45527672328627933,
      "confusion_matrix": "[[221   6   0 244]\n [214   4   0 254]\n [  0   0 472   0]\n [380 126   0 435]]"
    },
    "fold_1_3": {
      "load_data_time": 10.599947802,
      "training_time": 13.917647021,
      "prediction_time": 0.666823925,
      "accuracy_score": 0.524416135881104,
      "f1_macro": 0.2928015564202335,
      "confusion_matrix": "[[  0   0   0 235]\n [  0  22   0 213]\n [  0   0 472   0]\n [  0   0   0   0]]"
    },
    "fold_2_0": {
      "load_data_time": 20.011734588,
      "training_time": 25.320511684,
      "prediction_time": 0.458705737,
      "accuracy_score": 0.53954802259887,
      "f1_macro": 0.5242254922958689,
      "confusion_matrix": "[[469   1   0   1]\n [  0   6   0 467]\n [  0   0 472   0]\n [601 234   0 581]]"
    },
    "fold_2_1": {
      "load_data_time": 13.888620191,
      "training_time": 18.448496418,
      "prediction_time": 0.495261459,
      "accuracy_score": 0.6095433555669574,
      "f1_macro": 0.5401403966784395,
      "confusion_matrix": "[[393  23   0  56]\n [199   0   0 273]\n [  0   0 474   0]\n [210   0   0 321]]"
    },
    "fold_2_2": {
      "load_data_time": 30.085183127,
      "training_time": 37.574222377,
      "prediction_time": 0.221660508,
      "accuracy_score": 0.44250706880301605,
      "f1_macro": 0.46823898577883344,
      "confusion_matrix": "[[257   1   0 213]\n [241   2   0 229]\n [  0   0 238   0]\n [377 122   0 442]]"
    },
    "fold_2_3": {
      "load_data_time": 10.896455049,
      "training_time": 13.817030316,
      "prediction_time": 0.664481585,
      "accuracy_score": 0.505307855626327,
      "f1_macro": 0.2583682008368201,
      "confusion_matrix": "[[  0   0   0 235]\n [  0   4   0 231]\n [  0   0 472   0]\n [  0   0   0   0]]"
    },
    "fold_3_0": {
      "load_data_time": 20.207382905,
      "training_time": 25.361695787,
      "prediction_time": 0.46041088,
      "accuracy_score": 0.5406073446327684,
      "f1_macro": 0.5278117477488187,
      "confusion_matrix": "[[469   1   0   1]\n [  0   8   0 465]\n [  0   0 472   0]\n [580 254   0 582]]"
    },
    "fold_3_1": {
      "load_data_time": 14.053627697,
      "training_time": 18.610616579,
      "prediction_time": 0.551625012,
      "accuracy_score": 0.6296866974833076,
      "f1_macro": 0.5580061520915907,
      "confusion_matrix": "[[412  33   0  27]\n [169   0   0 303]\n [  0   0 472   0]\n [189   0   0 342]]"
    },
    "fold_3_2": {
      "load_data_time": 29.354202189,
      "training_time": 37.561640008,
      "prediction_time": 0.16649257,
      "accuracy_score": 0.5080576759966073,
      "f1_macro": 0.47188302846328495,
      "confusion_matrix": "[[228   1   0 242]\n [229   1   0 242]\n [  0   0 474   0]\n [309 137   0 495]]"
    },
    "fold_3_3": {
      "load_data_time": 20.05573139,
      "training_time": 25.379519715,
      "prediction_time": 0.411000534,
      "accuracy_score": 0.3361581920903955,
      "f1_macro": 0.25,
      "confusion_matrix": "[[  0   0   0 235]\n [  0   0   0 235]\n [  0   0 238   0]\n [  0   0   0   0]]"
    },
    "fold_4_0": {
      "load_data_time": 10.730448255,
      "training_time": 13.844174009,
      "prediction_time": 0.665165098,
      "accuracy_score": 0.5931115002918855,
      "f1_macro": 0.5663424073032779,
      "confusion_matrix": "[[406  19   0  47]\n [197   0   0 275]\n [  0   0 238   0]\n [159   0   0 372]]"
    },
    "fold_4_1": {
      "load_data_time": 14.111047043,
      "training_time": 18.449871043,
      "prediction_time": 0.551217028,
      "accuracy_score": 0.5328389830508474,
      "f1_macro": 0.5201934551193733,
      "confusion_matrix": "[[468   1   0   2]\n [  0   5   0 468]\n [  0   0 472   0]\n [604 248   0 564]]"
    },
    "fold_4_2": {
      "load_data_time": 29.726294279,
      "training_time": 37.556560391,
      "prediction_time": 0.221822279,
      "accuracy_score": 0.5263157894736842,
      "f1_macro": 0.4827649528865081,
      "confusion_matrix": "[[216   2   0 253]\n [217   3   0 252]\n [  0   0 472   0]\n [261 131   0 549]]"
    },
    "fold_4_3": {
      "load_data_time": 20.57368339,
      "training_time": 25.29875812,
      "prediction_time": 0.457742853,
      "accuracy_score": 0.5021186440677966,
      "f1_macro": 0.25,
      "confusion_matrix": "[[  0   0   0 235]\n [  0   0   0 235]\n [  0   0 474   0]\n [  0   0   0   0]]"
    },
    "fold_5_0": {
      "load_data_time": 10.913096235,
      "training_time": 13.922129291,
      "prediction_time": 0.606659853,
      "accuracy_score": 0.6444330425859415,
      "f1_macro": 0.5703897333290304,
      "confusion_matrix": "[[406  38   0  28]\n [219   0   0 253]\n [  0   0 474   0]\n [155   0   0 376]]"
    },
    "fold_5_1": {
      "load_data_time": 14.216401887,
      "training_time": 18.502613698,
      "prediction_time": 0.552459267,
      "accuracy_score": 0.5026943802925328,
      "f1_macro": 0.5283591131023238,
      "confusion_matrix": "[[470   0   0   1]\n [  0   3   0 470]\n [  0   0 238   0]\n [561 260   0 595]]"
    },
    "fold_5_2": {
      "load_data_time": 29.870530359,
      "training_time": 37.343555397,
      "prediction_time": 0.22135716,
      "accuracy_score": 0.5246179966044142,
      "f1_macro": 0.48351116577818065,
      "confusion_matrix": "[[234   2   0 235]\n [210   1   0 261]\n [  0   0 472   0]\n [277 135   0 529]]"
    },
    "fold_5_3": {
      "load_data_time": 20.379572842,
      "training_time": 25.395451659,
      "prediction_time": 0.457674825,
      "accuracy_score": 0.5010615711252654,
      "f1_macro": 0.25,