{
  "experiment_name": "rauber_de_fe_setup",
  "feature_extraction": "WaveletFeatures",
  "classifier": "RandomForestClassifier",
  "augmentation": false,
  "start_time": "2026-05-02_03-18-00",
  "scores": {
    "fold_0_0": {
      "load_data_time": 0.06594273,
      "training_time": 2.741937016,
      "prediction_time": 0.467285819,
      "accuracy_score": 0.5715935334872979,
      "f1_macro": 0.5831948126021006,
      "confusion_matrix": "[[463   8   0   0]\n [  0   0   0 473]\n [  0   0 238   0]\n [307 325   0 784]]"
    },
    "fold_0_1": {
      "load_data_time": 0.059323753,
      "training_time": 2.43323557,
      "prediction_time": 0.561879342,
      "accuracy_score": 0.6076014381099127,
      "f1_macro": 0.5413081973683509,
      "confusion_matrix": "[[409  23   0  40]\n [ 93   0   0 379]\n [  0   0 472   0]\n [224   5   0 302]]"
    },
    "fold_0_2": {
      "load_data_time": 0.082409772,
      "training_time": 3.191967728,
      "prediction_time": 0.221121945,
      "accuracy_score": 0.6642614601018676,
      "f1_macro": 0.6245687122106572,
      "confusion_matrix": "[[348   9   0 114]\n [ 10   0   0 462]\n [  0   0 472   0]\n [  0 196   0 745]]"
    },
    "fold_0_3": {
      "load_data_time": 0.055986343,
      "training_time": 2.22135608,
      "prediction_time": 0.673763358,
      "accuracy_score": 0.565677966101695,
      "f1_macro": 0.3516949152542373,
      "confusion_matrix": "[[  0   0   0 235]\n [  0  60   0 175]\n [  0   0 474   0]\n [  0   0   0   0]]"
    },
    "fold_1_0": {
      "load_data_time": 0.070707296,
      "training_time": 2.757518371,
      "prediction_time": 0.404142114,
      "accuracy_score": 0.621030345800988,
      "f1_macro": 0.5997877789106775,
      "confusion_matrix": "[[461   9   0   1]\n [  0   0   0 473]\n [  0   0 474   0]\n [233 358   0 825]]"
    },
    "fold_1_1": {
      "load_data_time": 0.063017824,
      "training_time": 2.487271768,
      "prediction_time": 0.554557229,
      "accuracy_score": 0.5551663747810858,
      "f1_macro": 0.5410308782890785,
      "confusion_matrix": "[[415  28   0  29]\n [112   0   0 360]\n [  0   0 238   0]\n [231   2   0 298]]"
    },
    "fold_1_2": {
      "load_data_time": 0.080389863,
      "training_time": 3.188385803,
      "prediction_time": 0.220783773,
      "accuracy_score": 0.6600169779286927,
      "f1_macro": 0.6237530732458033,
      "confusion_matrix": "[[349   7   0 115]\n [  7   0   0 465]\n [  0   0 472   0]\n [  0 207   0 734]]"
    },
    "fold_1_3": {
      "load_data_time": 0.055201347,
      "training_time": 2.222757473,
      "prediction_time": 0.665640371,
      "accuracy_score": 0.505307855626327,
      "f1_macro": 0.2583682008368201,
      "confusion_matrix": "[[  0   0   0 235]\n [  0   4   0 231]\n [  0   0 472   0]\n [  0   0   0   0]]"
    },
    "fold_2_0": {
      "load_data_time": 0.068293231,
      "training_time": 2.69739258,
      "prediction_time": 0.454609868,
      "accuracy_score": 0.6288841807909604,
      "f1_macro": 0.6050946920233939,
      "confusion_matrix": "[[463   8   0   0]\n [  0   0   0 473]\n [  0   0 472   0]\n [221 349   0 846]]"
    },
    "fold_2_1": {
      "load_data_time": 0.0652429,
      "training_time": 2.484396323,
      "prediction_time": 0.494245178,
      "accuracy_score": 0.6069779374037968,
      "f1_macro": 0.5406782523834547,
      "confusion_matrix": "[[417  28   0  27]\n [ 90   0   0 382]\n [  0   0 474   0]\n [232   7   0 292]]"
    },
    "fold_2_2": {
      "load_data_time": 0.081321511,
      "training_time": 3.183300232,
      "prediction_time": 0.220675728,
      "accuracy_score": 0.6248821866163996,
      "f1_macro": 0.6313149370687711,
      "confusion_matrix": "[[374  11   0  86]\n [  7   0   0 465]\n [  0   0 238   0]\n [  0 227   0 714]]"
    },
    "fold_2_3": {
      "load_data_time": 0.058031129,
      "training_time": 2.214887334,
      "prediction_time": 0.664910881,
      "accuracy_score": 0.5477707006369427,
      "f1_macro": 0.32885304659498205,
      "confusion_matrix": "[[  0   0   0 235]\n [  0  44   0 191]\n [  0   0 472   0]\n [  0   0   0   0]]"
    },
    "fold_3_0": {
      "load_data_time": 0.066416318,
      "training_time": 2.681708754,
      "prediction_time": 0.456925662,
      "accuracy_score": 0.5953389830508474,
      "f1_macro": 0.5847100311774771,
      "confusion_matrix": "[[462   9   0   0]\n [  0   0   0 473]\n [  0   0 472   0]\n [268 396   0 752]]"
    },
    "fold_3_1": {
      "load_data_time": 0.063288087,
      "training_time": 2.41879155,
      "prediction_time": 0.550611221,
      "accuracy_score": 0.613251155624037,
      "f1_macro": 0.5476150839533227,
      "confusion_matrix": "[[411  34   0  27]\n [ 80   0   0 392]\n [  0   0 472   0]\n [216   4   0 311]]"
    },
    "fold_3_2": {
      "load_data_time": 0.08372289,
      "training_time": 3.221447129,
      "prediction_time": 0.166877562,
      "accuracy_score": 0.6357082273112807,
      "f1_macro": 0.6158103388957632,
      "confusion_matrix": "[[343  28   0 100]\n [  6   2   0 464]\n [  0   0 474   0]\n [  1 260   0 680]]"
    },
    "fold_3_3": {
      "load_data_time": 0.070495879,
      "training_time": 2.749685367,
      "prediction_time": 0.401297558,
      "accuracy_score": 0.3644067796610169,
      "f1_macro": 0.2892156862745098,
      "confusion_matrix": "[[  0   0   0 235]\n [  0  20   0 215]\n [  0   0 238   0]\n [  0   0   0   0]]"
    },
    "fold_4_0": {
      "load_data_time": 0.058146685,
      "training_time": 2.217082661,
      "prediction_time": 0.659580595,
      "accuracy_score": 0.5808523058960887,
      "f1_macro": 0.561141183674805,
      "confusion_matrix": "[[419  25   0  28]\n [ 88   0   0 384]\n [  0   0 238   0]\n [190   3   0 338]]"
    },
    "fold_4_1": {
      "load_data_time": 0.060817568,
      "training_time": 2.437469167,
      "prediction_time": 0.552281302,
      "accuracy_score": 0.6398305084745762,
      "f1_macro": 0.6149055836646187,
      "confusion_matrix": "[[462   9   0   0]\n [  0   0   0 473]\n [  0   0 472   0]\n [187 351   0 878]]"
    },
    "fold_4_2": {
      "load_data_time": 0.081027333,
      "training_time": 3.183097685,
      "prediction_time": 0.220464704,
      "accuracy_score": 0.6591680814940577,
      "f1_macro": 0.6246987951807229,
      "confusion_matrix": "[[352  13   0 106]\n [  7   0   0 465]\n [  0   0 472   0]\n [  0 212   0 729]]"
    },
    "fold_4_3": {
      "load_data_time": 0.068413832,
      "training_time": 2.678775131,
      "prediction_time": 0.45571402,
      "accuracy_score": 0.5169491525423728,
      "f1_macro": 0.2781124497991968,
      "confusion_matrix": "[[  0   0   0 235]\n [  0  14   0 221]\n [  0   0 474   0]\n [  0   0   0   0]]"
    },
    "fold_5_0": {
      "load_data_time": 0.06005551,
      "training_time": 2.268418431,
      "prediction_time": 0.606878569,
      "accuracy_score": 0.620831195484864,
      "f1_macro": 0.5512025580564202,
      "confusion_matrix": "[[429  23   0  20]\n [ 81   0   0 391]\n [  0   0 474   0]\n [221   3   0 307]]"
    },
    "fold_5_1": {
      "load_data_time": 0.062947561,
      "training_time": 2.440229537,
      "prediction_time": 0.551569783,
      "accuracy_score": 0.5758275596612779,
      "f1_macro": 0.5905501979847366,
      "confusion_matrix": "[[461   9   0   1]\n [  0   0   0 473]\n [  0   0 238   0]\n [267 352   0 797]]"
    },
    "fold_5_2": {
      "load_data_time": 0.079562259,
      "training_time": 3.167101312,
      "prediction_time": 0.220995903,
      "accuracy_score": 0.5789473684210527,
      "f1_macro": 0.597447647226919,
      "confusion_matrix": "[[353   6   0 112]\n [ 12  12   0 448]\n [  0   0 472   0]\n [  1 413   0 527]]"
    },
    "fold_5_3": {
      "load_data_time": 0.065901617,
      "training_time": 2.694183481,
      "prediction_time": 0.458910831,
      "accuracy_score": 0.5498938428874734,
      "f1_macro": 0.3318505338078292,