{
  "experiment_name": "rauber_loca_et_al_setup",
  "feature_extraction": "WaveletFeatures",
  "classifier": "RandomForestClassifier",
  "augmentation": false,
  "start_time": "2026-04-30_16-56-10",
  "scores": {
    "fold_0_0": {
      "load_data_time": 0.037622075,
      "training_time": 1.446864247,
      "prediction_time": 0.22602386,
      "accuracy_score": 0.6161538461538462,
      "f1_macro": 0.6603163191948238,
      "confusion_matrix": "[[236   0   0   0]\n [  0   0   0 237]\n [  0   0 119   0]\n [  0 262   0 446]]"
    },
    "fold_0_1": {
      "load_data_time": 0.031193509,
      "training_time": 1.149476646,
      "prediction_time": 0.339482905,
      "accuracy_score": 0.4989406779661017,
      "f1_macro": 0.4037958115183246,
      "confusion_matrix": "[[235   0   0   1]\n [ 57   0   0 179]\n [  0   0 236   0]\n [236   0   0   0]]"
    },
    "fold_0_2": {
      "load_data_time": 0.043885706,
      "training_time": 1.486095791,
      "prediction_time": 0.167860867,
      "accuracy_score": 0.7387005649717514,
      "f1_macro": 0.7754691615519329,
      "confusion_matrix": "[[230   1   0   5]\n [  5 130   0 101]\n [  0   0 236   0]\n [  2 256   0 450]]"
    },
    "fold_0_3": {
      "load_data_time": 0.033559873,
      "training_time": 1.190601167,
      "prediction_time": 0.337630376,
      "accuracy_score": 0.3352192362093352,
      "f1_macro": 0.25,
      "confusion_matrix": "[[  0   0   0 235]\n [  0   0   0 235]\n [  0   0 237   0]\n [  0   0   0   0]]"
    },
    "fold_1_0": {
      "load_data_time": 0.040557286,
      "training_time": 1.438885541,
      "prediction_time": 0.197045026,
      "accuracy_score": 0.6586741889985895,
      "f1_macro": 0.6639402560455192,
      "confusion_matrix": "[[236   0   0   0]\n [  0   0   0 237]\n [  0   0 237   0]\n [  0 247   0 461]]"
    },
    "fold_1_1": {
      "load_data_time": 0.03334677,
      "training_time": 1.14708534,
      "prediction_time": 0.33598543,
      "accuracy_score": 0.4280532043530834,
      "f1_macro": 0.4064580559254327,
      "confusion_matrix": "[[235   0   0   1]\n [ 44   0   0 192]\n [  0   0 119   0]\n [236   0   0   0]]"
    },
    "fold_1_2": {
      "load_data_time": 0.042897397,
      "training_time": 1.483078578,
      "prediction_time": 0.166350141,
      "accuracy_score": 0.7450564971751412,
      "f1_macro": 0.779855055830598,
      "confusion_matrix": "[[232   0   0   4]\n [  6 134   0  96]\n [  0   0 236   0]\n [  5 250   0 453]]"
    },
    "fold_1_3": {
      "load_data_time": 0.032005992,
      "training_time": 1.17999655,
      "prediction_time": 0.334639295,
      "accuracy_score": 0.3342776203966006,
      "f1_macro": 0.25,
      "confusion_matrix": "[[  0   0   0 235]\n [  0   0   0 235]\n [  0   0 236   0]\n [  0   0   0   0]]"
    },
    "fold_2_0": {
      "load_data_time": 0.038568523,
      "training_time": 1.411304598,
      "prediction_time": 0.223335253,
      "accuracy_score": 0.6429075511644319,
      "f1_macro": 0.6585982658959537,
      "confusion_matrix": "[[236   0   0   0]\n [  0   0   0 237]\n [  0   0 236   0]\n [  0 269   0 439]]"
    },
    "fold_2_1": {
      "load_data_time": 0.034576171,
      "training_time": 1.178523842,
      "prediction_time": 0.307190442,
      "accuracy_score": 0.49947089947089945,
      "f1_macro": 0.4037958115183246,
      "confusion_matrix": "[[235   0   0   1]\n [ 57   0   0 179]\n [  0   0 237   0]\n [236   0   0   0]]"
    },
    "fold_2_2": {
      "load_data_time": 0.043481224,
      "training_time": 1.475200737,
      "prediction_time": 0.167527155,
      "accuracy_score": 0.7220939183987682,
      "f1_macro": 0.7768531185271589,
      "confusion_matrix": "[[232   0   0   4]\n [  6 123   0 107]\n [  0   0 119   0]\n [  2 242   0 464]]"
    },
    "fold_2_3": {
      "load_data_time": 0.033542741,
      "training_time": 1.183929627,
      "prediction_time": 0.335263332,
      "accuracy_score": 0.3342776203966006,
      "f1_macro": 0.25,
      "confusion_matrix": "[[  0   0   0 235]\n [  0   0   0 235]\n [  0   0 236   0]\n [  0   0   0   0]]"
    },
    "fold_3_0": {
      "load_data_time": 0.037997339,
      "training_time": 1.4237275,
      "prediction_time": 0.222528737,
      "accuracy_score": 0.6457304163726182,
      "f1_macro": 0.6595821325648414,
      "confusion_matrix": "[[236   0   0   0]\n [  0   0   0 237]\n [  0   0 236   0]\n [  0 265   0 443]]"
    },
    "fold_3_1": {
      "load_data_time": 0.033524605,
      "training_time": 1.143347072,
      "prediction_time": 0.334073809,
      "accuracy_score": 0.4989406779661017,
      "f1_macro": 0.4037958115183246,
      "confusion_matrix": "[[235   0   0   1]\n [ 57   0   0 179]\n [  0   0 236   0]\n [236   0   0   0]]"
    },
    "fold_3_2": {
      "load_data_time": 0.044856509,
      "training_time": 1.521533393,
      "prediction_time": 0.141624844,
      "accuracy_score": 0.7177134791813691,
      "f1_macro": 0.7523276483369906,
      "confusion_matrix": "[[229   0   0   7]\n [ 12 110   0 114]\n [  0   0 237   0]\n [  3 264   0 441]]"
    },
    "fold_3_3": {
      "load_data_time": 0.040340917,
      "training_time": 1.436992429,
      "prediction_time": 0.195891594,
      "accuracy_score": 0.20203735144312393,
      "f1_macro": 0.25,
      "confusion_matrix": "[[  0   0   0 235]\n [  0   0   0 235]\n [  0   0 119   0]\n [  0   0   0   0]]"
    },
    "fold_4_0": {
      "load_data_time": 0.033475922,
      "training_time": 1.166851798,
      "prediction_time": 0.334850573,
      "accuracy_score": 0.4280532043530834,
      "f1_macro": 0.4070855614973262,
      "confusion_matrix": "[[235   0   0   1]\n [ 41   0   0 195]\n [  0   0 119   0]\n [236   0   0   0]]"
    },
    "fold_4_1": {
      "load_data_time": 0.032331043,
      "training_time": 1.138611407,
      "prediction_time": 0.335057683,
      "accuracy_score": 0.6422018348623854,
      "f1_macro": 0.658351409978308,
      "confusion_matrix": "[[236   0   0   0]\n [  0   0   0 237]\n [  0   0 236   0]\n [  0 270   0 438]]"
    },
    "fold_4_2": {
      "load_data_time": 0.043633225,
      "training_time": 1.462819994,
      "prediction_time": 0.168286539,
      "accuracy_score": 0.742231638418079,
      "f1_macro": 0.7755236654483111,
      "confusion_matrix": "[[232   0   0   4]\n [  6 123   0 107]\n [  0   0 236   0]\n [  1 247   0 460]]"
    },
    "fold_4_3": {
      "load_data_time": 0.038855059,
      "training_time": 1.400591072,
      "prediction_time": 0.224940533,
      "accuracy_score": 0.33663366336633666,
      "f1_macro": 0.2521186440677966,
      "confusion_matrix": "[[  0   0   0 235]\n [  0   1   0 234]\n [  0   0 237   0]\n [  0   0   0   0]]"
    },
    "fold_5_0": {
      "load_data_time": 0.034633819,
      "training_time": 1.210271188,
      "prediction_time": 0.307397072,
      "accuracy_score": 0.5005291005291005,
      "f1_macro": 0.4042483660130719,
      "confusion_matrix": "[[236   0   0   0]\n [ 57   0   0 179]\n [  0   0 237   0]\n [236   0   0   0]]"
    },
    "fold_5_1": {
      "load_data_time": 0.033445279,
      "training_time": 1.133146641,
      "prediction_time": 0.334578987,
      "accuracy_score": 0.6138461538461538,
      "f1_macro": 0.6595821325648414,
      "confusion_matrix": "[[236   0   0   0]\n [  0   0   0 237]\n [  0   0 119   0]\n [  0 265   0 443]]"
    },
    "fold_5_2": {
      "load_data_time": 0.04285012,
      "training_time": 1.474793235,
      "prediction_time": 0.167709121,
      "accuracy_score": 0.7641242937853108,
      "f1_macro": 0.8003046667856019,
      "confusion_matrix": "[[232   1   0   3]\n [  5 156   0  75]\n [  0   0 236   0]\n [  1 249   0 458]]"
    },
    "fold_5_3": {
      "load_data_time": 0.037728663,
      "training_time": 1.406180492,
      "prediction_time": 0.225265917,
      "accuracy_score": 0.3342776203966006,
      "f1_macro": 0.25,
      "confusion_matrix": "[[  0   0   0 235]\n [  0   0   0 235]\n [  0   0 236   0]\n [  0   0   0   0]]"
    },