{
  "experiment_name": "rauber_de_fe_setup",
  "feature_extraction": "WaveletFeatures",
  "classifier": "RandomForestClassifier",
  "augmentation": true,
  "start_time": "2026-04-30_19-29-49",
  "scores": {
    "fold_0_0": {
      "load_data_time": 20.462002223,
      "training_time": 26.201182917,
      "prediction_time": 0.471090673,
      "accuracy_score": 0.4907621247113164,
      "f1_macro": 0.5213929037461679,
      "confusion_matrix": "[[469   1   0   1]\n [  0  11   0 462]\n [  0   0 238   0]\n [630 229   0 557]]"
    },
    "fold_0_1": {
      "load_data_time": 14.209040028,
      "training_time": 18.438539355,
      "prediction_time": 0.566605927,
      "accuracy_score": 0.6122239342578326,
      "f1_macro": 0.5436840256749421,
      "confusion_matrix": "[[395  30   0  47]\n [174   0   0 298]\n [  0   0 472   0]\n [206   0   0 325]]"
    },
    "fold_0_2": {
      "load_data_time": 29.840467966,
      "training_time": 37.817343347,
      "prediction_time": 0.223557241,
      "accuracy_score": 0.48811544991511036,
      "f1_macro": 0.46008142094517057,
      "confusion_matrix": "[[231   2   0 238]\n [227   1   0 244]\n [  0   0 472   0]\n [355 140   0 446]]"
    },
    "fold_0_3": {
      "load_data_time": 10.87859842,
      "training_time": 13.827191573,
      "prediction_time": 0.68056687,
      "accuracy_score": 0.5614406779661016,
      "f1_macro": 0.34621993127147765,
      "confusion_matrix": "[[  0   0   0 235]\n [  0  56   0 179]\n [  0   0 474   0]\n [  0   0   0   0]]"
    },
    "fold_1_0": {
      "load_data_time": 20.355805283,
      "training_time": 25.57642134,
      "prediction_time": 0.404689896,
      "accuracy_score": 0.5423429781227946,
      "f1_macro": 0.5287716250029737,
      "confusion_matrix": "[[469   1   0   1]\n [  0   4   0 469]\n [  0   0 474   0]\n [554 272   0 590]]"
    },
    "fold_1_1": {
      "load_data_time": 14.275981016,
      "training_time": 18.397895958,
      "prediction_time": 0.561516432,
      "accuracy_score": 0.5604203152364273,
      "f1_macro": 0.5426019966530093,
      "confusion_matrix": "[[420  27   0  25]\n [212   0   0 260]\n [  0   0 238   0]\n [229   0   0 302]]"
    },
    "fold_1_2": {
      "load_data_time": 29.911519609,
      "training_time": 37.442571113,
      "prediction_time": 0.222517811,
      "accuracy_score": 0.5186757215619694,
      "f1_macro": 0.478889655041358,
      "confusion_matrix": "[[226   2   0 243]\n [210   1   0 261]\n [  0   0 472   0]\n [280 138   0 523]]"
    },
    "fold_1_3": {
      "load_data_time": 10.94763786,
      "training_time": 13.785642796,
      "prediction_time": 0.671100627,
      "accuracy_score": 0.5201698513800425,
      "f1_macro": 0.2855731225296443,
      "confusion_matrix": "[[  0   0   0 235]\n [  0  18   0 217]\n [  0   0 472   0]\n [  0   0   0   0]]"
    },
    "fold_2_0": {
      "load_data_time": 20.416416633,
      "training_time": 25.448657844,
      "prediction_time": 0.462897355,
      "accuracy_score": 0.5377824858757062,
      "f1_macro": 0.5271181556496309,
      "confusion_matrix": "[[468   1   0   2]\n [  2   9   0 462]\n [  0   0 472   0]\n [577 265   0 574]]"
    },
    "fold_2_1": {
      "load_data_time": 14.098985928,
      "training_time": 18.545990549,
      "prediction_time": 0.501626515,
      "accuracy_score": 0.6444330425859415,
      "f1_macro": 0.5676924663620209,
      "confusion_matrix": "[[413  18   0  41]\n [201   0   0 271]\n [  0   0 474   0]\n [162   0   0 369]]"
    },
    "fold_2_2": {
      "load_data_time": 29.643345642,
      "training_time": 37.906808097,
      "prediction_time": 0.222665444,
      "accuracy_score": 0.4410933081998115,
      "f1_macro": 0.4633539030934806,
      "confusion_matrix": "[[211   0   0 260]\n [212   2   0 258]\n [  0   0 238   0]\n [319 137   0 485]]"
    },
    "fold_2_3": {
      "load_data_time": 10.917979626,
      "training_time": 13.811906187,
      "prediction_time": 0.669978899,
      "accuracy_score": 0.5010615711252654,
      "f1_macro": 0.25,
      "confusion_matrix": "[[  0   0   0 235]\n [  0   0   0 235]\n [  0   0 472   0]\n [  0   0   0   0]]"
    },
    "fold_3_0": {
      "load_data_time": 20.365666854,
      "training_time": 25.512677418,
      "prediction_time": 0.46079257,
      "accuracy_score": 0.5451977401129944,
      "f1_macro": 0.5280417536088696,
      "confusion_matrix": "[[471   0   0   0]\n [  1   3   0 469]\n [  0   0 472   0]\n [571 247   0 598]]"
    },
    "fold_3_1": {
      "load_data_time": 14.177024623,
      "training_time": 18.493450877,
      "prediction_time": 0.558461685,
      "accuracy_score": 0.6142783769902413,
      "f1_macro": 0.5454785954785955,
      "confusion_matrix": "[[384  30   0  58]\n [213   0   0 259]\n [  0   0 472   0]\n [191   0   0 340]]"
    },
    "fold_3_2": {
      "load_data_time": 29.831848032,
      "training_time": 37.673830636,
      "prediction_time": 0.167804311,
      "accuracy_score": 0.46480067854113655,
      "f1_macro": 0.4422500613959493,
      "confusion_matrix": "[[200   0   0 271]\n [205   2   0 265]\n [  0   0 474   0]\n [375 146   0 420]]"
    },
    "fold_3_3": {
      "load_data_time": 20.00585153,
      "training_time": 25.691673974,
      "prediction_time": 0.404041941,
      "accuracy_score": 0.3375706214689266,
      "f1_macro": 0.2521186440677966,
      "confusion_matrix": "[[  0   0   0 235]\n [  0   1   0 234]\n [  0   0 238   0]\n [  0   0   0   0]]"
    },
    "fold_4_0": {
      "load_data_time": 10.875178668,
      "training_time": 13.79747701,
      "prediction_time": 0.668583058,
      "accuracy_score": 0.5750145942790427,
      "f1_macro": 0.5550466645934278,
      "confusion_matrix": "[[404  32   0  36]\n [181   0   0 291]\n [  0   0 238   0]\n [188   0   0 343]]"
    },
    "fold_4_1": {
      "load_data_time": 14.057203287,
      "training_time": 18.435619735,
      "prediction_time": 0.556132783,
      "accuracy_score": 0.5459039548022598,
      "f1_macro": 0.5273314779441787,
      "confusion_matrix": "[[463   1   0   7]\n [  0   6   0 467]\n [  0   0 472   0]\n [591 220   0 605]]"
    },
    "fold_4_2": {
      "load_data_time": 29.631238137,
      "training_time": 37.805039373,
      "prediction_time": 0.222393151,
      "accuracy_score": 0.4906621392190153,
      "f1_macro": 0.45995049653957587,
      "confusion_matrix": "[[214   6   0 251]\n [209   2   0 261]\n [  0   0 472   0]\n [343 130   0 468]]"
    },
    "fold_4_3": {
      "load_data_time": 20.296805907,
      "training_time": 25.424569322,
      "prediction_time": 0.462104182,
      "accuracy_score": 0.5042372881355932,
      "f1_macro": 0.2542194092827004,
      "confusion_matrix": "[[  0   0   0 235]\n [  0   2   0 233]\n [  0   0 474   0]\n [  0   0   0   0]]"
    },
    "fold_5_0": {
      "load_data_time": 10.888873513,
      "training_time": 13.955811129,
      "prediction_time": 0.610622094,
      "accuracy_score": 0.6223704463827604,
      "f1_macro": 0.5484348764256233,
      "confusion_matrix": "[[417  12   0  43]\n [211   0   0 261]\n [  0   0 474   0]\n [209   0   0 322]]"
    },
    "fold_5_1": {
      "load_data_time": 14.146772432,
      "training_time": 18.530247843,
      "prediction_time": 0.556711608,
      "accuracy_score": 0.49191685912240185,
      "f1_macro": 0.520270990694349,
      "confusion_matrix": "[[468   2   0   1]\n [  2   6   0 465]\n [  0   0 238   0]\n [614 236   0 566]]"
    },
    "fold_5_2": {
      "load_data_time": 29.490655214,
      "training_time": 37.642821254,
      "prediction_time": 0.222805359,
      "accuracy_score": 0.48174872665534807,
      "f1_macro": 0.4572205302305852,
      "confusion_matrix": "[[229   1   0 241]\n [218   4   0 250]\n [  0   0 472   0]\n [376 135   0 430]]"
    },
    "fold_5_3": {
      "load_data_time": 20.058947369,
      "training_time": 25.481803243,
      "prediction_time": 0.461757365,
      "accuracy_score": 0.5095541401273885,
      "f1_macro": 0.2664609053497942,