{
  "experiment_name": "rauber_de_fe_setup",
  "feature_extraction": "WaveletFeatures",
  "classifier": "RandomForestClassifier",
  "augmentation": true,
  "start_time": "2026-05-01_05-06-43",
  "scores": {
    "fold_0_0": {
      "load_data_time": 20.416123706,
      "training_time": 25.817238511,
      "prediction_time": 0.460043635,
      "accuracy_score": 0.4899923017705928,
      "f1_macro": 0.5205055787555019,
      "confusion_matrix": "[[468   1   0   2]\n [  0   2   0 471]\n [  0   0 238   0]\n [580 271   0 565]]"
    },
    "fold_0_1": {
      "load_data_time": 14.15980499,
      "training_time": 18.165503978,
      "prediction_time": 0.552598705,
      "accuracy_score": 0.6332819722650231,
      "f1_macro": 0.5574211575670075,
      "confusion_matrix": "[[418   6   0  48]\n [179   0   0 293]\n [  0   0 472   0]\n [188   0   0 343]]"
    },
    "fold_0_2": {
      "load_data_time": 29.608689701,
      "training_time": 37.146186954,
      "prediction_time": 0.218102695,
      "accuracy_score": 0.49872665534804755,
      "f1_macro": 0.4641764420476468,
      "confusion_matrix": "[[209   3   0 259]\n [222   1   0 249]\n [  0   0 472   0]\n [307 141   0 493]]"
    },
    "fold_0_3": {
      "load_data_time": 10.619298889,
      "training_time": 13.681002783,
      "prediction_time": 0.662583006,
      "accuracy_score": 0.5021186440677966,
      "f1_macro": 0.25,
      "confusion_matrix": "[[  0   0   0 235]\n [  0   0   0 235]\n [  0   0 474   0]\n [  0   0   0   0]]"
    },
    "fold_1_0": {
      "load_data_time": 19.929716891,
      "training_time": 25.388559555,
      "prediction_time": 0.397387766,
      "accuracy_score": 0.5345800988002822,
      "f1_macro": 0.5223767061015144,
      "confusion_matrix": "[[468   1   0   2]\n [  0   4   0 469]\n [  0   0 474   0]\n [582 265   0 569]]"
    },
    "fold_1_1": {
      "load_data_time": 14.168808247,
      "training_time": 18.309314133,
      "prediction_time": 0.546483668,
      "accuracy_score": 0.5656742556917689,
      "f1_macro": 0.5471104928457869,
      "confusion_matrix": "[[389  20   0  63]\n [208   0   0 264]\n [  0   0 238   0]\n [189   0   0 342]]"
    },
    "fold_1_2": {
      "load_data_time": 29.981754793,
      "training_time": 36.867012291,
      "prediction_time": 0.217204926,
      "accuracy_score": 0.4936332767402377,
      "f1_macro": 0.46347222222222223,
      "confusion_matrix": "[[234   1   0 236]\n [230   2   0 240]\n [  0   0 472   0]\n [361 125   0 455]]"
    },
    "fold_1_3": {
      "load_data_time": 11.066382638,
      "training_time": 13.737488849,
      "prediction_time": 0.681710492,
      "accuracy_score": 0.5010615711252654,
      "f1_macro": 0.25,
      "confusion_matrix": "[[  0   0   0 235]\n [  0   0   0 235]\n [  0   0 472   0]\n [  0   0   0   0]]"
    },
    "fold_2_0": {
      "load_data_time": 20.444052308,
      "training_time": 25.083564161,
      "prediction_time": 0.450958502,
      "accuracy_score": 0.52295197740113,
      "f1_macro": 0.5113039592826027,
      "confusion_matrix": "[[470   0   0   1]\n [  0   1   0 472]\n [  0   0 472   0]\n [628 250   0 538]]"
    },
    "fold_2_1": {
      "load_data_time": 14.24149401,
      "training_time": 18.265386244,
      "prediction_time": 0.488741718,
      "accuracy_score": 0.6177526936890713,
      "f1_macro": 0.5505030232550208,
      "confusion_matrix": "[[399  54   0  19]\n [194   0   0 278]\n [  0   0 474   0]\n [200   0   0 331]]"
    },
    "fold_2_2": {
      "load_data_time": 30.135061234,
      "training_time": 37.063846739,
      "prediction_time": 0.217083864,
      "accuracy_score": 0.441564561734213,
      "f1_macro": 0.4630251556477091,
      "confusion_matrix": "[[222   4   0 245]\n [216   1   0 255]\n [  0   0 238   0]\n [352 113   0 476]]"
    },
    "fold_2_3": {
      "load_data_time": 10.977385057,
      "training_time": 13.746925464,
      "prediction_time": 0.654466513,
      "accuracy_score": 0.5010615711252654,
      "f1_macro": 0.25,
      "confusion_matrix": "[[  0   0   0 235]\n [  0   0   0 235]\n [  0   0 472   0]\n [  0   0   0   0]]"
    },
    "fold_3_0": {
      "load_data_time": 20.079972304,
      "training_time": 25.1948771,
      "prediction_time": 0.449683398,
      "accuracy_score": 0.5434322033898306,
      "f1_macro": 0.5280406689409852,
      "confusion_matrix": "[[467   1   0   3]\n [  0   8   0 465]\n [  0   0 472   0]\n [589 235   0 592]]"
    },
    "fold_3_1": {
      "load_data_time": 13.978245366,
      "training_time": 18.302352398,
      "prediction_time": 0.543547629,
      "accuracy_score": 0.6096558808423215,
      "f1_macro": 0.5416892632938818,
      "confusion_matrix": "[[399  35   0  38]\n [212   0   0 260]\n [  0   0 472   0]\n [215   0   0 316]]"
    },
    "fold_3_2": {
      "load_data_time": 30.111941086,
      "training_time": 37.034111939,
      "prediction_time": 0.163872252,
      "accuracy_score": 0.49151823579304493,
      "f1_macro": 0.46388785844668196,
      "confusion_matrix": "[[249   2   0 220]\n [227   3   0 242]\n [  0   0 474   0]\n [385 123   0 433]]"
    },
    "fold_3_3": {
      "load_data_time": 20.426165145,
      "training_time": 25.117840786,
      "prediction_time": 0.395414168,
      "accuracy_score": 0.365819209039548,
      "f1_macro": 0.291015625,
      "confusion_matrix": "[[  0   0   0 235]\n [  0  21   0 214]\n [  0   0 238   0]\n [  0   0   0   0]]"
    },
    "fold_4_0": {
      "load_data_time": 10.926363959,
      "training_time": 13.596396443,
      "prediction_time": 0.650739237,
      "accuracy_score": 0.5866900175131349,
      "f1_macro": 0.5625873529572432,
      "confusion_matrix": "[[411  27   0  34]\n [195   0   0 277]\n [  0   0 238   0]\n [175   0   0 356]]"
    },
    "fold_4_1": {
      "load_data_time": 14.12866065,
      "training_time": 18.392323136,
      "prediction_time": 0.542597549,
      "accuracy_score": 0.5444915254237288,
      "f1_macro": 0.5261812671210271,
      "confusion_matrix": "[[470   0   0   1]\n [  0   3   0 470]\n [  0   0 472   0]\n [586 233   0 597]]"
    },
    "fold_4_2": {
      "load_data_time": 29.814916116,
      "training_time": 36.985061987,
      "prediction_time": 0.218504614,
      "accuracy_score": 0.4893887945670628,
      "f1_macro": 0.45962109149200864,
      "confusion_matrix": "[[224   1   0 246]\n [217   1   0 254]\n [  0   0 472   0]\n [352 133   0 456]]"
    },
    "fold_4_3": {
      "load_data_time": 20.601680643,
      "training_time": 25.260962623,
      "prediction_time": 0.451992247,
      "accuracy_score": 0.5021186440677966,
      "f1_macro": 0.25,
      "confusion_matrix": "[[  0   0   0 235]\n [  0   0   0 235]\n [  0   0 474   0]\n [  0   0   0   0]]"
    },
    "fold_5_0": {
      "load_data_time": 11.052662761,
      "training_time": 13.733285157,
      "prediction_time": 0.599312704,
      "accuracy_score": 0.6577732170343766,
      "f1_macro": 0.5784391313352271,
      "confusion_matrix": "[[411  19   1  41]\n [218   0   0 254]\n [  0   0 474   0]\n [134   0   0 397]]"
    },
    "fold_5_1": {
      "load_data_time": 14.16370637,
      "training_time": 18.346024085,
      "prediction_time": 0.542130465,
      "accuracy_score": 0.49499615088529636,
      "f1_macro": 0.5239649575472868,
      "confusion_matrix": "[[468   1   0   2]\n [  0   2   0 471]\n [  0   0 238   0]\n [566 272   0 578]]"
    },
    "fold_5_2": {
      "load_data_time": 29.927076707,
      "training_time": 37.012534997,
      "prediction_time": 0.217622109,
      "accuracy_score": 0.49830220713073003,
      "f1_macro": 0.46647691668769325,
      "confusion_matrix": "[[223   1   0 247]\n [223   3   0 246]\n [  0   0 472   0]\n [330 135   0 476]]"
    },
    "fold_5_3": {
      "load_data_time": 20.281154224,
      "training_time": 25.265067815,
      "prediction_time": 0.448805501,
      "accuracy_score": 0.5010615711252654,
      "f1_macro": 0.25,
      "confusion_matrix": "[[  0   0   0 235]\n [  0   0   0 235]\n [  0   0 472   0]\n [  0   0   0   0]]"
    },