{
  "experiment_name": "rauber_de_fe_setup",
  "feature_extraction": "WaveletFeatures",
  "classifier": "RandomForestClassifier",
  "augmentation": false,
  "start_time": "2026-04-30_15-46-15",
  "scores": {
    "fold_0_0": {
      "load_data_time": 0.06607946,
      "training_time": 2.787796204,
      "prediction_time": 0.478082784,
      "accuracy_score": 0.596612779060816,
      "f1_macro": 0.6022438625868031,
      "confusion_matrix": "[[461   9   0   1]\n [  0   0   0 473]\n [  0   0 238   0]\n [238 327   0 851]]"
    },
    "fold_0_1": {
      "load_data_time": 0.05900465,
      "training_time": 2.468050514,
      "prediction_time": 0.583200453,
      "accuracy_score": 0.6137647663071392,
      "f1_macro": 0.5472412082219059,
      "confusion_matrix": "[[418  35   0  19]\n [ 98   0   0 374]\n [  0   0 472   0]\n [219   7   0 305]]"
    },
    "fold_0_2": {
      "load_data_time": 0.085819146,
      "training_time": 3.22427776,
      "prediction_time": 0.228047017,
      "accuracy_score": 0.6612903225806451,
      "f1_macro": 0.6308253754650517,
      "confusion_matrix": "[[370   6   0  95]\n [  4   1   0 467]\n [  0   0 472   0]\n [  0 226   0 715]]"
    },
    "fold_0_3": {
      "load_data_time": 0.055929668,
      "training_time": 2.252147219,
      "prediction_time": 0.687947066,
      "accuracy_score": 0.5190677966101694,
      "f1_macro": 0.28187250996015933,
      "confusion_matrix": "[[  0   0   0 235]\n [  0  16   0 219]\n [  0   0 474   0]\n [  0   0   0   0]]"
    },
    "fold_1_0": {
      "load_data_time": 0.070931769,
      "training_time": 2.7831192,
      "prediction_time": 0.413104978,
      "accuracy_score": 0.6009174311926605,
      "f1_macro": 0.5881820065496888,
      "confusion_matrix": "[[462   9   0   0]\n [  0   0   0 473]\n [  0   0 474   0]\n [259 390   0 767]]"
    },
    "fold_1_1": {
      "load_data_time": 0.063014382,
      "training_time": 2.468503806,
      "prediction_time": 0.566558218,
      "accuracy_score": 0.5539988324576766,
      "f1_macro": 0.5419576583663792,
      "confusion_matrix": "[[413  26   0  33]\n [ 82   0   0 390]\n [  0   0 238   0]\n [227   6   0 298]]"
    },
    "fold_1_2": {
      "load_data_time": 0.080041183,
      "training_time": 3.229652256,
      "prediction_time": 0.225440527,
      "accuracy_score": 0.6808149405772496,
      "f1_macro": 0.639245911606712,
      "confusion_matrix": "[[377  11   0  83]\n [  4   0   0 468]\n [  0   0 472   0]\n [  0 186   0 755]]"
    },
    "fold_1_3": {
      "load_data_time": 0.055581739,
      "training_time": 2.246679532,
      "prediction_time": 0.682163961,
      "accuracy_score": 0.5509554140127388,
      "f1_macro": 0.3333333333333333,
      "confusion_matrix": "[[  0   0   0 235]\n [  0  47   0 188]\n [  0   0 472   0]\n [  0   0   0   0]]"
    },
    "fold_2_0": {
      "load_data_time": 0.068055057,
      "training_time": 2.726026324,
      "prediction_time": 0.465444698,
      "accuracy_score": 0.6126412429378532,
      "f1_macro": 0.5828878100192452,
      "confusion_matrix": "[[460   9   0   2]\n [  0   0   0 473]\n [  0   0 472   0]\n [320 293   0 803]]"
    },
    "fold_2_1": {
      "load_data_time": 0.065208695,
      "training_time": 2.519827244,
      "prediction_time": 0.507527594,
      "accuracy_score": 0.6110826064648538,
      "f1_macro": 0.5429278478952746,
      "confusion_matrix": "[[424  23   0  25]\n [ 93   0   0 379]\n [  0   0 474   0]\n [232   6   0 293]]"
    },
    "fold_2_2": {
      "load_data_time": 0.08149048,
      "training_time": 3.196511628,
      "prediction_time": 0.224735212,
      "accuracy_score": 0.6050895381715363,
      "f1_macro": 0.6261513782922623,
      "confusion_matrix": "[[359  10   0 102]\n [ 10  10   0 452]\n [  0   0 238   0]\n [  0 264   0 677]]"
    },
    "fold_2_3": {
      "load_data_time": 0.057690764,
      "training_time": 2.248078328,
      "prediction_time": 0.677306508,
      "accuracy_score": 0.5435244161358811,
      "f1_macro": 0.32272727272727275,
      "confusion_matrix": "[[  0   0   0 235]\n [  0  40   0 195]\n [  0   0 472   0]\n [  0   0   0   0]]"
    },
    "fold_3_0": {
      "load_data_time": 0.065648666,
      "training_time": 2.730210461,
      "prediction_time": 0.464526024,
      "accuracy_score": 0.6154661016949152,
      "f1_macro": 0.5848480281403353,
      "confusion_matrix": "[[463   8   0   0]\n [  0   0   0 473]\n [  0   0 472   0]\n [317 291   0 808]]"
    },
    "fold_3_1": {
      "load_data_time": 0.063100855,
      "training_time": 2.461614027,
      "prediction_time": 0.561795648,
      "accuracy_score": 0.6040061633281972,
      "f1_macro": 0.5372307105881852,
      "confusion_matrix": "[[411  22   0  39]\n [113   0   0 359]\n [  0   0 472   0]\n [232   6   0 293]]"
    },
    "fold_3_2": {
      "load_data_time": 0.084015589,
      "training_time": 3.294932914,
      "prediction_time": 0.169495007,
      "accuracy_score": 0.6573367260390162,
      "f1_macro": 0.6246793972183776,
      "confusion_matrix": "[[355   7   0 109]\n [  5   0   0 467]\n [  0   0 474   0]\n [  0 220   0 721]]"
    },
    "fold_3_3": {
      "load_data_time": 0.071030414,
      "training_time": 2.785992815,
      "prediction_time": 0.409628344,
      "accuracy_score": 0.3361581920903955,
      "f1_macro": 0.25,
      "confusion_matrix": "[[  0   0   0 235]\n [  0   0   0 235]\n [  0   0 238   0]\n [  0   0   0   0]]"
    },
    "fold_4_0": {
      "load_data_time": 0.05804615,
      "training_time": 2.228614805,
      "prediction_time": 0.67476722,
      "accuracy_score": 0.5650904845300642,
      "f1_macro": 0.549710216828455,
      "confusion_matrix": "[[422  37   0  13]\n [105   0   0 367]\n [  0   0 238   0]\n [218   5   0 308]]"
    },
    "fold_4_1": {
      "load_data_time": 0.061528392,
      "training_time": 2.462169316,
      "prediction_time": 0.559711803,
      "accuracy_score": 0.6334745762711864,
      "f1_macro": 0.6016210837648117,
      "confusion_matrix": "[[464   7   0   0]\n [  0   0   0 473]\n [  0   0 472   0]\n [252 306   0 858]]"
    },
    "fold_4_2": {
      "load_data_time": 0.082071053,
      "training_time": 3.209029397,
      "prediction_time": 0.226347433,
      "accuracy_score": 0.6608658743633277,
      "f1_macro": 0.6267860579892743,
      "confusion_matrix": "[[354   7   0 110]\n [  3   1   0 468]\n [  0   0 472   0]\n [  0 211   0 730]]"
    },
    "fold_4_3": {
      "load_data_time": 0.067971921,
      "training_time": 2.726945837,
      "prediction_time": 0.4630236,
      "accuracy_score": 0.5826271186440678,
      "f1_macro": 0.3721864951768489,
      "confusion_matrix": "[[  0   0   0 235]\n [  0  76   0 159]\n [  0   0 474   0]\n [  0   0   0   0]]"
    },
    "fold_5_0": {
      "load_data_time": 0.060155518,
      "training_time": 2.291189513,
      "prediction_time": 0.617940191,
      "accuracy_score": 0.6074910210364289,
      "f1_macro": 0.540187701616273,
      "confusion_matrix": "[[417  28   0  27]\n [102   0   0 370]\n [  0   0 474   0]\n [234   4   0 293]]"
    },
    "fold_5_1": {
      "load_data_time": 0.062897717,
      "training_time": 2.442032133,
      "prediction_time": 0.559780559,
      "accuracy_score": 0.5712086220169361,
      "f1_macro": 0.5920283307199616,
      "confusion_matrix": "[[462   8   0   1]\n [  0   0   0 473]\n [  0   0 238   0]\n [249 383   0 784]]"
    },
    "fold_5_2": {
      "load_data_time": 0.079012723,
      "training_time": 3.218087406,
      "prediction_time": 0.225054325,
      "accuracy_score": 0.6362478777589134,
      "f1_macro": 0.6235446299591328,
      "confusion_matrix": "[[345   8   0 118]\n [  2  15   0 455]\n [  0   0 472   0]\n [  0 274   0 667]]"
    },
    "fold_5_3": {
      "load_data_time": 0.065754231,
      "training_time": 2.717710521,
      "prediction_time": 0.464243593,
      "accuracy_score": 0.5265392781316348,
      "f1_macro": 0.29633204633204635,