{
  "experiment_name": "rauber_de_fe_setup",
  "feature_extraction": "WaveletFeatures",
  "classifier": "RandomForestClassifier",
  "augmentation": false,
  "start_time": "2026-05-01_22-06-20",
  "scores": {
    "fold_0_0": {
      "load_data_time": 0.065842115,
      "training_time": 2.738802685,
      "prediction_time": 0.467080675,
      "accuracy_score": 0.5723633564280216,
      "f1_macro": 0.5912032477684326,
      "confusion_matrix": "[[461  10   0   0]\n [  0   0   0 473]\n [  0   0 238   0]\n [256 372   0 788]]"
    },
    "fold_0_1": {
      "load_data_time": 0.059720868,
      "training_time": 2.435672716,
      "prediction_time": 0.563269212,
      "accuracy_score": 0.6271186440677966,
      "f1_macro": 0.5592991588296059,
      "confusion_matrix": "[[406  25   0  41]\n [ 77   0   0 395]\n [  0   0 472   0]\n [183   5   0 343]]"
    },
    "fold_0_2": {
      "load_data_time": 0.081591891,
      "training_time": 3.175781546,
      "prediction_time": 0.220975762,
      "accuracy_score": 0.6494057724957555,
      "f1_macro": 0.6211764213353089,
      "confusion_matrix": "[[352   4   0 115]\n [  7   1   0 464]\n [  0   0 472   0]\n [  0 236   0 705]]"
    },
    "fold_0_3": {
      "load_data_time": 0.05734065,
      "training_time": 2.205910626,
      "prediction_time": 0.675882702,
      "accuracy_score": 0.559322033898305,
      "f1_macro": 0.34342560553633217,
      "confusion_matrix": "[[  0   0   0 235]\n [  0  54   0 181]\n [  0   0 474   0]\n [  0   0   0   0]]"
    },
    "fold_1_0": {
      "load_data_time": 0.069766172,
      "training_time": 2.764724285,
      "prediction_time": 0.403983683,
      "accuracy_score": 0.6118560338743825,
      "f1_macro": 0.5889865504760925,
      "confusion_matrix": "[[465   6   0   0]\n [  0   0   0 473]\n [  0   0 474   0]\n [282 339   0 795]]"
    },
    "fold_1_1": {
      "load_data_time": 0.063227616,
      "training_time": 2.45459284,
      "prediction_time": 0.558116029,
      "accuracy_score": 0.545826036193812,
      "f1_macro": 0.5360032114083747,
      "confusion_matrix": "[[406  24   0  42]\n [ 80   0   0 392]\n [  0   0 238   0]\n [235   5   0 291]]"
    },
    "fold_1_2": {
      "load_data_time": 0.080583694,
      "training_time": 3.188824149,
      "prediction_time": 0.221556005,
      "accuracy_score": 0.6413412563667232,
      "f1_macro": 0.6159861392141177,
      "confusion_matrix": "[[347  20   0 104]\n [ 15   0   0 457]\n [  0   0 472   0]\n [  0 249   0 692]]"
    },
    "fold_1_3": {
      "load_data_time": 0.055732509,
      "training_time": 2.21957091,
      "prediction_time": 0.667617062,
      "accuracy_score": 0.5116772823779193,
      "f1_macro": 0.27040816326530615,
      "confusion_matrix": "[[  0   0   0 235]\n [  0  10   0 225]\n [  0   0 472   0]\n [  0   0   0   0]]"
    },
    "fold_2_0": {
      "load_data_time": 0.06872091,
      "training_time": 2.692089401,
      "prediction_time": 0.455984171,
      "accuracy_score": 0.635593220338983,
      "f1_macro": 0.6187610684278505,
      "confusion_matrix": "[[461  10   0   0]\n [  0   0   0 473]\n [  0   0 472   0]\n [158 391   0 867]]"
    },
    "fold_2_1": {
      "load_data_time": 0.065902162,
      "training_time": 2.50034445,
      "prediction_time": 0.496714937,
      "accuracy_score": 0.6172396100564392,
      "f1_macro": 0.5516794178018287,
      "confusion_matrix": "[[399  42   0  31]\n [ 99   0   0 373]\n [  0   0 474   0]\n [195   6   0 330]]"
    },
    "fold_2_2": {
      "load_data_time": 0.082315173,
      "training_time": 3.192262199,
      "prediction_time": 0.222949283,
      "accuracy_score": 0.5923656927426956,
      "f1_macro": 0.6102104101297254,
      "confusion_matrix": "[[331  10   0 130]\n [  5   1   0 466]\n [  0   0 238   0]\n [  0 254   0 687]]"
    },
    "fold_2_3": {
      "load_data_time": 0.058079057,
      "training_time": 2.209267969,
      "prediction_time": 0.6656121,
      "accuracy_score": 0.5127388535031847,
      "f1_macro": 0.27235772357723576,
      "confusion_matrix": "[[  0   0   0 235]\n [  0  11   0 224]\n [  0   0 472   0]\n [  0   0   0   0]]"
    },
    "fold_3_0": {
      "load_data_time": 0.06663001,
      "training_time": 2.686034997,
      "prediction_time": 0.456340792,
      "accuracy_score": 0.5981638418079096,
      "f1_macro": 0.5825193318898856,
      "confusion_matrix": "[[461  10   0   0]\n [  0   0   0 473]\n [  0   0 472   0]\n [288 367   0 761]]"
    },
    "fold_3_1": {
      "load_data_time": 0.064283953,
      "training_time": 2.427187562,
      "prediction_time": 0.551498083,
      "accuracy_score": 0.6147919876733436,
      "f1_macro": 0.5463089662472507,
      "confusion_matrix": "[[422  21   0  29]\n [ 91   0   0 381]\n [  0   0 472   0]\n [224   4   0 303]]"
    },
    "fold_3_2": {
      "load_data_time": 0.084308061,
      "training_time": 3.242194239,
      "prediction_time": 0.167273612,
      "accuracy_score": 0.6543681085665819,
      "f1_macro": 0.6216577482228052,
      "confusion_matrix": "[[347   7   0 117]\n [  4   0   0 468]\n [  0   0 474   0]\n [  0 219   0 722]]"
    },
    "fold_3_3": {
      "load_data_time": 0.071280284,
      "training_time": 2.765389204,
      "prediction_time": 0.40089643,
      "accuracy_score": 0.3615819209039548,
      "f1_macro": 0.2855731225296443,
      "confusion_matrix": "[[  0   0   0 235]\n [  0  18   0 217]\n [  0   0 238   0]\n [  0   0   0   0]]"
    },
    "fold_4_0": {
      "load_data_time": 0.058585229,
      "training_time": 2.203269904,
      "prediction_time": 0.660169573,
      "accuracy_score": 0.5499124343257443,
      "f1_macro": 0.5389941416494296,
      "confusion_matrix": "[[411  36   0  25]\n [ 93   0   0 379]\n [  0   0 238   0]\n [235   3   0 293]]"
    },
    "fold_4_1": {
      "load_data_time": 0.062520435,
      "training_time": 2.448837169,
      "prediction_time": 0.550332536,
      "accuracy_score": 0.6461864406779662,
      "f1_macro": 0.6099758129435146,
      "confusion_matrix": "[[461   9   0   1]\n [  0   0   0 473]\n [  0   0 472   0]\n [226 293   0 897]]"
    },
    "fold_4_2": {
      "load_data_time": 0.082987234,
      "training_time": 3.179053393,
      "prediction_time": 0.221475324,
      "accuracy_score": 0.6595925297113752,
      "f1_macro": 0.625217259071336,
      "confusion_matrix": "[[355   7   0 109]\n [  7   0   0 465]\n [  0   0 472   0]\n [  0 214   0 727]]"
    },
    "fold_4_3": {
      "load_data_time": 0.068751377,
      "training_time": 2.676292886,
      "prediction_time": 0.457570499,
      "accuracy_score": 0.5434322033898306,
      "f1_macro": 0.32116788321167883,
      "confusion_matrix": "[[  0   0   0 235]\n [  0  39   0 196]\n [  0   0 474   0]\n [  0   0   0   0]]"
    },
    "fold_5_0": {
      "load_data_time": 0.060394579,
      "training_time": 2.279356973,
      "prediction_time": 0.608018732,
      "accuracy_score": 0.6080041046690611,
      "f1_macro": 0.5427017090620032,
      "confusion_matrix": "[[407  30   0  35]\n [ 84   0   0 388]\n [  0   0 474   0]\n [221   6   0 304]]"
    },
    "fold_5_1": {
      "load_data_time": 0.063565942,
      "training_time": 2.427408448,
      "prediction_time": 0.55082978,
      "accuracy_score": 0.5561970746728252,
      "f1_macro": 0.5836393105629348,
      "confusion_matrix": "[[461  10   0   0]\n [  0   0   0 473]\n [  0   0 238   0]\n [268 402   0 746]]"
    },
    "fold_5_2": {
      "load_data_time": 0.079713288,
      "training_time": 3.211848321,
      "prediction_time": 0.222206575,
      "accuracy_score": 0.6460101867572157,
      "f1_macro": 0.6229364711773044,
      "confusion_matrix": "[[355   8   0 108]\n [  3   3   0 466]\n [  0   0 472   0]\n [  0 249   0 692]]"
    },
    "fold_5_3": {
      "load_data_time": 0.066094042,
      "training_time": 2.686259885,
      "prediction_time": 0.458131837,
      "accuracy_score": 0.5382165605095541,
      "f1_macro": 0.3148148148148148,