{
  "experiment_name": "rauber_de_fe_setup",
  "feature_extraction": "WaveletFeatures",
  "classifier": "RandomForestClassifier",
  "augmentation": false,
  "start_time": "2026-05-01_05-49-06",
  "scores": {
    "fold_0_0": {
      "load_data_time": 0.065596702,
      "training_time": 2.759404134,
      "prediction_time": 0.473745911,
      "accuracy_score": 0.5665896843725943,
      "f1_macro": 0.5857194838702482,
      "confusion_matrix": "[[463   7   0   1]\n [  0   0   0 473]\n [  0   0 238   0]\n [279 366   0 771]]"
    },
    "fold_0_1": {
      "load_data_time": 0.059048202,
      "training_time": 2.475176345,
      "prediction_time": 0.571326514,
      "accuracy_score": 0.6127375449409348,
      "f1_macro": 0.5447262992849186,
      "confusion_matrix": "[[419  27   0  26]\n [102   0   0 370]\n [  0   0 472   0]\n [226   3   0 302]]"
    },
    "fold_0_2": {
      "load_data_time": 0.081596416,
      "training_time": 3.204606803,
      "prediction_time": 0.225000279,
      "accuracy_score": 0.6693548387096774,
      "f1_macro": 0.6298762291253035,
      "confusion_matrix": "[[360   8   0 103]\n [  8   0   0 464]\n [  0   0 472   0]\n [  0 196   0 745]]"
    },
    "fold_0_3": {
      "load_data_time": 0.056228356,
      "training_time": 2.235128462,
      "prediction_time": 0.684879857,
      "accuracy_score": 0.548728813559322,
      "f1_macro": 0.32885304659498205,
      "confusion_matrix": "[[  0   0   0 235]\n [  0  44   0 191]\n [  0   0 474   0]\n [  0   0   0   0]]"
    },
    "fold_1_0": {
      "load_data_time": 0.070875487,
      "training_time": 2.787511626,
      "prediction_time": 0.41101686,
      "accuracy_score": 0.6280875088214538,
      "f1_macro": 0.6049137588426993,
      "confusion_matrix": "[[461   9   0   1]\n [  0   0   0 473]\n [  0   0 474   0]\n [218 353   0 845]]"
    },
    "fold_1_1": {
      "load_data_time": 0.063132371,
      "training_time": 2.464014316,
      "prediction_time": 0.566224186,
      "accuracy_score": 0.5504962054874489,
      "f1_macro": 0.5381494633416992,
      "confusion_matrix": "[[411  26   0  35]\n [104   0   0 368]\n [  0   0 238   0]\n [233   4   0 294]]"
    },
    "fold_1_2": {
      "load_data_time": 0.079726742,
      "training_time": 3.223086316,
      "prediction_time": 0.224790587,
      "accuracy_score": 0.6481324278438031,
      "f1_macro": 0.6169724318193026,
      "confusion_matrix": "[[336  11   0 124]\n [  3   0   0 469]\n [  0   0 472   0]\n [  0 222   0 719]]"
    },
    "fold_1_3": {
      "load_data_time": 0.055452761,
      "training_time": 2.248633746,
      "prediction_time": 0.679130232,
      "accuracy_score": 0.5233545647558386,
      "f1_macro": 0.291015625,
      "confusion_matrix": "[[  0   0   0 235]\n [  0  21   0 214]\n [  0   0 472   0]\n [  0   0   0   0]]"
    },
    "fold_2_0": {
      "load_data_time": 0.068840044,
      "training_time": 2.718175375,
      "prediction_time": 0.464701667,
      "accuracy_score": 0.6419491525423728,
      "f1_macro": 0.6055920136920707,
      "confusion_matrix": "[[464   7   0   0]\n [  0   0   0 473]\n [  0   0 472   0]\n [246 288   0 882]]"
    },
    "fold_2_1": {
      "load_data_time": 0.066062446,
      "training_time": 2.536753751,
      "prediction_time": 0.505151029,
      "accuracy_score": 0.6254489481785531,
      "f1_macro": 0.5561783275351114,
      "confusion_matrix": "[[425  34   0  13]\n [ 88   0   0 384]\n [  0   0 474   0]\n [209   2   0 320]]"
    },
    "fold_2_2": {
      "load_data_time": 0.081775894,
      "training_time": 3.197507689,
      "prediction_time": 0.224354172,
      "accuracy_score": 0.5918944392082941,
      "f1_macro": 0.6254951392758892,
      "confusion_matrix": "[[364   8   0  99]\n [  5  14   0 453]\n [  0   0 238   0]\n [  0 301   0 640]]"
    },
    "fold_2_3": {
      "load_data_time": 0.057766601,
      "training_time": 2.239988672,
      "prediction_time": 0.677219758,
      "accuracy_score": 0.5339702760084926,
      "f1_macro": 0.3082706766917293,
      "confusion_matrix": "[[  0   0   0 235]\n [  0  31   0 204]\n [  0   0 472   0]\n [  0   0   0   0]]"
    },
    "fold_3_0": {
      "load_data_time": 0.066642802,
      "training_time": 2.726108256,
      "prediction_time": 0.464399551,
      "accuracy_score": 0.600635593220339,
      "f1_macro": 0.5807763949401326,
      "confusion_matrix": "[[462   8   0   1]\n [  0   0   0 473]\n [  0   0 472   0]\n [306 343   0 767]]"
    },
    "fold_3_1": {
      "load_data_time": 0.063122806,
      "training_time": 2.452829308,
      "prediction_time": 0.560840156,
      "accuracy_score": 0.6070878274268104,
      "f1_macro": 0.5414716073069884,
      "confusion_matrix": "[[408  30   0  34]\n [ 93   0   0 379]\n [  0   0 472   0]\n [225   4   0 302]]"
    },
    "fold_3_2": {
      "load_data_time": 0.084186431,
      "training_time": 3.276046277,
      "prediction_time": 0.170502294,
      "accuracy_score": 0.6632739609838847,
      "f1_macro": 0.6236989390081273,
      "confusion_matrix": "[[355   8   0 108]\n [ 17   0   0 455]\n [  0   0 474   0]\n [  4 202   0 735]]"
    },
    "fold_3_3": {
      "load_data_time": 0.070873212,
      "training_time": 2.778295143,
      "prediction_time": 0.409270399,
      "accuracy_score": 0.3728813559322034,
      "f1_macro": 0.2998084291187739,
      "confusion_matrix": "[[  0   0   0 235]\n [  0  26   0 209]\n [  0   0 238   0]\n [  0   0   0   0]]"
    },
    "fold_4_0": {
      "load_data_time": 0.057685634,
      "training_time": 2.223583748,
      "prediction_time": 0.6737029,
      "accuracy_score": 0.5417396380618797,
      "f1_macro": 0.5334724648935482,
      "confusion_matrix": "[[398  38   0  36]\n [107   0   0 365]\n [  0   0 238   0]\n [235   4   0 292]]"
    },
    "fold_4_1": {
      "load_data_time": 0.061311818,
      "training_time": 2.461562777,
      "prediction_time": 0.560269808,
      "accuracy_score": 0.6186440677966102,
      "f1_macro": 0.6003578992801909,
      "confusion_matrix": "[[463   8   0   0]\n [  0   0   0 473]\n [  0   0 472   0]\n [227 372   0 817]]"
    },
    "fold_4_2": {
      "load_data_time": 0.081167574,
      "training_time": 3.21178056,
      "prediction_time": 0.22630023,
      "accuracy_score": 0.633276740237691,
      "f1_macro": 0.6160169143873708,
      "confusion_matrix": "[[355  10   0 106]\n [  9   1   0 462]\n [  0   0 472   0]\n [  0 277   0 664]]"
    },
    "fold_4_3": {
      "load_data_time": 0.068158843,
      "training_time": 2.728674158,
      "prediction_time": 0.464322405,
      "accuracy_score": 0.534957627118644,
      "f1_macro": 0.3082706766917293,
      "confusion_matrix": "[[  0   0   0 235]\n [  0  31   0 204]\n [  0   0 474   0]\n [  0   0   0   0]]"
    },
    "fold_5_0": {
      "load_data_time": 0.060295692,
      "training_time": 2.295375193,
      "prediction_time": 0.617813752,
      "accuracy_score": 0.6080041046690611,
      "f1_macro": 0.5426188475912828,
      "confusion_matrix": "[[411  48   3  10]\n [110   0   0 362]\n [  0   0 474   0]\n [225   6   0 300]]"
    },
    "fold_5_1": {
      "load_data_time": 0.062887609,
      "training_time": 2.456832143,
      "prediction_time": 0.557828752,
      "accuracy_score": 0.588144726712856,
      "f1_macro": 0.6063037847691878,
      "confusion_matrix": "[[461  10   0   0]\n [  0   0   0 473]\n [  0   0 238   0]\n [199 388   0 829]]"
    },
    "fold_5_2": {
      "load_data_time": 0.07940943,
      "training_time": 3.20276857,
      "prediction_time": 0.225504945,
      "accuracy_score": 0.6375212224108658,
      "f1_macro": 0.6130472734081572,
      "confusion_matrix": "[[339   3   0 129]\n [  5   0   0 467]\n [  0   0 472   0]\n [  0 250   0 691]]"
    },
    "fold_5_3": {
      "load_data_time": 0.065453535,
      "training_time": 2.727413772,
      "prediction_time": 0.463830555,
      "accuracy_score": 0.5498938428874734,
      "f1_macro": 0.3318505338078292,