{
  "experiment_name": "rauber_de_fe_setup",
  "feature_extraction": "WaveletFeatures",
  "classifier": "RandomForestClassifier",
  "augmentation": true,
  "start_time": "2026-04-30_22-27-09",
  "scores": {
    "fold_0_0": {
      "load_data_time": 20.449611161,
      "training_time": 25.992842261,
      "prediction_time": 0.463843736,
      "accuracy_score": 0.48768283294842185,
      "f1_macro": 0.5203262358277092,
      "confusion_matrix": "[[470   1   0   0]\n [  0   3   0 470]\n [  0   0 238   0]\n [580 280   0 556]]"
    },
    "fold_0_1": {
      "load_data_time": 13.99206499,
      "training_time": 18.263522176,
      "prediction_time": 0.558832031,
      "accuracy_score": 0.6260914227015922,
      "f1_macro": 0.5544447027822986,
      "confusion_matrix": "[[406  29   0  37]\n [208   0   0 264]\n [  0   0 472   0]\n [190   0   0 341]]"
    },
    "fold_0_2": {
      "load_data_time": 29.661467382,
      "training_time": 37.557511705,
      "prediction_time": 0.220386934,
      "accuracy_score": 0.4898132427843803,
      "f1_macro": 0.4580223752315109,
      "confusion_matrix": "[[215   4   0 252]\n [217   1   0 254]\n [  0   0 472   0]\n [356 119   0 466]]"
    },
    "fold_0_3": {
      "load_data_time": 10.891731735,
      "training_time": 13.805431609,
      "prediction_time": 0.671627376,
      "accuracy_score": 0.5021186440677966,
      "f1_macro": 0.25,
      "confusion_matrix": "[[  0   0   0 235]\n [  0   0   0 235]\n [  0   0 474   0]\n [  0   0   0   0]]"
    },
    "fold_1_0": {
      "load_data_time": 20.1787221,
      "training_time": 25.570928917,
      "prediction_time": 0.39908215,
      "accuracy_score": 0.545165843330981,
      "f1_macro": 0.5306271228314645,
      "confusion_matrix": "[[468   1   0   2]\n [  0   6   0 467]\n [  0   0 474   0]\n [558 261   0 597]]"
    },
    "fold_1_1": {
      "load_data_time": 14.185890346,
      "training_time": 18.575396076,
      "prediction_time": 0.549567996,
      "accuracy_score": 0.5732632807939287,
      "f1_macro": 0.5512541909434394,
      "confusion_matrix": "[[421  19   0  32]\n [217   0   0 255]\n [  0   0 238   0]\n [208   0   0 323]]"
    },
    "fold_1_2": {
      "load_data_time": 29.554465184,
      "training_time": 37.587894725,
      "prediction_time": 0.220657176,
      "accuracy_score": 0.5,
      "f1_macro": 0.4676253686013892,
      "confusion_matrix": "[[239   1   0 231]\n [210   1   0 261]\n [  0   0 472   0]\n [350 125   0 466]]"
    },
    "fold_1_3": {
      "load_data_time": 10.740473344,
      "training_time": 13.766052113,
      "prediction_time": 0.662493945,
      "accuracy_score": 0.524416135881104,
      "f1_macro": 0.2928015564202335,
      "confusion_matrix": "[[  0   0   0 235]\n [  0  22   0 213]\n [  0   0 472   0]\n [  0   0   0   0]]"
    },
    "fold_2_0": {
      "load_data_time": 20.376184578,
      "training_time": 25.254249104,
      "prediction_time": 0.45532572,
      "accuracy_score": 0.528954802259887,
      "f1_macro": 0.5245171455130362,
      "confusion_matrix": "[[469   1   0   1]\n [  0   4   0 469]\n [  0   0 472   0]\n [538 325   0 553]]"
    },
    "fold_2_1": {
      "load_data_time": 14.037404365,
      "training_time": 18.488465904,
      "prediction_time": 0.493978644,
      "accuracy_score": 0.624935864545921,
      "f1_macro": 0.552199484805361,
      "confusion_matrix": "[[420  26   0  26]\n [192   0   0 280]\n [  0   0 474   0]\n [207   0   0 324]]"
    },
    "fold_2_2": {
      "load_data_time": 29.59589448,
      "training_time": 37.92178793,
      "prediction_time": 0.220234887,
      "accuracy_score": 0.42836946277097077,
      "f1_macro": 0.45826969584607147,
      "confusion_matrix": "[[221   1   0 249]\n [213   3   0 256]\n [  0   0 238   0]\n [354 140   0 447]]"
    },
    "fold_2_3": {
      "load_data_time": 10.594920091,
      "training_time": 13.826022458,
      "prediction_time": 0.657019724,
      "accuracy_score": 0.5021231422505308,
      "f1_macro": 0.2521186440677966,
      "confusion_matrix": "[[  0   0   0 235]\n [  0   1   0 234]\n [  0   0 472   0]\n [  0   0   0   0]]"
    },
    "fold_3_0": {
      "load_data_time": 19.711207833,
      "training_time": 25.421470983,
      "prediction_time": 0.453247749,
      "accuracy_score": 0.534957627118644,
      "f1_macro": 0.5223346535658064,
      "confusion_matrix": "[[468   0   0   3]\n [  2   6   0 465]\n [  0   0 472   0]\n [596 251   0 569]]"
    },
    "fold_3_1": {
      "load_data_time": 13.795254943,
      "training_time": 18.318785868,
      "prediction_time": 0.54825009,
      "accuracy_score": 0.6266050333846944,
      "f1_macro": 0.5570082252289071,
      "confusion_matrix": "[[402  45   0  25]\n [202   0   0 270]\n [  0   0 472   0]\n [185   0   0 346]]"
    },
    "fold_3_2": {
      "load_data_time": 29.252571062,
      "training_time": 37.389058435,
      "prediction_time": 0.165251851,
      "accuracy_score": 0.5127226463104325,
      "f1_macro": 0.4771088754650704,
      "confusion_matrix": "[[248   0   0 223]\n [204   2   0 266]\n [  0   0 474   0]\n [332 124   0 485]]"
    },
    "fold_3_3": {
      "load_data_time": 19.913090858,
      "training_time": 25.334559701,
      "prediction_time": 0.399483382,
      "accuracy_score": 0.423728813559322,
      "f1_macro": 0.35437710437710435,
      "confusion_matrix": "[[  0   0   0 235]\n [  0  62   0 173]\n [  0   0 238   0]\n [  0   0   0   0]]"
    },
    "fold_4_0": {
      "load_data_time": 10.651153899,
      "training_time": 13.732531413,
      "prediction_time": 0.660288631,
      "accuracy_score": 0.5668417980151781,
      "f1_macro": 0.5511675305721906,
      "confusion_matrix": "[[400  49   0  23]\n [212   0   0 260]\n [  0   0 238   0]\n [198   0   0 333]]"
    },
    "fold_4_1": {
      "load_data_time": 13.758298287,
      "training_time": 18.447091584,
      "prediction_time": 0.547474483,
      "accuracy_score": 0.5384887005649718,
      "f1_macro": 0.5290291314247414,
      "confusion_matrix": "[[470   0   0   1]\n [  0   5   0 468]\n [  0   0 472   0]\n [542 296   0 578]]"
    },
    "fold_4_2": {
      "load_data_time": 29.410864815,
      "training_time": 37.337917983,
      "prediction_time": 0.219585104,
      "accuracy_score": 0.4673174872665535,
      "f1_macro": 0.44314685774772833,
      "confusion_matrix": "[[199   0   0 272]\n [225   3   0 244]\n [  0   0 472   0]\n [392 122   0 427]]"
    },
    "fold_4_3": {
      "load_data_time": 19.938177392,
      "training_time": 25.247515778,
      "prediction_time": 0.453570575,
      "accuracy_score": 0.5021186440677966,
      "f1_macro": 0.25,
      "confusion_matrix": "[[  0   0   0 235]\n [  0   0   0 235]\n [  0   0 474   0]\n [  0   0   0   0]]"
    },
    "fold_5_0": {
      "load_data_time": 10.814643999,
      "training_time": 13.829657923,
      "prediction_time": 0.603220899,
      "accuracy_score": 0.62955361723961,
      "f1_macro": 0.5565222077908252,
      "confusion_matrix": "[[406  25   0  41]\n [202   0   0 270]\n [  0   0 474   0]\n [184   0   0 347]]"
    },
    "fold_5_1": {
      "load_data_time": 13.926763317,
      "training_time": 18.41587732,
      "prediction_time": 0.546474365,
      "accuracy_score": 0.4857582755966128,
      "f1_macro": 0.5157544414647036,
      "confusion_matrix": "[[469   0   0   2]\n [  0   5   0 468]\n [  0   0 238   0]\n [630 236   0 550]]"
    },
    "fold_5_2": {
      "load_data_time": 29.385361705,
      "training_time": 37.181798088,
      "prediction_time": 0.220051043,
      "accuracy_score": 0.4876910016977929,
      "f1_macro": 0.45699572449196735,
      "confusion_matrix": "[[221   0   0 250]\n [214   1   0 257]\n [  0   0 472   0]\n [370 116   0 455]]"
    },
    "fold_5_3": {
      "load_data_time": 20.385129325,
      "training_time": 25.371162192,
      "prediction_time": 0.453499733,
      "accuracy_score": 0.5201698513800425,
      "f1_macro": 0.2855731225296443,