{
  "experiment_name": "rauber_loca_et_al_setup",
  "feature_extraction": "WaveletFeatures",
  "classifier": "RandomForestClassifier",
  "augmentation": false,
  "start_time": "2026-05-01_04-45-58",
  "scores": {
    "fold_0_0": {
      "load_data_time": 0.038434299,
      "training_time": 1.425406775,
      "prediction_time": 0.221801496,
      "accuracy_score": 0.6023076923076923,
      "f1_macro": 0.655863073561544,
      "confusion_matrix": "[[236   0   0   0]\n [  0   0   0 237]\n [  0   0 119   0]\n [  0 280   0 428]]"
    },
    "fold_0_1": {
      "load_data_time": 0.031301821,
      "training_time": 1.134123203,
      "prediction_time": 0.330445768,
      "accuracy_score": 0.4989406779661017,
      "f1_macro": 0.40319426336375486,
      "confusion_matrix": "[[235   0   0   1]\n [ 60   0   0 176]\n [  0   0 236   0]\n [236   0   0   0]]"
    },
    "fold_0_2": {
      "load_data_time": 0.044088638,
      "training_time": 1.46831716,
      "prediction_time": 0.163993698,
      "accuracy_score": 0.7429378531073446,
      "f1_macro": 0.7840152696718876,
      "confusion_matrix": "[[232   1   0   3]\n [  6 149   0  81]\n [  0   0 236   0]\n [  3 270   0 435]]"
    },
    "fold_0_3": {
      "load_data_time": 0.033437782,
      "training_time": 1.165307606,
      "prediction_time": 0.329868373,
      "accuracy_score": 0.3352192362093352,
      "f1_macro": 0.25,
      "confusion_matrix": "[[  0   0   0 235]\n [  0   0   0 235]\n [  0   0 237   0]\n [  0   0   0   0]]"
    },
    "fold_1_0": {
      "load_data_time": 0.040245148,
      "training_time": 1.433666519,
      "prediction_time": 0.192238549,
      "accuracy_score": 0.6438645980253879,
      "f1_macro": 0.6588447653429603,
      "confusion_matrix": "[[236   0   0   0]\n [  0   0   0 237]\n [  0   0 237   0]\n [  0 268   0 440]]"
    },
    "fold_1_1": {
      "load_data_time": 0.033146768,
      "training_time": 1.1300989,
      "prediction_time": 0.327627822,
      "accuracy_score": 0.4280532043530834,
      "f1_macro": 0.4033942558746736,
      "confusion_matrix": "[[235   0   0   1]\n [ 59   0   0 177]\n [  0   0 119   0]\n [236   0   0   0]]"
    },
    "fold_1_2": {
      "load_data_time": 0.042597224,
      "training_time": 1.459221145,
      "prediction_time": 0.16398079,
      "accuracy_score": 0.7584745762711864,
      "f1_macro": 0.7936167218938048,
      "confusion_matrix": "[[232   2   0   2]\n [  6 148   0  82]\n [  0   0 236   0]\n [  2 248   0 458]]"
    },
    "fold_1_3": {
      "load_data_time": 0.032098073,
      "training_time": 1.165849694,
      "prediction_time": 0.326969212,
      "accuracy_score": 0.3342776203966006,
      "f1_macro": 0.25,
      "confusion_matrix": "[[  0   0   0 235]\n [  0   0   0 235]\n [  0   0 236   0]\n [  0   0   0   0]]"
    },
    "fold_2_0": {
      "load_data_time": 0.039044679,
      "training_time": 1.385968922,
      "prediction_time": 0.219414497,
      "accuracy_score": 0.6429075511644319,
      "f1_macro": 0.6585982658959537,
      "confusion_matrix": "[[236   0   0   0]\n [  0   0   0 237]\n [  0   0 236   0]\n [  0 269   0 439]]"
    },
    "fold_2_1": {
      "load_data_time": 0.03472919,
      "training_time": 1.154870228,
      "prediction_time": 0.300975896,
      "accuracy_score": 0.49947089947089945,
      "f1_macro": 0.4025974025974026,
      "confusion_matrix": "[[235   0   0   1]\n [ 63   0   0 173]\n [  0   0 237   0]\n [236   0   0   0]]"
    },
    "fold_2_2": {
      "load_data_time": 0.043871448,
      "training_time": 1.453437391,
      "prediction_time": 0.164061734,
      "accuracy_score": 0.7005388760585065,
      "f1_macro": 0.7651708554788458,
      "confusion_matrix": "[[232   1   0   3]\n [  5 122   0 109]\n [  0   0 119   0]\n [  2 269   0 437]]"
    },
    "fold_2_3": {
      "load_data_time": 0.033746471,
      "training_time": 1.167083683,
      "prediction_time": 0.327619899,
      "accuracy_score": 0.3342776203966006,
      "f1_macro": 0.25,
      "confusion_matrix": "[[  0   0   0 235]\n [  0   0   0 235]\n [  0   0 236   0]\n [  0   0   0   0]]"
    },
    "fold_3_0": {
      "load_data_time": 0.037752621,
      "training_time": 1.385492445,
      "prediction_time": 0.217910655,
      "accuracy_score": 0.6492589978828511,
      "f1_macro": 0.6608040201005025,
      "confusion_matrix": "[[236   0   0   0]\n [  0   0   0 237]\n [  0   0 236   0]\n [  0 260   0 448]]"
    },
    "fold_3_1": {
      "load_data_time": 0.033383903,
      "training_time": 1.123976026,
      "prediction_time": 0.328827086,
      "accuracy_score": 0.4989406779661017,
      "f1_macro": 0.4037958115183246,
      "confusion_matrix": "[[235   0   0   1]\n [ 57   0   0 179]\n [  0   0 236   0]\n [236   0   0   0]]"
    },
    "fold_3_2": {
      "load_data_time": 0.045418263,
      "training_time": 1.501713833,
      "prediction_time": 0.137124608,
      "accuracy_score": 0.7205363443895554,
      "f1_macro": 0.7501643348878525,
      "confusion_matrix": "[[232   0   0   4]\n [  5  92   0 139]\n [  0   0 237   0]\n [  1 247   0 460]]"
    },
    "fold_3_3": {
      "load_data_time": 0.040514777,
      "training_time": 1.423124442,
      "prediction_time": 0.192535002,
      "accuracy_score": 0.20203735144312393,
      "f1_macro": 0.25,
      "confusion_matrix": "[[  0   0   0 235]\n [  0   0   0 235]\n [  0   0 119   0]\n [  0   0   0   0]]"
    },
    "fold_4_0": {
      "load_data_time": 0.0336079,
      "training_time": 1.155594007,
      "prediction_time": 0.326276537,
      "accuracy_score": 0.4280532043530834,
      "f1_macro": 0.40299479166666663,
      "confusion_matrix": "[[235   0   0   1]\n [ 61   0   0 175]\n [  0   0 119   0]\n [236   0   0   0]]"
    },
    "fold_4_1": {
      "load_data_time": 0.032712984,
      "training_time": 1.115187247,
      "prediction_time": 0.326457128,
      "accuracy_score": 0.6563161609033169,
      "f1_macro": 0.6632216678545972,
      "confusion_matrix": "[[236   0   0   0]\n [  0   0   0 237]\n [  0   0 236   0]\n [  0 250   0 458]]"
    },
    "fold_4_2": {
      "load_data_time": 0.044037543,
      "training_time": 1.450384645,
      "prediction_time": 0.164074076,
      "accuracy_score": 0.7471751412429378,
      "f1_macro": 0.7795927577207481,
      "confusion_matrix": "[[232   0   0   4]\n [  6 126   0 104]\n [  0   0 236   0]\n [  1 243   0 464]]"
    },
    "fold_4_3": {
      "load_data_time": 0.038961157,
      "training_time": 1.383319296,
      "prediction_time": 0.218044624,
      "accuracy_score": 0.3408769448373409,
      "f1_macro": 0.2583682008368201,
      "confusion_matrix": "[[  0   0   0 235]\n [  0   4   0 231]\n [  0   0 237   0]\n [  0   0   0   0]]"
    },
    "fold_5_0": {
      "load_data_time": 0.03482436,
      "training_time": 1.187265441,
      "prediction_time": 0.302381997,
      "accuracy_score": 0.5005291005291005,
      "f1_macro": 0.4026520051746443,
      "confusion_matrix": "[[236   0   0   0]\n [ 65   0   0 171]\n [  0   0 237   0]\n [236   0   0   0]]"
    },
    "fold_5_1": {
      "load_data_time": 0.033430512,
      "training_time": 1.118562995,
      "prediction_time": 0.32634743,
      "accuracy_score": 0.6184615384615385,
      "f1_macro": 0.6599924934469003,
      "confusion_matrix": "[[236   0   0   0]\n [  0   0   0 237]\n [  0   0 119   0]\n [  2 257   0 449]]"
    },
    "fold_5_2": {
      "load_data_time": 0.042512257,
      "training_time": 1.44289037,
      "prediction_time": 0.163714417,
      "accuracy_score": 0.740819209039548,
      "f1_macro": 0.7766652503084152,
      "confusion_matrix": "[[231   0   0   5]\n [  6 131   0  99]\n [  0   0 236   0]\n [  3 254   0 451]]"
    },
    "fold_5_3": {
      "load_data_time": 0.037738976,
      "training_time": 1.373672784,
      "prediction_time": 0.219385762,
      "accuracy_score": 0.3342776203966006,
      "f1_macro": 0.25,
      "confusion_matrix": "[[  0   0   0 235]\n [  0   0   0 235]\n [  0   0 236   0]\n [  0   0   0   0]]"
    },