{
  "experiment_name": "sehri_khalilian_et_al_setup",
  "feature_extraction": "WaveletFeatures",
  "classifier": "RandomForestClassifier",
  "augmentation": true,
  "start_time": "2026-05-02_01-00-38",
  "scores": {
    "domains_1": {
      "load_data_time": 4.516802724,
      "training_time": 12.417184887,
      "prediction_time": 0.417874207,
      "accuracy_score": 0.8039832285115304,
      "f1_macro": 0.7966017718478444,
      "confusion_matrix": "[[218  19   0   1]\n [ 40 194   0   4]\n [  0   0 238   0]\n [ 69  54   0 117]]"
    },
    "domains_2": {
      "load_data_time": 4.503907318,
      "training_time": 12.257434816,
      "prediction_time": 0.417356406,
      "accuracy_score": 0.5693199789140748,
      "f1_macro": 0.5504712988042257,
      "confusion_matrix": "[[ 28 445   0   2]\n [ 90 372   0  11]\n [  0   0 472   0]\n [159 110   0 208]]"
    },
    "domains_3": {
      "load_data_time": 4.510233389,
      "training_time": 12.336911421,
      "prediction_time": 0.415493272,
      "accuracy_score": 0.5423016290068313,
      "f1_macro": 0.5338122607181207,
      "confusion_matrix": "[[ 86 373   0  16]\n [ 56 276   0 147]\n [  0   0 473   0]\n [159 120   0 197]]"
    },
    "domains_4": {
      "load_data_time": 4.489957934,
      "training_time": 13.896772065,
      "prediction_time": 0.207040843,
      "accuracy_score": 0.674724119810825,
      "f1_macro": 0.6520140245771795,
      "confusion_matrix": "[[136 324   0  15]\n [  1 476   0   0]\n [  0   0 474   0]\n [155 124   0 198]]"
    },
    "domains_5": {
      "load_data_time": 4.488694534,
      "training_time": 13.95592165,
      "prediction_time": 0.207641093,
      "accuracy_score": 0.47163865546218486,
      "f1_macro": 0.40480251646722926,
      "confusion_matrix": "[[ 34   4   0 201]\n [  0   0   0 238]\n [  0   0 238   0]\n [ 60   0   0 177]]"
    },
    "domains_6": {
      "load_data_time": 4.478521899,
      "training_time": 13.963276407,
      "prediction_time": 0.206701235,
      "accuracy_score": 0.5808823529411765,
      "f1_macro": 0.5266145039929835,
      "confusion_matrix": "[[137   8   0  94]\n [  0   0   0 238]\n [  0   0 238   0]\n [ 59   0   0 178]]"
    },
    "domains_7": {
      "load_data_time": 4.476917408,
      "training_time": 13.927772274,
      "prediction_time": 0.206223503,
      "accuracy_score": 0.45168067226890757,
      "f1_macro": 0.37302019347482257,
      "confusion_matrix": "[[ 13   3   0 223]\n [  0   0   0 238]\n [  0   0 238   0]\n [ 58   0   0 179]]"
    },
    "domains_8": {
      "load_data_time": 4.071785295,
      "training_time": 14.256452678,
      "prediction_time": 0.17064631,
      "accuracy_score": 0.4726890756302521,
      "f1_macro": 0.40416690466670474,
      "confusion_matrix": "[[ 32   8   0 199]\n [  0   0   0 238]\n [  0   0 238   0]\n [ 57   0   0 180]]"
    },
    "domains_9": {
      "load_data_time": 4.079878948,
      "training_time": 14.210467342,
      "prediction_time": 0.385098755,
      "accuracy_score": 0.551150895140665,
      "f1_macro": 0.35745720195396735,
      "confusion_matrix": "[[193   0  49   1]\n [ 60   0   2   0]\n [  0   0 238   0]\n [237   2   0   0]]"
    },
    "domains_10": {
      "load_data_time": 4.056217972,
      "training_time": 14.267754995,
      "prediction_time": 0.407664484,
      "accuracy_score": 0.5315466219988833,
      "f1_macro": 0.4108924719610379,
      "confusion_matrix": "[[451   0  20   3]\n [337  28   0   7]\n [  0   0 472   0]\n [472   0   0   1]]"
    },
    "domains_11": {
      "load_data_time": 4.05591544,
      "training_time": 14.346729451,
      "prediction_time": 0.409622773,
      "accuracy_score": 0.49921011058451814,
      "f1_macro": 0.3919682402965271,
      "confusion_matrix": "[[453   4  10   8]\n [451  18   0   7]\n [  0   0 473   0]\n [470   1   0   4]]"
    },
    "domains_12": {
      "load_data_time": 4.05591544,
      "training_time": 14.346729451,
      "prediction_time": 0.409622773,
      "accuracy_score": 0.5086887835703001,
      "f1_macro": 0.4034490869474049,
      "confusion_matrix": "[[464   1   1   9]\n [424  28   1  20]\n [  0   0 474   0]\n [477   0   0   0]]"
    }
  },
  "end_time": "2026-05-02_01-04-26"
}