{
  "experiment_name": "sehri_khalilian_et_al_setup",
  "feature_extraction": "WaveletFeatures",
  "classifier": "RandomForestClassifier",
  "augmentation": true,
  "start_time": "2026-05-01_15-22-23",
  "scores": {
    "domains_1": {
      "load_data_time": 4.509484125,
      "training_time": 12.217756197,
      "prediction_time": 0.412020961,
      "accuracy_score": 0.7945492662473794,
      "f1_macro": 0.7873157174679052,
      "confusion_matrix": "[[218  19   0   1]\n [ 45 186   0   7]\n [  0   0 238   0]\n [ 69  55   0 116]]"
    },
    "domains_2": {
      "load_data_time": 4.503505027,
      "training_time": 12.136590689,
      "prediction_time": 0.410943162,
      "accuracy_score": 0.569847127042699,
      "f1_macro": 0.5534638904988183,
      "confusion_matrix": "[[ 28 446   0   1]\n [ 95 366   0  12]\n [  0   0 472   0]\n [168  94   0 215]]"
    },
    "domains_3": {
      "load_data_time": 4.517395695,
      "training_time": 12.09618452,
      "prediction_time": 0.407911507,
      "accuracy_score": 0.5412506568575933,
      "f1_macro": 0.5327717544898654,
      "confusion_matrix": "[[ 80 377   0  18]\n [ 70 278   0 131]\n [  0   0 473   0]\n [158 119   0 199]]"
    },
    "domains_4": {
      "load_data_time": 4.491405376,
      "training_time": 13.836298111,
      "prediction_time": 0.203485742,
      "accuracy_score": 0.675775091960063,
      "f1_macro": 0.6540288197049262,
      "confusion_matrix": "[[141 320   0  14]\n [  3 474   0   0]\n [  0   0 474   0]\n [156 124   0 197]]"
    },
    "domains_5": {
      "load_data_time": 4.468771081,
      "training_time": 13.853674542,
      "prediction_time": 0.203656944,
      "accuracy_score": 0.4789915966386555,
      "f1_macro": 0.4103712023962345,
      "confusion_matrix": "[[ 35   7   0 197]\n [  0   0   0 238]\n [  0   0 238   0]\n [ 54   0   0 183]]"
    },
    "domains_6": {
      "load_data_time": 4.450799634,
      "training_time": 13.788149003,
      "prediction_time": 0.20359124,
      "accuracy_score": 0.4632352941176471,
      "f1_macro": 0.39396818429982977,
      "confusion_matrix": "[[ 27   6   0 206]\n [  0   0   0 238]\n [  0   0 238   0]\n [ 61   0   0 176]]"
    },
    "domains_7": {
      "load_data_time": 4.491520419,
      "training_time": 13.816494309,
      "prediction_time": 0.203645599,
      "accuracy_score": 0.49369747899159666,
      "f1_macro": 0.4259369782230275,
      "confusion_matrix": "[[ 43   7   0 189]\n [  0   0   0 238]\n [  0   0 238   0]\n [ 48   0   0 189]]"
    },
    "domains_8": {
      "load_data_time": 4.081525175,
      "training_time": 14.042178888,
      "prediction_time": 0.167880135,
      "accuracy_score": 0.4957983193277311,
      "f1_macro": 0.43479835953520163,
      "confusion_matrix": "[[ 54   4   0 181]\n [  0   0   0 238]\n [  0   0 238   0]\n [ 57   0   0 180]]"
    },
    "domains_9": {
      "load_data_time": 4.0880093,
      "training_time": 14.168457345,
      "prediction_time": 0.378246663,
      "accuracy_score": 0.6112531969309463,
      "f1_macro": 0.4020151993851934,
      "confusion_matrix": "[[240   0   2   1]\n [ 62   0   0   0]\n [  0   0 238   0]\n [239   0   0   0]]"
    },
    "domains_10": {
      "load_data_time": 4.0919371,
      "training_time": 14.181259501,
      "prediction_time": 0.402351201,
      "accuracy_score": 0.5315466219988833,
      "f1_macro": 0.41521605131152595,
      "confusion_matrix": "[[446   0  24   4]\n [328  33   0  11]\n [  0   0 472   0]\n [472   0   0   1]]"
    },
    "domains_11": {
      "load_data_time": 4.090941217,
      "training_time": 14.113507493,
      "prediction_time": 0.402881116,
      "accuracy_score": 0.4976303317535545,
      "f1_macro": 0.3915890968342214,
      "confusion_matrix": "[[449   4  12  10]\n [451  19   0   6]\n [  0   0 473   0]\n [470   1   0   4]]"
    },
    "domains_12": {
      "load_data_time": 4.090941217,
      "training_time": 14.113507493,
      "prediction_time": 0.402881116,
      "accuracy_score": 0.4718272775144813,
      "f1_macro": 0.3724181097523813,
      "confusion_matrix": "[[391   2  73   9]\n [418  31   6  18]\n [  0   0 474   0]\n [477   0   0   0]]"
    }
  },
  "end_time": "2026-05-01_15-26-09"
}