{
  "experiment_name": "sehri_khalilian_et_al_setup",
  "feature_extraction": "WaveletFeatures",
  "classifier": "RandomForestClassifier",
  "augmentation": false,
  "start_time": "2026-04-30_23-04-25",
  "scores": {
    "domains_1": {
      "load_data_time": 0.058804301,
      "training_time": 5.757276551,
      "prediction_time": 0.41410351,
      "accuracy_score": 0.7253668763102725,
      "f1_macro": 0.7253383984469357,
      "confusion_matrix": "[[137 100   0   1]\n [ 33 196   0   9]\n [  0   0 238   0]\n [ 47  72   0 121]]"
    },
    "domains_2": {
      "load_data_time": 0.058627309,
      "training_time": 5.695918831,
      "prediction_time": 0.415329366,
      "accuracy_score": 0.5967316816025303,
      "f1_macro": 0.560400990441831,
      "confusion_matrix": "[[ 16 459   0   0]\n [ 37 426   0  10]\n [  0   0 472   0]\n [135 124   0 218]]"
    },
    "domains_3": {
      "load_data_time": 0.05886819,
      "training_time": 5.682264865,
      "prediction_time": 0.4127717,
      "accuracy_score": 0.5507094062007357,
      "f1_macro": 0.5342154708678398,
      "confusion_matrix": "[[ 58 400   0  17]\n [ 50 307   0 122]\n [  0   0 473   0]\n [135 131   0 210]]"
    },
    "domains_4": {
      "load_data_time": 0.059506499,
      "training_time": 6.038065541,
      "prediction_time": 0.204132952,
      "accuracy_score": 0.6642143983184445,
      "f1_macro": 0.6374765631846101,
      "confusion_matrix": "[[107 351   0  17]\n [  1 476   0   0]\n [  0   0 474   0]\n [127 143   0 207]]"
    },
    "domains_5": {
      "load_data_time": 0.059772008,
      "training_time": 6.02929316,
      "prediction_time": 0.205142123,
      "accuracy_score": 0.4695378151260504,
      "f1_macro": 0.38254466070165727,
      "confusion_matrix": "[[ 13   9   0 217]\n [  0   0   0 238]\n [  0   0 238   0]\n [ 41   0   0 196]]"
    },
    "domains_6": {
      "load_data_time": 0.061051557,
      "training_time": 6.031099725,
      "prediction_time": 0.204161982,
      "accuracy_score": 0.46113445378151263,
      "f1_macro": 0.37768949251179285,
      "confusion_matrix": "[[ 13   3   0 223]\n [  0   0   0 238]\n [  0   0 238   0]\n [ 49   0   0 188]]"
    },
    "domains_7": {
      "load_data_time": 0.060604925,
      "training_time": 6.017751924,
      "prediction_time": 0.204828952,
      "accuracy_score": 0.4726890756302521,
      "f1_macro": 0.3941617742987606,
      "confusion_matrix": "[[ 22   6   0 211]\n [  0   0   0 238]\n [  0   0 238   0]\n [ 47   0   0 190]]"
    },
    "domains_8": {
      "load_data_time": 0.060445566,
      "training_time": 5.383995876,
      "prediction_time": 0.168180653,
      "accuracy_score": 0.47794117647058826,
      "f1_macro": 0.3934730184730185,
      "confusion_matrix": "[[ 19   5   0 215]\n [  0   0   0 238]\n [  0   0 238   0]\n [ 39   0   0 198]]"
    },
    "domains_9": {
      "load_data_time": 0.059911995,
      "training_time": 5.392697335,
      "prediction_time": 0.38046682,
      "accuracy_score": 0.6138107416879796,
      "f1_macro": 0.4039440203562341,
      "confusion_matrix": "[[242   0   0   1]\n [ 62   0   0   0]\n [  0   0 238   0]\n [239   0   0   0]]"
    },
    "domains_10": {
      "load_data_time": 0.061226018,
      "training_time": 5.416665532,
      "prediction_time": 0.408153498,
      "accuracy_score": 0.5393634840871022,
      "f1_macro": 0.42213408087796733,
      "confusion_matrix": "[[462   0   0  12]\n [334  32   0   6]\n [  0   0 472   0]\n [473   0   0   0]]"
    },
    "domains_11": {
      "load_data_time": 0.062057873,
      "training_time": 5.386488851,
      "prediction_time": 0.402283471,
      "accuracy_score": 0.48709847288046343,
      "f1_macro": 0.3869899292391786,
      "confusion_matrix": "[[433   2   0  40]\n [457  15   0   4]\n [  0   0 473   0]\n [470   1   0   4]]"
    },
    "domains_12": {
      "load_data_time": 0.062057873,
      "training_time": 5.386488851,
      "prediction_time": 0.402283471,
      "accuracy_score": 0.4886782517114271,
      "f1_macro": 0.4015628392593071,
      "confusion_matrix": "[[417   2   0  56]\n [421  37   4  11]\n [  0   0 474   0]\n [477   0   0   0]]"
    }
  },
  "end_time": "2026-04-30_23-05-43"
}