{
  "experiment_name": "sehri_khalilian_et_al_setup",
  "feature_extraction": "WaveletFeatures",
  "classifier": "RandomForestClassifier",
  "augmentation": true,
  "start_time": "2026-04-30_17-55-27",
  "scores": {
    "domains_1": {
      "load_data_time": 4.511535448,
      "training_time": 12.198545917,
      "prediction_time": 0.408180641,
      "accuracy_score": 0.8029350104821803,
      "f1_macro": 0.7952106377091233,
      "confusion_matrix": "[[224  14   0   0]\n [ 48 188   0   2]\n [  0   0 238   0]\n [ 66  58   0 116]]"
    },
    "domains_2": {
      "load_data_time": 4.499247226,
      "training_time": 12.106654378,
      "prediction_time": 0.406209597,
      "accuracy_score": 0.5798629414865577,
      "f1_macro": 0.558414434976935,
      "confusion_matrix": "[[ 28 445   0   2]\n [ 78 386   0   9]\n [  0   0 472   0]\n [159 104   0 214]]"
    },
    "domains_3": {
      "load_data_time": 4.517044276,
      "training_time": 12.176371567,
      "prediction_time": 0.405194698,
      "accuracy_score": 0.5459800315291645,
      "f1_macro": 0.5383814102564102,
      "confusion_matrix": "[[ 88 370   0  17]\n [ 66 276   0 137]\n [  0   0 473   0]\n [151 123   0 202]]"
    },
    "domains_4": {
      "load_data_time": 4.48503276,
      "training_time": 13.814767947,
      "prediction_time": 0.199974787,
      "accuracy_score": 0.6736731476615869,
      "f1_macro": 0.6514116488279874,
      "confusion_matrix": "[[136 322   0  17]\n [  4 473   0   0]\n [  0   0 474   0]\n [153 125   0 199]]"
    },
    "domains_5": {
      "load_data_time": 4.481997402,
      "training_time": 13.827165425,
      "prediction_time": 0.200876147,
      "accuracy_score": 0.5178571428571429,
      "f1_macro": 0.4635229027277406,
      "confusion_matrix": "[[ 78   9   0 152]\n [  0   0   0 238]\n [  0   0 238   0]\n [ 60   0   0 177]]"
    },
    "domains_6": {
      "load_data_time": 4.44930401,
      "training_time": 13.738057679,
      "prediction_time": 0.200550622,
      "accuracy_score": 0.47058823529411764,
      "f1_macro": 0.40102977285580316,
      "confusion_matrix": "[[ 30   7   0 202]\n [  0   0   0 238]\n [  0   0 238   0]\n [ 57   0   0 180]]"
    },
    "domains_7": {
      "load_data_time": 4.477542323,
      "training_time": 13.748386334,
      "prediction_time": 0.200972183,
      "accuracy_score": 0.5514705882352942,
      "f1_macro": 0.49668821712621425,
      "confusion_matrix": "[[103   4   0 132]\n [  0   0   0 238]\n [  0   0 238   0]\n [ 53   0   0 184]]"
    },
    "domains_8": {
      "load_data_time": 4.091117408,
      "training_time": 14.012576175,
      "prediction_time": 0.165688041,
      "accuracy_score": 0.4842436974789916,
      "f1_macro": 0.4156854156543821,
      "confusion_matrix": "[[ 38   4   0 197]\n [  0   0   0 238]\n [  0   0 238   0]\n [ 52   0   0 185]]"
    },
    "domains_9": {
      "load_data_time": 4.087087951,
      "training_time": 14.084935779,
      "prediction_time": 0.372754665,
      "accuracy_score": 0.5434782608695652,
      "f1_macro": 0.35169860627177696,
      "confusion_matrix": "[[187   0  55   1]\n [ 59   0   2   1]\n [  0   0 238   0]\n [239   0   0   0]]"
    },
    "domains_10": {
      "load_data_time": 4.078933452,
      "training_time": 14.032767261,
      "prediction_time": 0.396628163,
      "accuracy_score": 0.5343383584589615,
      "f1_macro": 0.41710740856014256,
      "confusion_matrix": "[[451   0  20   3]\n [331  34   0   7]\n [  0   0 472   0]\n [473   0   0   0]]"
    },
    "domains_11": {
      "load_data_time": 4.090700757,
      "training_time": 14.100290104,
      "prediction_time": 0.396037657,
      "accuracy_score": 0.4986835176408636,
      "f1_macro": 0.3916189852377733,
      "confusion_matrix": "[[451   3  13   8]\n [448  20   1   7]\n [  0   0 473   0]\n [471   1   0   3]]"
    },
    "domains_12": {
      "load_data_time": 4.090700757,
      "training_time": 14.100290104,
      "prediction_time": 0.396037657,
      "accuracy_score": 0.5081621906266456,
      "f1_macro": 0.4037297007307302,
      "confusion_matrix": "[[462   2   3   8]\n [423  29   0  21]\n [  0   0 474   0]\n [477   0   0   0]]"
    }
  },
  "end_time": "2026-04-30_17-59-12"
}