{
  "experiment_name": "sehri_khalilian_et_al_setup",
  "feature_extraction": "WaveletFeatures",
  "classifier": "RandomForestClassifier",
  "augmentation": false,
  "start_time": "2026-05-01_07-12-39",
  "scores": {
    "domains_1": {
      "load_data_time": 0.058208396,
      "training_time": 5.690864053,
      "prediction_time": 0.406054574,
      "accuracy_score": 0.7159329140461216,
      "f1_macro": 0.7160955945195618,
      "confusion_matrix": "[[131 106   0   1]\n [ 28 191   0  19]\n [  0   0 238   0]\n [ 45  72   0 123]]"
    },
    "domains_2": {
      "load_data_time": 0.060742752,
      "training_time": 5.668950255,
      "prediction_time": 0.405441584,
      "accuracy_score": 0.5803900896151819,
      "f1_macro": 0.5496558773594857,
      "confusion_matrix": "[[ 13 462   0   0]\n [ 56 397   0  20]\n [  0   0 472   0]\n [144 114   0 219]]"
    },
    "domains_3": {
      "load_data_time": 0.061061954,
      "training_time": 5.681314652,
      "prediction_time": 0.404484612,
      "accuracy_score": 0.5470310036784025,
      "f1_macro": 0.5259501909404763,
      "confusion_matrix": "[[ 50 402   0  23]\n [ 27 309   0 143]\n [  0   0 473   0]\n [132 135   0 209]]"
    },
    "domains_4": {
      "load_data_time": 0.06189309,
      "training_time": 5.9491142,
      "prediction_time": 0.20014933,
      "accuracy_score": 0.6673673147661587,
      "f1_macro": 0.6403919711824123,
      "confusion_matrix": "[[103 352   0  20]\n [  1 476   0   0]\n [  0   0 474   0]\n [125 135   0 217]]"
    },
    "domains_5": {
      "load_data_time": 0.060146677,
      "training_time": 6.096369993,
      "prediction_time": 0.200973163,
      "accuracy_score": 0.4684873949579832,
      "f1_macro": 0.3906061275592871,
      "confusion_matrix": "[[ 21   4   0 214]\n [  0   0   0 238]\n [  0   0 238   0]\n [ 50   0   0 187]]"
    },
    "domains_6": {
      "load_data_time": 0.060258652,
      "training_time": 5.958075522,
      "prediction_time": 0.199860642,
      "accuracy_score": 0.46113445378151263,
      "f1_macro": 0.37979378384392853,
      "confusion_matrix": "[[ 15   1   0 223]\n [  0   0   0 238]\n [  0   0 238   0]\n [ 51   0   0 186]]"
    },
    "domains_7": {
      "load_data_time": 0.060328197,
      "training_time": 5.96646988,
      "prediction_time": 0.200981129,
      "accuracy_score": 0.4695378151260504,
      "f1_macro": 0.3855495394268003,
      "confusion_matrix": "[[ 16   4   0 219]\n [  0   0   0 238]\n [  0   0 238   0]\n [ 44   0   0 193]]"
    },
    "domains_8": {
      "load_data_time": 0.059547884,
      "training_time": 5.347010262,
      "prediction_time": 0.164455039,
      "accuracy_score": 0.4632352941176471,
      "f1_macro": 0.3792051937831989,
      "confusion_matrix": "[[ 13   7   0 219]\n [  0   0   0 238]\n [  0   0 238   0]\n [ 47   0   0 190]]"
    },
    "domains_9": {
      "load_data_time": 0.059101211,
      "training_time": 5.328227568,
      "prediction_time": 0.372999906,
      "accuracy_score": 0.612531969309463,
      "f1_macro": 0.40369897959183676,
      "confusion_matrix": "[[241   0   0   2]\n [ 62   0   0   0]\n [  0   0 238   0]\n [238   1   0   0]]"
    },
    "domains_10": {
      "load_data_time": 0.060645258,
      "training_time": 5.34922084,
      "prediction_time": 0.397538132,
      "accuracy_score": 0.5404801786711334,
      "f1_macro": 0.42436527045001987,
      "confusion_matrix": "[[462   0   0  12]\n [334  33   0   5]\n [  0   0 472   0]\n [472   0   0   1]]"
    },
    "domains_11": {
      "load_data_time": 0.059713704,
      "training_time": 5.339952658,
      "prediction_time": 0.396646941,
      "accuracy_score": 0.4913112164296998,
      "f1_macro": 0.3917510120555229,
      "confusion_matrix": "[[437   2   1  35]\n [452  20   0   4]\n [  0   0 473   0]\n [471   1   0   3]]"
    },
    "domains_12": {
      "load_data_time": 0.059713704,
      "training_time": 5.339952658,
      "prediction_time": 0.396646941,
      "accuracy_score": 0.48446550816219064,
      "f1_macro": 0.39769546555123136,
      "confusion_matrix": "[[412   1   0  62]\n [427  34   3   9]\n [  0   0 474   0]\n [477   0   0   0]]"
    }
  },
  "end_time": "2026-05-01_07-13-57"
}