{
  "experiment_name": "sehri_khalilian_et_al_setup",
  "feature_extraction": "WaveletFeatures",
  "classifier": "RandomForestClassifier",
  "augmentation": false,
  "start_time": "2026-05-01_22-01-10",
  "scores": {
    "domains_1": {
      "load_data_time": 0.058851814,
      "training_time": 5.768390541,
      "prediction_time": 0.412519636,
      "accuracy_score": 0.7327044025157232,
      "f1_macro": 0.7315426503800738,
      "confusion_matrix": "[[143  94   0   1]\n [ 18 196   0  24]\n [  0   0 238   0]\n [ 47  71   0 122]]"
    },
    "domains_2": {
      "load_data_time": 0.058601949,
      "training_time": 5.721245957,
      "prediction_time": 0.411483414,
      "accuracy_score": 0.5925144965735372,
      "f1_macro": 0.5593214322078698,
      "confusion_matrix": "[[ 15 460   0   0]\n [ 46 414   0  13]\n [  0   0 472   0]\n [142 112   0 223]]"
    },
    "domains_3": {
      "load_data_time": 0.058298656,
      "training_time": 5.726356529,
      "prediction_time": 0.409946089,
      "accuracy_score": 0.558066211245402,
      "f1_macro": 0.5374694756828045,
      "confusion_matrix": "[[ 53 405   0  17]\n [ 35 322   0 122]\n [  0   0 473   0]\n [125 137   0 214]]"
    },
    "domains_4": {
      "load_data_time": 0.060294405,
      "training_time": 6.058075166,
      "prediction_time": 0.203901892,
      "accuracy_score": 0.6605359957961114,
      "f1_macro": 0.6316247166743892,
      "confusion_matrix": "[[ 96 359   0  20]\n [  1 476   0   0]\n [  0   0 474   0]\n [121 145   0 211]]"
    },
    "domains_5": {
      "load_data_time": 0.060191193,
      "training_time": 6.074925191,
      "prediction_time": 0.202500306,
      "accuracy_score": 0.4684873949579832,
      "f1_macro": 0.39085037277626045,
      "confusion_matrix": "[[ 21   6   0 212]\n [  0   0   0 238]\n [  0   0 238   0]\n [ 50   0   0 187]]"
    },
    "domains_6": {
      "load_data_time": 0.059664329,
      "training_time": 6.038042739,
      "prediction_time": 0.202852585,
      "accuracy_score": 0.47058823529411764,
      "f1_macro": 0.39196762141967617,
      "confusion_matrix": "[[ 21   6   0 212]\n [  0   0   0 238]\n [  0   0 238   0]\n [ 48   0   0 189]]"
    },
    "domains_7": {
      "load_data_time": 0.059448499,
      "training_time": 6.047481937,
      "prediction_time": 0.202976826,
      "accuracy_score": 0.4642857142857143,
      "f1_macro": 0.38265063110264347,
      "confusion_matrix": "[[ 16   2   0 221]\n [  0   0   0 238]\n [  0   0 238   0]\n [ 49   0   0 188]]"
    },
    "domains_8": {
      "load_data_time": 0.05916367,
      "training_time": 5.40686277,
      "prediction_time": 0.167088666,
      "accuracy_score": 0.4800420168067227,
      "f1_macro": 0.4031226458429031,
      "confusion_matrix": "[[ 27   4   0 208]\n [  0   0   0 238]\n [  0   0 238   0]\n [ 45   0   0 192]]"
    },
    "domains_9": {
      "load_data_time": 0.059315867,
      "training_time": 5.443546642,
      "prediction_time": 0.378343638,
      "accuracy_score": 0.612531969309463,
      "f1_macro": 0.40350318471337576,
      "confusion_matrix": "[[241   0   0   2]\n [ 62   0   0   0]\n [  0   0 238   0]\n [239   0   0   0]]"
    },
    "domains_10": {
      "load_data_time": 0.061197104,
      "training_time": 5.456311978,
      "prediction_time": 0.401114176,
      "accuracy_score": 0.541038525963149,
      "f1_macro": 0.42590893540260627,
      "confusion_matrix": "[[462   0   0  12]\n [329  35   0   8]\n [  0   0 472   0]\n [473   0   0   0]]"
    },
    "domains_11": {
      "load_data_time": 0.060788712,
      "training_time": 5.409784679,
      "prediction_time": 0.401401393,
      "accuracy_score": 0.4918378093733544,
      "f1_macro": 0.3934908495257784,
      "confusion_matrix": "[[436   4   1  34]\n [449  23   0   4]\n [  0   0 473   0]\n [472   1   0   2]]"
    },
    "domains_12": {
      "load_data_time": 0.060788712,
      "training_time": 5.409784679,
      "prediction_time": 0.401401393,
      "accuracy_score": 0.48657187993680884,
      "f1_macro": 0.40090096807152165,
      "confusion_matrix": "[[413   2   0  60]\n [422  37   3  11]\n [  0   0 474   0]\n [477   0   0   0]]"
    }
  },
  "end_time": "2026-05-01_22-02-29"
}