{
  "experiment_name": "sehri_khalilian_et_al_setup",
  "feature_extraction": "WaveletFeatures",
  "classifier": "RandomForestClassifier",
  "augmentation": false,
  "start_time": "2026-05-01_16-05-23",
  "scores": {
    "domains_1": {
      "load_data_time": 0.059025842,
      "training_time": 5.745738652,
      "prediction_time": 0.417798126,
      "accuracy_score": 0.7348008385744235,
      "f1_macro": 0.7333486331611818,
      "confusion_matrix": "[[150  87   0   1]\n [ 33 197   0   8]\n [  0   0 238   0]\n [ 51  73   0 116]]"
    },
    "domains_2": {
      "load_data_time": 0.061130886,
      "training_time": 5.700041094,
      "prediction_time": 0.417283148,
      "accuracy_score": 0.599367422245651,
      "f1_macro": 0.5617257296914034,
      "confusion_matrix": "[[ 15 460   0   0]\n [ 30 430   0  13]\n [  0   0 472   0]\n [142 115   0 220]]"
    },
    "domains_3": {
      "load_data_time": 0.060846012,
      "training_time": 5.722137828,
      "prediction_time": 0.416483249,
      "accuracy_score": 0.5570152390961639,
      "f1_macro": 0.5394063053703895,
      "confusion_matrix": "[[ 59 399   0  17]\n [ 42 315   0 122]\n [  0   0 473   0]\n [137 126   0 213]]"
    },
    "domains_4": {
      "load_data_time": 0.064532583,
      "training_time": 6.02314666,
      "prediction_time": 0.205918403,
      "accuracy_score": 0.6594850236468733,
      "f1_macro": 0.6312274181881139,
      "confusion_matrix": "[[ 99 360   0  16]\n [  1 476   0   0]\n [  0   0 474   0]\n [128 143   0 206]]"
    },
    "domains_5": {
      "load_data_time": 0.060767453,
      "training_time": 6.029397055,
      "prediction_time": 0.206287658,
      "accuracy_score": 0.5010504201680672,
      "f1_macro": 0.4299554444685938,
      "confusion_matrix": "[[ 42   9   0 188]\n [  0   0   0 238]\n [  0   0 238   0]\n [ 40   0   0 197]]"
    },
    "domains_6": {
      "load_data_time": 0.060070576,
      "training_time": 6.022413385,
      "prediction_time": 0.205517258,
      "accuracy_score": 0.4884453781512605,
      "f1_macro": 0.41467494091979973,
      "confusion_matrix": "[[ 34   4   0 201]\n [  0   0   0 238]\n [  0   0 238   0]\n [ 44   0   0 193]]"
    },
    "domains_7": {
      "load_data_time": 0.059574896,
      "training_time": 6.069897849,
      "prediction_time": 0.206003759,
      "accuracy_score": 0.4653361344537815,
      "f1_macro": 0.3864261547513975,
      "confusion_matrix": "[[ 19   1   0 219]\n [  0   0   0 238]\n [  0   0 238   0]\n [ 51   0   0 186]]"
    },
    "domains_8": {
      "load_data_time": 0.059652042,
      "training_time": 5.392024422,
      "prediction_time": 0.168873795,
      "accuracy_score": 0.47163865546218486,
      "f1_macro": 0.39428342803447414,
      "confusion_matrix": "[[ 23   3   0 213]\n [  0   0   0 238]\n [  0   0 238   0]\n [ 49   0   0 188]]"
    },
    "domains_9": {
      "load_data_time": 0.059801496,
      "training_time": 5.424362345,
      "prediction_time": 0.382125042,
      "accuracy_score": 0.6138107416879796,
      "f1_macro": 0.404140127388535,
      "confusion_matrix": "[[242   0   0   1]\n [ 62   0   0   0]\n [  0   0 238   0]\n [238   1   0   0]]"
    },
    "domains_10": {
      "load_data_time": 0.05998878,
      "training_time": 5.400870918,
      "prediction_time": 0.405967427,
      "accuracy_score": 0.5399218313791178,
      "f1_macro": 0.4252676220418156,
      "confusion_matrix": "[[460   1   0  13]\n [330  34   0   8]\n [  0   0 472   0]\n [472   0   0   1]]"
    },
    "domains_11": {
      "load_data_time": 0.059104297,
      "training_time": 5.388869425,
      "prediction_time": 0.406306081,
      "accuracy_score": 0.4934175882043181,
      "f1_macro": 0.3942698739175504,
      "confusion_matrix": "[[439   2   1  33]\n [448  23   0   5]\n [  0   0 473   0]\n [472   1   0   2]]"
    },
    "domains_12": {
      "load_data_time": 0.059104297,
      "training_time": 5.388869425,
      "prediction_time": 0.406306081,
      "accuracy_score": 0.4907846234860453,
      "f1_macro": 0.4032395481922529,
      "confusion_matrix": "[[420   2   0  53]\n [419  38   4  12]\n [  0   0 474   0]\n [477   0   0   0]]"
    }
  },
  "end_time": "2026-05-01_16-06-42"
}