{
  "experiment_name": "sehri_et_al_proposed_setup",
  "feature_extraction": "WaveletFeatures",
  "classifier": "RandomForestClassifier",
  "augmentation": true,
  "start_time": "2026-05-01_12-20-10",
  "scores": {
    "fold_0_0": {
      "load_data_time": 4.076742369,
      "training_time": 13.332419605,
      "prediction_time": 1.09822891,
      "accuracy_score": 0.25856885147324116,
      "f1_macro": 0.15208671977388236,
      "confusion_matrix": "[[  61    9 1596]\n [   0    0 1660]\n [ 434    0 1229]]"
    },
    "fold_0_1": {
      "load_data_time": 4.501306586,
      "training_time": 10.978933144,
      "prediction_time": 1.164360011,
      "accuracy_score": 0.3657191344929996,
      "f1_macro": 0.21404035382732692,
      "confusion_matrix": "[[1638    6   23]\n [1263   80   40]\n [1649    9    6]]"
    },
    "fold_0_2": {
      "load_data_time": 4.209860673,
      "training_time": 11.957146227,
      "prediction_time": 1.15797308,
      "accuracy_score": 0.5102,
      "f1_macro": 0.4965170303751634,
      "confusion_matrix": "[[ 470 1163   30]\n [ 201 1357  109]\n [ 535  411  724]]"
    },
    "fold_1_0": {
      "load_data_time": 5.163373508,
      "training_time": 12.177282386,
      "prediction_time": 1.099763108,
      "accuracy_score": 0.038099057549629035,
      "f1_macro": 0.03746426106674554,
      "confusion_matrix": "[[ 190 1335  138]\n [   0    0 1660]\n [1528  136    0]]"
    },
    "fold_1_1": {
      "load_data_time": 3.678985021,
      "training_time": 12.838096965,
      "prediction_time": 1.158018279,
      "accuracy_score": 0.08582326764144946,
      "f1_macro": 0.08603458071269517,
      "confusion_matrix": "[[  16    0 1650]\n [1265   77   41]\n [ 890  468  312]]"
    },
    "fold_1_2": {
      "load_data_time": 4.173498171,
      "training_time": 11.620183568,
      "prediction_time": 1.15362953,
      "accuracy_score": 0.41644986992195315,
      "f1_macro": 0.40992415369033597,
      "confusion_matrix": "[[ 358  676  633]\n [1183  455   29]\n [ 395    0 1268]]"
    },
    "fold_2_0": {
      "load_data_time": 4.354605673,
      "training_time": 14.297975477,
      "prediction_time": 1.090852682,
      "accuracy_score": 0.18391034620772465,
      "f1_macro": 0.1736477504012912,
      "confusion_matrix": "[[ 388  691  588]\n [1422    0  238]\n [1085   54  531]]"
    },
    "fold_2_1": {
      "load_data_time": 4.494672393,
      "training_time": 12.252341208,
      "prediction_time": 1.153596361,
      "accuracy_score": 0.6385644510511785,
      "f1_macro": 0.5659288401285495,
      "confusion_matrix": "[[1145  189  329]\n [1071  199  113]\n [   0    0 1663]]"
    },
    "fold_2_2": {
      "load_data_time": 4.494672393,
      "training_time": 12.252341208,
      "prediction_time": 1.153596361,
      "accuracy_score": 0.419851911146688,
      "f1_macro": 0.31512011760376807,
      "confusion_matrix": "[[1619   47    0]\n [1176  476   15]\n [1414  247    3]]"
    }
  },
  "end_time": "2026-05-01_12-23-00"
}