{
  "experiment_name": "sehri_khalilian_et_al_setup",
  "feature_extraction": "WaveletFeatures",
  "classifier": "RandomForestClassifier",
  "augmentation": false,
  "start_time": "2026-04-30_21-35-49",
  "scores": {
    "domains_1": {
      "load_data_time": 0.058955488,
      "training_time": 5.721839292,
      "prediction_time": 0.41206587,
      "accuracy_score": 0.7253668763102725,
      "f1_macro": 0.724237037510393,
      "confusion_matrix": "[[129 108   0   1]\n [ 19 202   0  17]\n [  0   0 238   0]\n [ 42  75   0 123]]"
    },
    "domains_2": {
      "load_data_time": 0.0604197,
      "training_time": 5.700047397,
      "prediction_time": 0.411852903,
      "accuracy_score": 0.5909330521876648,
      "f1_macro": 0.5576190840929195,
      "confusion_matrix": "[[ 15 460   0   0]\n [ 45 414   0  14]\n [  0   0 472   0]\n [145 112   0 220]]"
    },
    "domains_3": {
      "load_data_time": 0.058461798,
      "training_time": 5.706749734,
      "prediction_time": 0.41280418,
      "accuracy_score": 0.5254860746190226,
      "f1_macro": 0.5133775340777083,
      "confusion_matrix": "[[ 57 401   0  17]\n [ 61 258   0 160]\n [  0   0 473   0]\n [130 134   0 212]]"
    },
    "domains_4": {
      "load_data_time": 0.06132529,
      "training_time": 6.00199854,
      "prediction_time": 0.203335235,
      "accuracy_score": 0.6621124540199684,
      "f1_macro": 0.6349644842401114,
      "confusion_matrix": "[[106 350   0  19]\n [  2 475   0   0]\n [  0   0 474   0]\n [122 150   0 205]]"
    },
    "domains_5": {
      "load_data_time": 0.060699902,
      "training_time": 6.013565733,
      "prediction_time": 0.204072522,
      "accuracy_score": 0.4810924369747899,
      "f1_macro": 0.4058224312050721,
      "confusion_matrix": "[[ 29   5   0 205]\n [  0   0   0 238]\n [  0   0 238   0]\n [ 46   0   0 191]]"
    },
    "domains_6": {
      "load_data_time": 0.060225066,
      "training_time": 5.991833743,
      "prediction_time": 0.203927442,
      "accuracy_score": 0.4852941176470588,
      "f1_macro": 0.40325028312570776,
      "confusion_matrix": "[[ 24   7   0 208]\n [  0   0   0 238]\n [  0   0 238   0]\n [ 37   0   0 200]]"
    },
    "domains_7": {
      "load_data_time": 0.060770348,
      "training_time": 6.009000688,
      "prediction_time": 0.203536181,
      "accuracy_score": 0.46008403361344535,
      "f1_macro": 0.37621468926553675,
      "confusion_matrix": "[[ 12   5   0 222]\n [  0   0   0 238]\n [  0   0 238   0]\n [ 49   0   0 188]]"
    },
    "domains_8": {
      "load_data_time": 0.062669513,
      "training_time": 5.368773184,
      "prediction_time": 0.167539085,
      "accuracy_score": 0.509453781512605,
      "f1_macro": 0.4187688884329801,
      "confusion_matrix": "[[ 26   7   0 206]\n [  0   0   0 238]\n [  0   0 238   0]\n [ 16   0   0 221]]"
    },
    "domains_9": {
      "load_data_time": 0.060008489,
      "training_time": 5.442273256,
      "prediction_time": 0.379280691,
      "accuracy_score": 0.612531969309463,
      "f1_macro": 0.40350318471337576,
      "confusion_matrix": "[[241   0   0   2]\n [ 62   0   0   0]\n [  0   0 238   0]\n [239   0   0   0]]"
    },
    "domains_10": {
      "load_data_time": 0.060726461,
      "training_time": 5.387400004,
      "prediction_time": 0.403474599,
      "accuracy_score": 0.5404801786711334,
      "f1_macro": 0.42639278187440577,
      "confusion_matrix": "[[460   1   0  13]\n [330  35   0   7]\n [  0   0 472   0]\n [472   0   0   1]]"
    },
    "domains_11": {
      "load_data_time": 0.06052945,
      "training_time": 5.423008975,
      "prediction_time": 0.402921075,
      "accuracy_score": 0.4860452869931543,
      "f1_macro": 0.38733554704557804,
      "confusion_matrix": "[[430   4   0  41]\n [456  16   0   4]\n [  0   0 473   0]\n [470   1   0   4]]"
    },
    "domains_12": {
      "load_data_time": 0.06052945,
      "training_time": 5.423008975,
      "prediction_time": 0.402921075,
      "accuracy_score": 0.4881516587677725,
      "f1_macro": 0.3999622064237775,
      "confusion_matrix": "[[418   1   0  56]\n [426  35   3   9]\n [  0   0 474   0]\n [477   0   0   0]]"
    }
  },
  "end_time": "2026-04-30_21-37-07"
}