{
  "experiment_name": "sehri_et_al_proposed_setup",
  "feature_extraction": "WaveletFeatures",
  "classifier": "RandomForestClassifier",
  "augmentation": true,
  "start_time": "2026-05-01_07-54-16",
  "scores": {
    "fold_0_0": {
      "load_data_time": 4.066253146,
      "training_time": 13.404545283,
      "prediction_time": 1.119527769,
      "accuracy_score": 0.26598516736821004,
      "f1_macro": 0.15316511805402885,
      "confusion_matrix": "[[  51    5 1610]\n [   0    0 1660]\n [ 387    0 1276]]"
    },
    "fold_0_1": {
      "load_data_time": 4.518386441,
      "training_time": 11.16377401,
      "prediction_time": 1.183141101,
      "accuracy_score": 0.362537123462028,
      "f1_macro": 0.20564441790744772,
      "confusion_matrix": "[[1642    5   20]\n [1281   63   39]\n [1659    1    4]]"
    },
    "fold_0_2": {
      "load_data_time": 4.17504277,
      "training_time": 12.059800885,
      "prediction_time": 1.184166321,
      "accuracy_score": 0.5056,
      "f1_macro": 0.48977052665006865,
      "confusion_matrix": "[[ 463 1163   37]\n [ 169 1358  140]\n [ 541  422  707]]"
    },
    "fold_1_0": {
      "load_data_time": 5.140745128,
      "training_time": 12.307153314,
      "prediction_time": 1.121626973,
      "accuracy_score": 0.036895929416482856,
      "f1_macro": 0.03659506762132061,
      "confusion_matrix": "[[ 184 1331  148]\n [   0    0 1660]\n [1505  159    0]]"
    },
    "fold_1_1": {
      "load_data_time": 3.697933481,
      "training_time": 12.92607881,
      "prediction_time": 1.180169786,
      "accuracy_score": 0.08137317228226319,
      "f1_macro": 0.08327568003039892,
      "confusion_matrix": "[[  16    0 1650]\n [1267   80   36]\n [ 929  453  288]]"
    },
    "fold_1_2": {
      "load_data_time": 4.175348075,
      "training_time": 11.714263278,
      "prediction_time": 1.173229273,
      "accuracy_score": 0.3882329397638583,
      "f1_macro": 0.3879251848920786,
      "confusion_matrix": "[[ 340  695  632]\n [1201  440   26]\n [ 503    0 1160]]"
    },
    "fold_2_0": {
      "load_data_time": 4.366304458,
      "training_time": 14.309905372,
      "prediction_time": 1.111934957,
      "accuracy_score": 0.18391034620772465,
      "f1_macro": 0.17629623128724234,
      "confusion_matrix": "[[ 381  753  533]\n [1422    0  238]\n [1074   58  538]]"
    },
    "fold_2_1": {
      "load_data_time": 4.520901317,
      "training_time": 12.313074218,
      "prediction_time": 1.174978509,
      "accuracy_score": 0.6349543427479295,
      "f1_macro": 0.5579756133324575,
      "confusion_matrix": "[[1146  173  344]\n [1068  181  134]\n [   0    0 1663]]"
    },
    "fold_2_2": {
      "load_data_time": 4.520901317,
      "training_time": 12.313074218,
      "prediction_time": 1.174978509,
      "accuracy_score": 0.41865119071442863,
      "f1_macro": 0.3127772297254225,
      "confusion_matrix": "[[1620   46    0]\n [1181  470   16]\n [1388  274    2]]"
    }
  },
  "end_time": "2026-05-01_07-57-06"
}