{
  "experiment_name": "sehri_khalilian_et_al_setup",
  "feature_extraction": "WaveletFeatures",
  "classifier": "RandomForestClassifier",
  "augmentation": true,
  "start_time": "2026-05-01_14-37-42",
  "scores": {
    "domains_1": {
      "load_data_time": 4.514441877,
      "training_time": 12.379841219,
      "prediction_time": 0.421969652,
      "accuracy_score": 0.7976939203354297,
      "f1_macro": 0.789676942445726,
      "confusion_matrix": "[[219  18   0   1]\n [ 41 189   0   8]\n [  0   0 238   0]\n [ 68  57   0 115]]"
    },
    "domains_2": {
      "load_data_time": 4.503778267,
      "training_time": 12.258544866,
      "prediction_time": 0.420696093,
      "accuracy_score": 0.5951502372166578,
      "f1_macro": 0.565618089505858,
      "confusion_matrix": "[[ 28 445   0   2]\n [ 47 414   0  12]\n [  0   0 472   0]\n [150 112   0 215]]"
    },
    "domains_3": {
      "load_data_time": 4.534952078,
      "training_time": 12.274684448,
      "prediction_time": 0.41757144,
      "accuracy_score": 0.5465055176037835,
      "f1_macro": 0.5411625405229111,
      "confusion_matrix": "[[ 95 364   0  16]\n [ 85 276   0 118]\n [  0   0 473   0]\n [155 125   0 196]]"
    },
    "domains_4": {
      "load_data_time": 4.497829016,
      "training_time": 13.992180473,
      "prediction_time": 0.207660741,
      "accuracy_score": 0.6784025223331581,
      "f1_macro": 0.6564784683958123,
      "confusion_matrix": "[[138 319   0  18]\n [  2 475   0   0]\n [  0   0 474   0]\n [146 127   0 204]]"
    },
    "domains_5": {
      "load_data_time": 4.499306401,
      "training_time": 13.963406978,
      "prediction_time": 0.207630341,
      "accuracy_score": 0.4852941176470588,
      "f1_macro": 0.41511266511266515,
      "confusion_matrix": "[[ 36   8   0 195]\n [  0   0   0 238]\n [  0   0 238   0]\n [ 49   0   0 188]]"
    },
    "domains_6": {
      "load_data_time": 4.487574931,
      "training_time": 14.010754205,
      "prediction_time": 0.207894936,
      "accuracy_score": 0.4831932773109244,
      "f1_macro": 0.42038918314988,
      "confusion_matrix": "[[ 45   3   0 191]\n [  0   0   0 238]\n [  0   0 238   0]\n [ 60   0   0 177]]"
    },
    "domains_7": {
      "load_data_time": 4.477160121,
      "training_time": 13.964990183,
      "prediction_time": 0.207291289,
      "accuracy_score": 0.5147058823529411,
      "f1_macro": 0.4578102878716376,
      "confusion_matrix": "[[ 70  11   0 158]\n [  0   0   0 238]\n [  0   0 238   0]\n [ 55   0   0 182]]"
    },
    "domains_8": {
      "load_data_time": 4.066044077,
      "training_time": 14.232844422,
      "prediction_time": 0.171198908,
      "accuracy_score": 0.5157563025210085,
      "f1_macro": 0.4582769234914156,
      "confusion_matrix": "[[ 70   9   0 160]\n [  0   0   0 238]\n [  0   0 238   0]\n [ 54   0   0 183]]"
    },
    "domains_9": {
      "load_data_time": 4.081781492,
      "training_time": 14.128658262,
      "prediction_time": 0.388891933,
      "accuracy_score": 0.6112531969309463,
      "f1_macro": 0.4035093165664218,
      "confusion_matrix": "[[239   0   3   1]\n [ 61   0   0   1]\n [  0   0 238   0]\n [238   0   0   1]]"
    },
    "domains_10": {
      "load_data_time": 4.084168949,
      "training_time": 14.281865158,
      "prediction_time": 0.41214105,
      "accuracy_score": 0.5332216638749302,
      "f1_macro": 0.41647880954406424,
      "confusion_matrix": "[[449   1  20   4]\n [332  33   0   7]\n [  0   0 472   0]\n [472   0   0   1]]"
    },
    "domains_11": {
      "load_data_time": 4.089265727,
      "training_time": 14.241901783,
      "prediction_time": 0.409733527,
      "accuracy_score": 0.4986835176408636,
      "f1_macro": 0.38929852649652313,
      "confusion_matrix": "[[454   3  13   5]\n [451  18   0   7]\n [  0   0 473   0]\n [472   1   0   2]]"
    },
    "domains_12": {
      "load_data_time": 4.089265727,
      "training_time": 14.241901783,
      "prediction_time": 0.409733527,
      "accuracy_score": 0.5097419694576093,
      "f1_macro": 0.40724867208513915,
      "confusion_matrix": "[[461   2   2  10]\n [419  33   2  19]\n [  0   0 474   0]\n [477   0   0   0]]"
    }
  },
  "end_time": "2026-05-01_14-41-30"
}