{
  "experiment_name": "sehri_khalilian_et_al_setup",
  "feature_extraction": "WaveletFeatures",
  "classifier": "RandomForestClassifier",
  "augmentation": false,
  "start_time": "2026-05-02_00-59-17",
  "scores": {
    "domains_1": {
      "load_data_time": 0.058510088,
      "training_time": 5.746473341,
      "prediction_time": 0.414944495,
      "accuracy_score": 0.7169811320754716,
      "f1_macro": 0.7176772498209673,
      "confusion_matrix": "[[132 105   0   1]\n [ 36 193   0   9]\n [  0   0 238   0]\n [ 44  75   0 121]]"
    },
    "domains_2": {
      "load_data_time": 0.060896746,
      "training_time": 5.706612524,
      "prediction_time": 0.415473575,
      "accuracy_score": 0.5909330521876648,
      "f1_macro": 0.5599974067081739,
      "confusion_matrix": "[[ 16 459   0   0]\n [ 52 414   0   7]\n [  0   0 472   0]\n [154 104   0 219]]"
    },
    "domains_3": {
      "load_data_time": 0.061184019,
      "training_time": 5.713053713,
      "prediction_time": 0.413965333,
      "accuracy_score": 0.5643720441408303,
      "f1_macro": 0.5447268476277967,
      "confusion_matrix": "[[ 56 403   0  16]\n [ 44 334   0 101]\n [  0   0 473   0]\n [135 130   0 211]]"
    },
    "domains_4": {
      "load_data_time": 0.061896133,
      "training_time": 6.026880066,
      "prediction_time": 0.204861746,
      "accuracy_score": 0.6621124540199684,
      "f1_macro": 0.6343653889530179,
      "confusion_matrix": "[[101 357   0  17]\n [  1 476   0   0]\n [  0   0 474   0]\n [123 145   0 209]]"
    },
    "domains_5": {
      "load_data_time": 0.06151707,
      "training_time": 6.044633007,
      "prediction_time": 0.204925925,
      "accuracy_score": 0.4653361344537815,
      "f1_macro": 0.3833030927527142,
      "confusion_matrix": "[[ 16   3   0 220]\n [  0   0   0 238]\n [  0   0 238   0]\n [ 48   0   0 189]]"
    },
    "domains_6": {
      "load_data_time": 0.060774579,
      "training_time": 6.032174679,
      "prediction_time": 0.208819615,
      "accuracy_score": 0.4642857142857143,
      "f1_macro": 0.3778935886559205,
      "confusion_matrix": "[[ 12   2   0 225]\n [  0   0   0 238]\n [  0   0 238   0]\n [ 45   0   0 192]]"
    },
    "domains_7": {
      "load_data_time": 0.059124517,
      "training_time": 6.00784152,
      "prediction_time": 0.204636368,
      "accuracy_score": 0.4726890756302521,
      "f1_macro": 0.38972850678733034,
      "confusion_matrix": "[[ 18   6   0 215]\n [  0   0   0 238]\n [  0   0 238   0]\n [ 43   0   0 194]]"
    },
    "domains_8": {
      "load_data_time": 0.062430163,
      "training_time": 5.396549961,
      "prediction_time": 0.167805198,
      "accuracy_score": 0.4579831932773109,
      "f1_macro": 0.3729932127554696,
      "confusion_matrix": "[[ 10   7   0 222]\n [  0   0   0 238]\n [  0   0 238   0]\n [ 49   0   0 188]]"
    },
    "domains_9": {
      "load_data_time": 0.060173731,
      "training_time": 5.41844866,
      "prediction_time": 0.381962045,
      "accuracy_score": 0.6138107416879796,
      "f1_macro": 0.40433673469387754,
      "confusion_matrix": "[[242   0   0   1]\n [ 62   0   0   0]\n [  0   0 238   0]\n [237   2   0   0]]"
    },
    "domains_10": {
      "load_data_time": 0.059622034,
      "training_time": 5.411060086,
      "prediction_time": 0.404750091,
      "accuracy_score": 0.5404801786711334,
      "f1_macro": 0.4247833135873293,
      "confusion_matrix": "[[462   0   0  12]\n [329  34   0   9]\n [  0   0 472   0]\n [473   0   0   0]]"
    },
    "domains_11": {
      "load_data_time": 0.060107086,
      "training_time": 5.413932558,
      "prediction_time": 0.403225301,
      "accuracy_score": 0.4881516587677725,
      "f1_macro": 0.38637775413997494,
      "confusion_matrix": "[[436   4   1  34]\n [455  16   0   5]\n [  0   0 473   0]\n [472   1   0   2]]"
    },
    "domains_12": {
      "load_data_time": 0.060107086,
      "training_time": 5.413932558,
      "prediction_time": 0.403225301,
      "accuracy_score": 0.48657187993680884,
      "f1_macro": 0.4024689649774038,
      "confusion_matrix": "[[411   2   0  62]\n [419  39   3  12]\n [  0   0 474   0]\n [477   0   0   0]]"
    }
  },
  "end_time": "2026-05-02_01-00-36"
}