{
  "experiment_name": "sehri_khalilian_et_al_setup",
  "feature_extraction": "WaveletFeatures",
  "classifier": "RandomForestClassifier",
  "augmentation": true,
  "start_time": "2026-05-01_07-13-59",
  "scores": {
    "domains_1": {
      "load_data_time": 4.508294139,
      "training_time": 12.25734462,
      "prediction_time": 0.411290139,
      "accuracy_score": 0.7945492662473794,
      "f1_macro": 0.7879123446406878,
      "confusion_matrix": "[[219  18   0   1]\n [ 50 185   0   3]\n [  0   0 238   0]\n [ 73  51   0 116]]"
    },
    "domains_2": {
      "load_data_time": 4.505515081,
      "training_time": 12.297401546,
      "prediction_time": 0.409401761,
      "accuracy_score": 0.6009488666315235,
      "f1_macro": 0.57324184892818,
      "confusion_matrix": "[[ 32 442   0   1]\n [ 47 417   0   9]\n [  0   0 472   0]\n [159  99   0 219]]"
    },
    "domains_3": {
      "load_data_time": 4.518138767,
      "training_time": 12.131265083,
      "prediction_time": 0.407905999,
      "accuracy_score": 0.5370467682606411,
      "f1_macro": 0.5325605620362184,
      "confusion_matrix": "[[ 90 369   0  16]\n [ 88 259   0 132]\n [  0   0 473   0]\n [158 118   0 200]]"
    },
    "domains_4": {
      "load_data_time": 4.458011932,
      "training_time": 13.87263069,
      "prediction_time": 0.20172051,
      "accuracy_score": 0.674198633736206,
      "f1_macro": 0.6518565958021464,
      "confusion_matrix": "[[139 319   0  17]\n [  3 474   0   0]\n [  0   0 474   0]\n [160 121   0 196]]"
    },
    "domains_5": {
      "load_data_time": 4.464481525,
      "training_time": 13.968131571,
      "prediction_time": 0.202564184,
      "accuracy_score": 0.49369747899159666,
      "f1_macro": 0.4315260932457995,
      "confusion_matrix": "[[ 50  10   0 179]\n [  0   0   0 238]\n [  0   0 238   0]\n [ 55   0   0 182]]"
    },
    "domains_6": {
      "load_data_time": 4.484488472,
      "training_time": 13.960818443,
      "prediction_time": 0.20238708,
      "accuracy_score": 0.48214285714285715,
      "f1_macro": 0.4165491902941021,
      "confusion_matrix": "[[ 40   8   0 191]\n [  0   0   0 238]\n [  0   0 238   0]\n [ 56   0   0 181]]"
    },
    "domains_7": {
      "load_data_time": 4.4822151,
      "training_time": 13.873768044,
      "prediction_time": 0.202950241,
      "accuracy_score": 0.4852941176470588,
      "f1_macro": 0.41410392364793214,
      "confusion_matrix": "[[ 35   7   0 197]\n [  0   0   0 238]\n [  0   0 238   0]\n [ 48   0   0 189]]"
    },
    "domains_8": {
      "load_data_time": 4.079004727,
      "training_time": 14.072141056,
      "prediction_time": 0.166993935,
      "accuracy_score": 0.4632352941176471,
      "f1_macro": 0.3920615401431929,
      "confusion_matrix": "[[ 24  14   0 201]\n [  0   0   0 238]\n [  0   0 238   0]\n [ 58   0   0 179]]"
    },
    "domains_9": {
      "load_data_time": 4.087703332,
      "training_time": 14.177961837,
      "prediction_time": 0.377614278,
      "accuracy_score": 0.6099744245524297,
      "f1_macro": 0.4012475372285612,
      "confusion_matrix": "[[239   0   3   1]\n [ 62   0   0   0]\n [  0   0 238   0]\n [238   1   0   0]]"
    },
    "domains_10": {
      "load_data_time": 4.082472736,
      "training_time": 14.149387095,
      "prediction_time": 0.400824926,
      "accuracy_score": 0.5321049692908989,
      "f1_macro": 0.41246020755189594,
      "confusion_matrix": "[[450   0  23   1]\n [334  30   0   8]\n [  0   0 472   0]\n [472   0   0   1]]"
    },
    "domains_11": {
      "load_data_time": 4.085848349,
      "training_time": 14.201328137,
      "prediction_time": 0.401435237,
      "accuracy_score": 0.4834123222748815,
      "f1_macro": 0.3772416724719919,
      "confusion_matrix": "[[423   3  43   6]\n [448  18   2   8]\n [  0   0 473   0]\n [470   1   0   4]]"
    },
    "domains_12": {
      "load_data_time": 4.085848349,
      "training_time": 14.201328137,
      "prediction_time": 0.401435237,
      "accuracy_score": 0.5097419694576093,
      "f1_macro": 0.40691742819797183,
      "confusion_matrix": "[[462   2   1  10]\n [421  32   1  19]\n [  0   0 474   0]\n [477   0   0   0]]"
    }
  },
  "end_time": "2026-05-01_07-17-46"
}