{
  "experiment_name": "sehri_khalilian_et_al_setup",
  "feature_extraction": "WaveletFeatures",
  "classifier": "RandomForestClassifier",
  "augmentation": true,
  "start_time": "2026-04-30_19-24-06",
  "scores": {
    "domains_1": {
      "load_data_time": 4.518074452,
      "training_time": 12.160258613,
      "prediction_time": 0.408690421,
      "accuracy_score": 0.790356394129979,
      "f1_macro": 0.7840080492838025,
      "confusion_matrix": "[[215  22   0   1]\n [ 50 185   0   3]\n [  0   0 238   0]\n [ 68  56   0 116]]"
    },
    "domains_2": {
      "load_data_time": 4.494685506,
      "training_time": 12.092984827,
      "prediction_time": 0.405358052,
      "accuracy_score": 0.5967316816025303,
      "f1_macro": 0.5674942592806835,
      "confusion_matrix": "[[ 27 447   0   1]\n [ 49 415   0   9]\n [  0   0 472   0]\n [149 110   0 218]]"
    },
    "domains_3": {
      "load_data_time": 4.523362655,
      "training_time": 12.120858445,
      "prediction_time": 0.40587368,
      "accuracy_score": 0.5517603783499737,
      "f1_macro": 0.5439140613836937,
      "confusion_matrix": "[[ 91 367   0  17]\n [ 70 290   0 119]\n [  0   0 473   0]\n [161 119   0 196]]"
    },
    "domains_4": {
      "load_data_time": 4.478556262,
      "training_time": 13.875892123,
      "prediction_time": 0.200555518,
      "accuracy_score": 0.674724119810825,
      "f1_macro": 0.6517895280180723,
      "confusion_matrix": "[[141 319   0  15]\n [  0 477   0   0]\n [  0   0 474   0]\n [157 128   0 192]]"
    },
    "domains_5": {
      "load_data_time": 4.41955648,
      "training_time": 13.828321801,
      "prediction_time": 0.200798973,
      "accuracy_score": 0.47689075630252103,
      "f1_macro": 0.40863123651921784,
      "confusion_matrix": "[[ 35   3   0 201]\n [  0   0   0 238]\n [  0   0 238   0]\n [ 56   0   0 181]]"
    },
    "domains_6": {
      "load_data_time": 4.466964718,
      "training_time": 13.731754098,
      "prediction_time": 0.199788725,
      "accuracy_score": 0.48739495798319327,
      "f1_macro": 0.42353115623473586,
      "confusion_matrix": "[[ 45   7   0 187]\n [  0   0   0 238]\n [  0   0 238   0]\n [ 56   0   0 181]]"
    },
    "domains_7": {
      "load_data_time": 4.470239197,
      "training_time": 13.75878343,
      "prediction_time": 0.201111101,
      "accuracy_score": 0.46743697478991597,
      "f1_macro": 0.40011417953845935,
      "confusion_matrix": "[[ 31   7   0 201]\n [  0   0   0 238]\n [  0   0 238   0]\n [ 61   0   0 176]]"
    },
    "domains_8": {
      "load_data_time": 4.077068304,
      "training_time": 14.120662275,
      "prediction_time": 0.16559153,
      "accuracy_score": 0.45588235294117646,
      "f1_macro": 0.38254242729355453,
      "confusion_matrix": "[[ 19  10   0 210]\n [  0   0   0 238]\n [  0   0 238   0]\n [ 60   0   0 177]]"
    },
    "domains_9": {
      "load_data_time": 4.052466938,
      "training_time": 14.080178221,
      "prediction_time": 0.373580506,
      "accuracy_score": 0.6086956521739131,
      "f1_macro": 0.4008029959983854,
      "confusion_matrix": "[[238   0   3   2]\n [ 62   0   0   0]\n [  0   0 238   0]\n [238   1   0   0]]"
    },
    "domains_10": {
      "load_data_time": 4.075356147,
      "training_time": 14.026332593,
      "prediction_time": 0.397904611,
      "accuracy_score": 0.5304299274148521,
      "f1_macro": 0.41259929679920043,
      "confusion_matrix": "[[446   0  23   5]\n [336  31   0   5]\n [  0   0 472   0]\n [472   0   0   1]]"
    },
    "domains_11": {
      "load_data_time": 4.077186422,
      "training_time": 14.151123297,
      "prediction_time": 0.396792731,
      "accuracy_score": 0.49921011058451814,
      "f1_macro": 0.3919682402965271,
      "confusion_matrix": "[[453   4  10   8]\n [451  18   0   7]\n [  0   0 473   0]\n [470   1   0   4]]"
    },
    "domains_12": {
      "load_data_time": 4.077186422,
      "training_time": 14.151123297,
      "prediction_time": 0.396792731,
      "accuracy_score": 0.507635597682991,
      "f1_macro": 0.40171090500766826,
      "confusion_matrix": "[[463   1   2   9]\n [425  27   2  19]\n [  0   0 474   0]\n [477   0   0   0]]"
    }
  },
  "end_time": "2026-04-30_19-27-51"
}