{
  "experiment_name": "sehri_khalilian_et_al_setup",
  "feature_extraction": "WaveletFeatures",
  "classifier": "RandomForestClassifier",
  "augmentation": true,
  "start_time": "2026-05-01_12-24-23",
  "scores": {
    "domains_1": {
      "load_data_time": 4.511577576,
      "training_time": 12.207636713,
      "prediction_time": 0.403265635,
      "accuracy_score": 0.8155136268343816,
      "f1_macro": 0.8068883262472333,
      "confusion_matrix": "[[217  20   0   1]\n [ 27 206   0   5]\n [  0   0 238   0]\n [ 68  55   0 117]]"
    },
    "domains_2": {
      "load_data_time": 4.50815189,
      "training_time": 12.084433438,
      "prediction_time": 0.402866543,
      "accuracy_score": 0.5861887190300474,
      "f1_macro": 0.5604047442763701,
      "confusion_matrix": "[[ 25 449   0   1]\n [ 63 399   0  11]\n [  0   0 472   0]\n [155 106   0 216]]"
    },
    "domains_3": {
      "load_data_time": 4.523743368,
      "training_time": 12.084500965,
      "prediction_time": 0.400484887,
      "accuracy_score": 0.5543878087230688,
      "f1_macro": 0.5444998567671033,
      "confusion_matrix": "[[ 90 368   0  17]\n [ 53 297   0 129]\n [  0   0 473   0]\n [156 125   0 195]]"
    },
    "domains_4": {
      "load_data_time": 4.496825796,
      "training_time": 13.790140479,
      "prediction_time": 0.19851842,
      "accuracy_score": 0.6794534944823962,
      "f1_macro": 0.6581393804823494,
      "confusion_matrix": "[[143 317   0  15]\n [  2 475   0   0]\n [  0   0 474   0]\n [154 122   0 201]]"
    },
    "domains_5": {
      "load_data_time": 4.488083717,
      "training_time": 13.763415085,
      "prediction_time": 0.198942657,
      "accuracy_score": 0.49054621848739494,
      "f1_macro": 0.43044426638176636,
      "confusion_matrix": "[[ 52   7   0 180]\n [  0   0   0 238]\n [  0   0 238   0]\n [ 60   0   0 177]]"
    },
    "domains_6": {
      "load_data_time": 4.499080654,
      "training_time": 13.698468252,
      "prediction_time": 0.198741502,
      "accuracy_score": 0.4831932773109244,
      "f1_macro": 0.4145895735273142,
      "confusion_matrix": "[[ 37   7   0 195]\n [  0   0   0 238]\n [  0   0 238   0]\n [ 52   0   0 185]]"
    },
    "domains_7": {
      "load_data_time": 4.46068509,
      "training_time": 13.705188211,
      "prediction_time": 0.198252649,
      "accuracy_score": 0.4695378151260504,
      "f1_macro": 0.3990679523161946,
      "confusion_matrix": "[[ 28  11   0 200]\n [  0   0   0 238]\n [  0   0 238   0]\n [ 56   0   0 181]]"
    },
    "domains_8": {
      "load_data_time": 4.076390816,
      "training_time": 14.095761132,
      "prediction_time": 0.16420815,
      "accuracy_score": 0.45903361344537813,
      "f1_macro": 0.38265755273766333,
      "confusion_matrix": "[[ 18   6   0 215]\n [  0   0   0 238]\n [  0   0 238   0]\n [ 56   0   0 181]]"
    },
    "domains_9": {
      "load_data_time": 4.085205184,
      "training_time": 14.099964005,
      "prediction_time": 0.369969571,
      "accuracy_score": 0.6086956521739131,
      "f1_macro": 0.4006081510393029,
      "confusion_matrix": "[[238   0   3   2]\n [ 62   0   0   0]\n [  0   0 238   0]\n [239   0   0   0]]"
    },
    "domains_10": {
      "load_data_time": 4.057272024,
      "training_time": 14.119871899,
      "prediction_time": 0.393247645,
      "accuracy_score": 0.5337800111669458,
      "f1_macro": 0.4180880492236191,
      "confusion_matrix": "[[448   0  23   3]\n [329  35   0   8]\n [  0   0 472   0]\n [472   0   0   1]]"
    },
    "domains_11": {
      "load_data_time": 4.056532436,
      "training_time": 14.088835464,
      "prediction_time": 0.393010937,
      "accuracy_score": 0.43391258557135337,
      "f1_macro": 0.3309458066491229,
      "confusion_matrix": "[[331   3 134   7]\n [423  17  28   8]\n [  0   0 473   0]\n [471   1   0   3]]"
    },
    "domains_12": {
      "load_data_time": 4.056532436,
      "training_time": 14.088835464,
      "prediction_time": 0.393010937,
      "accuracy_score": 0.5097419694576093,
      "f1_macro": 0.4050698460678762,
      "confusion_matrix": "[[464   2   1   8]\n [423  30   2  18]\n [  0   0 474   0]\n [477   0   0   0]]"
    }
  },
  "end_time": "2026-05-01_12-28-08"
}