{
  "experiment_name": "sehri_khalilian_et_al_setup",
  "feature_extraction": "WaveletFeatures",
  "classifier": "RandomForestClassifier",
  "augmentation": false,
  "start_time": "2026-05-01_04-15-14",
  "scores": {
    "domains_1": {
      "load_data_time": 0.058565239,
      "training_time": 5.805711451,
      "prediction_time": 0.422092871,
      "accuracy_score": 0.7358490566037735,
      "f1_macro": 0.7347563768533236,
      "confusion_matrix": "[[148  89   0   1]\n [ 33 198   0   7]\n [  0   0 238   0]\n [ 51  71   0 118]]"
    },
    "domains_2": {
      "load_data_time": 0.058091108,
      "training_time": 5.766392608,
      "prediction_time": 0.421967365,
      "accuracy_score": 0.6004217185028993,
      "f1_macro": 0.5623927353042124,
      "confusion_matrix": "[[ 13 462   0   0]\n [ 29 433   0  11]\n [  0   0 472   0]\n [149 107   0 221]]"
    },
    "domains_3": {
      "load_data_time": 0.058743534,
      "training_time": 5.767125564,
      "prediction_time": 0.422021718,
      "accuracy_score": 0.5423016290068313,
      "f1_macro": 0.5251949707112495,
      "confusion_matrix": "[[ 55 399   0  21]\n [ 39 291   0 149]\n [  0   0 473   0]\n [134 129   0 213]]"
    },
    "domains_4": {
      "load_data_time": 0.059938933,
      "training_time": 6.092022034,
      "prediction_time": 0.208781955,
      "accuracy_score": 0.6673673147661587,
      "f1_macro": 0.6412019315921431,
      "confusion_matrix": "[[108 349   0  18]\n [  1 476   0   0]\n [  0   0 474   0]\n [132 133   0 212]]"
    },
    "domains_5": {
      "load_data_time": 0.060177656,
      "training_time": 6.074190455,
      "prediction_time": 0.208393781,
      "accuracy_score": 0.48739495798319327,
      "f1_macro": 0.41232165970734275,
      "confusion_matrix": "[[ 32   5   0 202]\n [  0   0   0 238]\n [  0   0 238   0]\n [ 43   0   0 194]]"
    },
    "domains_6": {
      "load_data_time": 0.060472796,
      "training_time": 6.104749465,
      "prediction_time": 0.208019024,
      "accuracy_score": 0.48739495798319327,
      "f1_macro": 0.39837072649572647,
      "confusion_matrix": "[[ 19   5   0 215]\n [  0   0   0 238]\n [  0   0 238   0]\n [ 30   0   0 207]]"
    },
    "domains_7": {
      "load_data_time": 0.060419897,
      "training_time": 6.074542474,
      "prediction_time": 0.208036277,
      "accuracy_score": 0.47584033613445376,
      "f1_macro": 0.3982702866821037,
      "confusion_matrix": "[[ 25   0   0 214]\n [  0   0   0 238]\n [  0   0 238   0]\n [ 47   0   0 190]]"
    },
    "domains_8": {
      "load_data_time": 0.06101807,
      "training_time": 5.456644344,
      "prediction_time": 0.171386108,
      "accuracy_score": 0.4789915966386555,
      "f1_macro": 0.40152452496685814,
      "confusion_matrix": "[[ 26   4   0 209]\n [  0   0   0 238]\n [  0   0 238   0]\n [ 45   0   0 192]]"
    },
    "domains_9": {
      "load_data_time": 0.061241867,
      "training_time": 5.505223914,
      "prediction_time": 0.387894199,
      "accuracy_score": 0.6138107416879796,
      "f1_macro": 0.40433673469387754,
      "confusion_matrix": "[[242   0   0   1]\n [ 62   0   0   0]\n [  0   0 238   0]\n [237   2   0   0]]"
    },
    "domains_10": {
      "load_data_time": 0.061605176,
      "training_time": 5.499611007,
      "prediction_time": 0.411302732,
      "accuracy_score": 0.5421552205471803,
      "f1_macro": 0.42797093961992044,
      "confusion_matrix": "[[462   0   0  12]\n [331  36   0   5]\n [  0   0 472   0]\n [472   0   0   1]]"
    },
    "domains_11": {
      "load_data_time": 0.059339194,
      "training_time": 5.461554209,
      "prediction_time": 0.412475348,
      "accuracy_score": 0.4913112164296998,
      "f1_macro": 0.3936004212643557,
      "confusion_matrix": "[[435   4   0  36]\n [448  23   0   5]\n [  0   0 473   0]\n [472   1   0   2]]"
    },
    "domains_12": {
      "load_data_time": 0.059339194,
      "training_time": 5.461554209,
      "prediction_time": 0.412475348,
      "accuracy_score": 0.4860452869931543,
      "f1_macro": 0.39840258839923737,
      "confusion_matrix": "[[415   2   0  58]\n [425  34   3  11]\n [  0   0 474   0]\n [477   0   0   0]]"
    }
  },
  "end_time": "2026-05-01_04-16-34"
}