{
  "experiment_name": "sehri_khalilian_et_al_setup",
  "feature_extraction": "WaveletFeatures",
  "classifier": "RandomForestClassifier",
  "augmentation": true,
  "start_time": "2026-04-30_20-52-48",
  "scores": {
    "domains_1": {
      "load_data_time": 4.512874892,
      "training_time": 12.326045657,
      "prediction_time": 0.415571426,
      "accuracy_score": 0.8039832285115304,
      "f1_macro": 0.7968276812504361,
      "confusion_matrix": "[[216  22   0   0]\n [ 39 196   0   3]\n [  0   0 238   0]\n [ 69  54   0 117]]"
    },
    "domains_2": {
      "load_data_time": 4.513253693,
      "training_time": 12.180814164,
      "prediction_time": 0.414841552,
      "accuracy_score": 0.5824986821296785,
      "f1_macro": 0.5586043778654486,
      "confusion_matrix": "[[ 30 443   0   2]\n [ 67 391   0  15]\n [  0   0 472   0]\n [153 112   0 212]]"
    },
    "domains_3": {
      "load_data_time": 4.520917502,
      "training_time": 12.196552065,
      "prediction_time": 0.412805126,
      "accuracy_score": 0.5407251707829742,
      "f1_macro": 0.5375901915906891,
      "confusion_matrix": "[[ 94 364   0  17]\n [102 262   0 115]\n [  0   0 473   0]\n [159 117   0 200]]"
    },
    "domains_4": {
      "load_data_time": 4.485932022,
      "training_time": 13.813012675,
      "prediction_time": 0.205745795,
      "accuracy_score": 0.6731476615869679,
      "f1_macro": 0.6513603759759171,
      "confusion_matrix": "[[134 325   0  16]\n [  6 471   0   0]\n [  0   0 474   0]\n [150 125   0 202]]"
    },
    "domains_5": {
      "load_data_time": 4.502782467,
      "training_time": 13.773946942,
      "prediction_time": 0.205912073,
      "accuracy_score": 0.47478991596638653,
      "f1_macro": 0.4071489543320529,
      "confusion_matrix": "[[ 34   8   0 197]\n [  0   0   0 238]\n [  0   0 238   0]\n [ 57   0   0 180]]"
    },
    "domains_6": {
      "load_data_time": 4.490509324,
      "training_time": 13.887306778,
      "prediction_time": 0.205716807,
      "accuracy_score": 0.4947478991596639,
      "f1_macro": 0.42966201569964435,
      "confusion_matrix": "[[ 47   7   0 185]\n [  0   0   0 238]\n [  0   0 238   0]\n [ 51   0   0 186]]"
    },
    "domains_7": {
      "load_data_time": 4.482958023,
      "training_time": 13.852781682,
      "prediction_time": 0.205187923,
      "accuracy_score": 0.4884453781512605,
      "f1_macro": 0.42841880341880345,
      "confusion_matrix": "[[ 51   7   0 181]\n [  0   0   0 238]\n [  0   0 238   0]\n [ 61   0   0 176]]"
    },
    "domains_8": {
      "load_data_time": 4.064244805,
      "training_time": 14.126526112,
      "prediction_time": 0.16959884,
      "accuracy_score": 0.49684873949579833,
      "f1_macro": 0.43548815013368114,
      "confusion_matrix": "[[ 54   4   0 181]\n [  0   0   0 238]\n [  0   0 238   0]\n [ 56   0   0 181]]"
    },
    "domains_9": {
      "load_data_time": 4.09411957,
      "training_time": 14.195760188,
      "prediction_time": 0.38414187,
      "accuracy_score": 0.6061381074168798,
      "f1_macro": 0.39868329868329866,
      "confusion_matrix": "[[236   0   5   2]\n [ 62   0   0   0]\n [  0   0 238   0]\n [239   0   0   0]]"
    },
    "domains_10": {
      "load_data_time": 4.086778393,
      "training_time": 14.162222884,
      "prediction_time": 0.406452848,
      "accuracy_score": 0.5332216638749302,
      "f1_macro": 0.41558119110925684,
      "confusion_matrix": "[[450   0  20   4]\n [333  32   0   7]\n [  0   0 472   0]\n [472   0   0   1]]"
    },
    "domains_11": {
      "load_data_time": 4.091908657,
      "training_time": 14.271147537,
      "prediction_time": 0.407163598,
      "accuracy_score": 0.49499736703528174,
      "f1_macro": 0.38573791419154124,
      "confusion_matrix": "[[450   4  12   9]\n [454  13   0   9]\n [  0   0 473   0]\n [470   1   0   4]]"
    },
    "domains_12": {
      "load_data_time": 4.091908657,
      "training_time": 14.271147537,
      "prediction_time": 0.407163598,
      "accuracy_score": 0.5102685624012638,
      "f1_macro": 0.4066618446800905,
      "confusion_matrix": "[[464   2   1   8]\n [421  31   0  21]\n [  0   0 474   0]\n [477   0   0   0]]"
    }
  },
  "end_time": "2026-04-30_20-56-35"
}