{
  "experiment_name": "sehri_et_al_proposed_setup",
  "feature_extraction": "WaveletFeatures",
  "classifier": "RandomForestClassifier",
  "augmentation": false,
  "start_time": "2026-05-02_00-55-23",
  "scores": {
    "fold_0_0": {
      "load_data_time": 0.049894799,
      "training_time": 4.775871942,
      "prediction_time": 1.098704251,
      "accuracy_score": 0.317498496692724,
      "f1_macro": 0.17309026992117763,
      "confusion_matrix": "[[  39   10 1617]\n [   0    0 1660]\n [ 118    0 1545]]"
    },
    "fold_0_1": {
      "load_data_time": 0.050508259,
      "training_time": 4.955488871,
      "prediction_time": 1.166388407,
      "accuracy_score": 0.3466270683071701,
      "f1_macro": 0.2087026841612691,
      "confusion_matrix": "[[1542    5  120]\n [1270   89   24]\n [1660    1    3]]"
    },
    "fold_0_2": {
      "load_data_time": 0.05685905,
      "training_time": 4.731626709,
      "prediction_time": 1.158602332,
      "accuracy_score": 0.4886,
      "f1_macro": 0.4646673663559114,
      "confusion_matrix": "[[ 333 1286   44]\n [  89 1336  242]\n [ 446  450  774]]"
    },
    "fold_1_0": {
      "load_data_time": 0.056565752,
      "training_time": 4.740754264,
      "prediction_time": 1.104169426,
      "accuracy_score": 0.02205734910767997,
      "f1_macro": 0.022055477837151023,
      "confusion_matrix": "[[ 109 1327  227]\n [   0    0 1660]\n [1551  112    1]]"
    },
    "fold_1_1": {
      "load_data_time": 0.056297695,
      "training_time": 5.227416571,
      "prediction_time": 1.162772299,
      "accuracy_score": 0.12947658402203857,
      "f1_macro": 0.11876994087054171,
      "confusion_matrix": "[[  18    0 1648]\n [1278   73   32]\n [ 730  420  520]]"
    },
    "fold_1_2": {
      "load_data_time": 0.057041966,
      "training_time": 5.119749431,
      "prediction_time": 1.161577082,
      "accuracy_score": 0.4344606764058435,
      "f1_macro": 0.3855044537639744,
      "confusion_matrix": "[[  92  663  912]\n [1179  456   32]\n [  40    0 1623]]"
    },
    "fold_2_0": {
      "load_data_time": 0.056363013,
      "training_time": 5.258444632,
      "prediction_time": 1.095350746,
      "accuracy_score": 0.17530518310986593,
      "f1_macro": 0.17538326605567167,
      "confusion_matrix": "[[ 235  888  544]\n [1422    0  238]\n [ 885  144  641]]"
    },
    "fold_2_1": {
      "load_data_time": 0.055774945,
      "training_time": 5.001108269,
      "prediction_time": 1.154576938,
      "accuracy_score": 0.6481206200891909,
      "f1_macro": 0.5835363445344097,
      "confusion_matrix": "[[1147  205  311]\n [1046  242   95]\n [   0    0 1663]]"
    },
    "fold_2_2": {
      "load_data_time": 0.055774945,
      "training_time": 5.001108269,
      "prediction_time": 1.154576938,
      "accuracy_score": 0.4172503502101261,
      "f1_macro": 0.3106543189318235,
      "confusion_matrix": "[[1624   42    0]\n [1178  460   29]\n [1383  280    1]]"
    }
  },
  "end_time": "2026-05-02_00-56-24"
}