{
  "experiment_name": "sehri_khalilian_et_al_setup",
  "feature_extraction": "WaveletFeatures",
  "classifier": "RandomForestClassifier",
  "augmentation": true,
  "start_time": "2026-05-01_20-33-30",
  "scores": {
    "domains_1": {
      "load_data_time": 4.512878461,
      "training_time": 12.297714743,
      "prediction_time": 0.410191657,
      "accuracy_score": 0.8186582809224319,
      "f1_macro": 0.8094160824540281,
      "confusion_matrix": "[[222  15   0   1]\n [ 31 205   0   2]\n [  0   0 238   0]\n [ 63  61   0 116]]"
    },
    "domains_2": {
      "load_data_time": 4.513661319,
      "training_time": 12.189316773,
      "prediction_time": 0.410049666,
      "accuracy_score": 0.5651027938850817,
      "f1_macro": 0.5514735556948905,
      "confusion_matrix": "[[ 29 445   0   1]\n [107 357   0   9]\n [  0   0 472   0]\n [167  96   0 214]]"
    },
    "domains_3": {
      "load_data_time": 4.525545385,
      "training_time": 12.201174757,
      "prediction_time": 0.409022478,
      "accuracy_score": 0.5423016290068313,
      "f1_macro": 0.5362530393945623,
      "confusion_matrix": "[[ 88 369   0  18]\n [ 82 270   0 127]\n [  0   0 473   0]\n [152 123   0 201]]"
    },
    "domains_4": {
      "load_data_time": 4.456395346,
      "training_time": 13.873889609,
      "prediction_time": 0.202550598,
      "accuracy_score": 0.6705202312138728,
      "f1_macro": 0.6469209508712396,
      "confusion_matrix": "[[131 330   0  14]\n [  1 476   0   0]\n [  0   0 474   0]\n [160 122   0 195]]"
    },
    "domains_5": {
      "load_data_time": 4.478793647,
      "training_time": 13.859767691,
      "prediction_time": 0.203070455,
      "accuracy_score": 0.48634453781512604,
      "f1_macro": 0.41804244654188666,
      "confusion_matrix": "[[ 39   6   0 194]\n [  0   0   0 238]\n [  0   0 238   0]\n [ 51   0   0 186]]"
    },
    "domains_6": {
      "load_data_time": 4.494059327,
      "training_time": 13.880547225,
      "prediction_time": 0.203176223,
      "accuracy_score": 0.5126050420168067,
      "f1_macro": 0.45382925638661387,
      "confusion_matrix": "[[ 66   8   0 165]\n [  0   0   0 238]\n [  0   0 238   0]\n [ 53   0   0 184]]"
    },
    "domains_7": {
      "load_data_time": 4.492221247,
      "training_time": 13.822140135,
      "prediction_time": 0.203026999,
      "accuracy_score": 0.5042016806722689,
      "f1_macro": 0.4403074071483528,
      "confusion_matrix": "[[ 53   9   0 177]\n [  0   0   0 238]\n [  0   0 238   0]\n [ 48   0   0 189]]"
    },
    "domains_8": {
      "load_data_time": 4.093881085,
      "training_time": 14.212642382,
      "prediction_time": 0.168166594,
      "accuracy_score": 0.5241596638655462,
      "f1_macro": 0.46895121927169103,
      "confusion_matrix": "[[ 81   6   0 152]\n [  0   0   0 238]\n [  0   0 238   0]\n [ 57   0   0 180]]"
    },
    "domains_9": {
      "load_data_time": 4.089210534,
      "training_time": 14.236676883,
      "prediction_time": 0.379115052,
      "accuracy_score": 0.6112531969309463,
      "f1_macro": 0.4022106798762404,
      "confusion_matrix": "[[240   0   2   1]\n [ 62   0   0   0]\n [  0   0 238   0]\n [238   1   0   0]]"
    },
    "domains_10": {
      "load_data_time": 4.096869898,
      "training_time": 14.221692252,
      "prediction_time": 0.401483433,
      "accuracy_score": 0.5293132328308208,
      "f1_macro": 0.4100734224909445,
      "confusion_matrix": "[[446   1  24   3]\n [335  30   0   7]\n [  0   0 472   0]\n [473   0   0   0]]"
    },
    "domains_11": {
      "load_data_time": 4.078571222,
      "training_time": 14.284914419,
      "prediction_time": 0.402269137,
      "accuracy_score": 0.49815692469720907,
      "f1_macro": 0.39080966253036403,
      "confusion_matrix": "[[451   4  13   7]\n [449  19   0   8]\n [  0   0 473   0]\n [471   1   0   3]]"
    },
    "domains_12": {
      "load_data_time": 4.078571222,
      "training_time": 14.284914419,
      "prediction_time": 0.402269137,
      "accuracy_score": 0.5102685624012638,
      "f1_macro": 0.4059944524115774,
      "confusion_matrix": "[[464   1   1   9]\n [422  30   3  18]\n [  0   0 474   0]\n [476   0   0   1]]"
    }
  },
  "end_time": "2026-05-01_20-37-17"
}