{
  "experiment_name": "sehri_khalilian_et_al_setup",
  "feature_extraction": "WaveletFeatures",
  "classifier": "RandomForestClassifier",
  "augmentation": false,
  "start_time": "2026-04-30_18-38-24",
  "scores": {
    "domains_1": {
      "load_data_time": 0.058342864,
      "training_time": 5.740775303,
      "prediction_time": 0.413832436,
      "accuracy_score": 0.7368972746331237,
      "f1_macro": 0.736463399882398,
      "confusion_matrix": "[[154  83   0   1]\n [ 37 191   0  10]\n [  0   0 238   0]\n [ 52  68   0 120]]"
    },
    "domains_2": {
      "load_data_time": 0.06081024,
      "training_time": 5.702081026,
      "prediction_time": 0.415202775,
      "accuracy_score": 0.5898787559304165,
      "f1_macro": 0.5564200251688471,
      "confusion_matrix": "[[ 14 461   0   0]\n [ 47 415   0  11]\n [  0   0 472   0]\n [144 115   0 218]]"
    },
    "domains_3": {
      "load_data_time": 0.060613513,
      "training_time": 5.729134147,
      "prediction_time": 0.413315203,
      "accuracy_score": 0.5570152390961639,
      "f1_macro": 0.5384477668861114,
      "confusion_matrix": "[[ 57 402   0  16]\n [ 43 322   0 114]\n [  0   0 473   0]\n [136 132   0 208]]"
    },
    "domains_4": {
      "load_data_time": 0.061741249,
      "training_time": 6.037266279,
      "prediction_time": 0.203797542,
      "accuracy_score": 0.6663163426169206,
      "f1_macro": 0.639941948035595,
      "confusion_matrix": "[[108 349   0  18]\n [  1 476   0   0]\n [  0   0 474   0]\n [128 139   0 210]]"
    },
    "domains_5": {
      "load_data_time": 0.060745075,
      "training_time": 6.014520706,
      "prediction_time": 0.204083202,
      "accuracy_score": 0.47058823529411764,
      "f1_macro": 0.38852159630399075,
      "confusion_matrix": "[[ 18   5   0 216]\n [  0   0   0 238]\n [  0   0 238   0]\n [ 45   0   0 192]]"
    },
    "domains_6": {
      "load_data_time": 0.060796928,
      "training_time": 6.022703416,
      "prediction_time": 0.204461816,
      "accuracy_score": 0.46638655462184875,
      "f1_macro": 0.38622994652406417,
      "confusion_matrix": "[[ 18   4   0 217]\n [  0   0   0 238]\n [  0   0 238   0]\n [ 49   0   0 188]]"
    },
    "domains_7": {
      "load_data_time": 0.060437921,
      "training_time": 6.122399003,
      "prediction_time": 0.204111476,
      "accuracy_score": 0.4579831932773109,
      "f1_macro": 0.37010768432933716,
      "confusion_matrix": "[[  8   4   0 227]\n [  0   0   0 238]\n [  0   0 238   0]\n [ 47   0   0 190]]"
    },
    "domains_8": {
      "load_data_time": 0.059249212,
      "training_time": 5.420411537,
      "prediction_time": 0.168152158,
      "accuracy_score": 0.47163865546218486,
      "f1_macro": 0.3976991984398139,
      "confusion_matrix": "[[ 26   6   0 207]\n [  0   0   0 238]\n [  0   0 238   0]\n [ 52   0   0 185]]"
    },
    "domains_9": {
      "load_data_time": 0.059503546,
      "training_time": 5.416879172,
      "prediction_time": 0.378787573,
      "accuracy_score": 0.6138107416879796,
      "f1_macro": 0.4045338441890166,
      "confusion_matrix": "[[242   0   0   1]\n [ 62   0   0   0]\n [  0   0 238   0]\n [236   3   0   0]]"
    },
    "domains_10": {
      "load_data_time": 0.060697127,
      "training_time": 5.409140052,
      "prediction_time": 0.403081497,
      "accuracy_score": 0.5421552205471803,
      "f1_macro": 0.4288069930848744,
      "confusion_matrix": "[[461   2   0  11]\n [329  37   0   6]\n [  0   0 472   0]\n [472   0   0   1]]"
    },
    "domains_11": {
      "load_data_time": 0.059594677,
      "training_time": 5.403349476,
      "prediction_time": 0.403105244,
      "accuracy_score": 0.482885729331227,
      "f1_macro": 0.3833947755647014,
      "confusion_matrix": "[[427   2   1  45]\n [458  13   0   5]\n [  0   0 473   0]\n [470   1   0   4]]"
    },
    "domains_12": {
      "load_data_time": 0.059594677,
      "training_time": 5.403349476,
      "prediction_time": 0.403105244,
      "accuracy_score": 0.48762506582411796,
      "f1_macro": 0.39814298671456827,
      "confusion_matrix": "[[419   2   0  54]\n [424  33   4  12]\n [  0   0 474   0]\n [477   0   0   0]]"
    }
  },
  "end_time": "2026-04-30_18-39-43"
}