{
  "experiment_name": "sehri_khalilian_et_al_setup",
  "feature_extraction": "WaveletFeatures",
  "classifier": "RandomForestClassifier",
  "augmentation": false,
  "start_time": "2026-04-30_17-54-06",
  "scores": {
    "domains_1": {
      "load_data_time": 0.058152683,
      "training_time": 5.728370487,
      "prediction_time": 0.413650725,
      "accuracy_score": 0.7410901467505241,
      "f1_macro": 0.740618723160216,
      "confusion_matrix": "[[153  84   0   1]\n [ 37 197   0   4]\n [  0   0 238   0]\n [ 47  74   0 119]]"
    },
    "domains_2": {
      "load_data_time": 0.060923056,
      "training_time": 5.69594362,
      "prediction_time": 0.416412204,
      "accuracy_score": 0.5856615709014233,
      "f1_macro": 0.5546598160282508,
      "confusion_matrix": "[[ 13 462   0   0]\n [ 55 410   0   8]\n [  0   0 472   0]\n [155 106   0 216]]"
    },
    "domains_3": {
      "load_data_time": 0.060168229,
      "training_time": 5.683502612,
      "prediction_time": 0.41304234,
      "accuracy_score": 0.5522858644245927,
      "f1_macro": 0.5359022789266732,
      "confusion_matrix": "[[ 59 398   0  18]\n [ 54 311   0 114]\n [  0   0 473   0]\n [133 135   0 208]]"
    },
    "domains_4": {
      "load_data_time": 0.063245803,
      "training_time": 6.02774281,
      "prediction_time": 0.204629774,
      "accuracy_score": 0.6615869679453494,
      "f1_macro": 0.6337525437525438,
      "confusion_matrix": "[[101 357   0  17]\n [  1 476   0   0]\n [  0   0 474   0]\n [123 146   0 208]]"
    },
    "domains_5": {
      "load_data_time": 0.0608801,
      "training_time": 6.026554496,
      "prediction_time": 0.204815468,
      "accuracy_score": 0.46743697478991597,
      "f1_macro": 0.38934186458125053,
      "confusion_matrix": "[[ 20   7   0 212]\n [  0   0   0 238]\n [  0   0 238   0]\n [ 50   0   0 187]]"
    },
    "domains_6": {
      "load_data_time": 0.060981916,
      "training_time": 6.026355519,
      "prediction_time": 0.20507223,
      "accuracy_score": 0.47689075630252103,
      "f1_macro": 0.39616153478935434,
      "confusion_matrix": "[[ 22   4   0 213]\n [  0   0   0 238]\n [  0   0 238   0]\n [ 43   0   0 194]]"
    },
    "domains_7": {
      "load_data_time": 0.060375641,
      "training_time": 6.006290441,
      "prediction_time": 0.205621234,
      "accuracy_score": 0.5084033613445378,
      "f1_macro": 0.4009294181034483,
      "confusion_matrix": "[[ 13   6   0 220]\n [  0   0   0 238]\n [  0   0 238   0]\n [  4   0   0 233]]"
    },
    "domains_8": {
      "load_data_time": 0.060368954,
      "training_time": 5.398520223,
      "prediction_time": 0.168410259,
      "accuracy_score": 0.4695378151260504,
      "f1_macro": 0.38910208643815203,
      "confusion_matrix": "[[ 19   5   0 215]\n [  0   0   0 238]\n [  0   0 238   0]\n [ 47   0   0 190]]"
    },
    "domains_9": {
      "load_data_time": 0.060355763,
      "training_time": 5.448680425,
      "prediction_time": 0.37898335,
      "accuracy_score": 0.6138107416879796,
      "f1_macro": 0.404140127388535,
      "confusion_matrix": "[[242   0   0   1]\n [ 62   0   0   0]\n [  0   0 238   0]\n [238   1   0   0]]"
    },
    "domains_10": {
      "load_data_time": 0.061258273,
      "training_time": 5.408033221,
      "prediction_time": 0.404974496,
      "accuracy_score": 0.5388051367950866,
      "f1_macro": 0.42282430213464695,
      "confusion_matrix": "[[460   1   0  13]\n [333  33   0   6]\n [  0   0 472   0]\n [473   0   0   0]]"
    },
    "domains_11": {
      "load_data_time": 0.059000852,
      "training_time": 5.405016926,
      "prediction_time": 0.405891319,
      "accuracy_score": 0.48657187993680884,
      "f1_macro": 0.3859836976629112,
      "confusion_matrix": "[[433   4   0  38]\n [456  15   0   5]\n [  0   0 473   0]\n [471   1   0   3]]"
    },
    "domains_12": {
      "load_data_time": 0.059000852,
      "training_time": 5.405016926,
      "prediction_time": 0.405891319,
      "accuracy_score": 0.4855186940494997,
      "f1_macro": 0.3988237977583014,
      "confusion_matrix": "[[413   2   0  60]\n [426  35   3   9]\n [  0   0 474   0]\n [477   0   0   0]]"
    }
  },
  "end_time": "2026-04-30_17-55-25"
}