{
  "experiment_name": "sehri_khalilian_et_al_setup",
  "feature_extraction": "WaveletFeatures",
  "classifier": "RandomForestClassifier",
  "augmentation": true,
  "start_time": "2026-04-30_15-42-28",
  "scores": {
    "domains_1": {
      "load_data_time": 4.64488702,
      "training_time": 12.277051441,
      "prediction_time": 0.412765327,
      "accuracy_score": 0.8144654088050315,
      "f1_macro": 0.8056100615893783,
      "confusion_matrix": "[[223  14   0   1]\n [ 33 199   0   6]\n [  0   0 238   0]\n [ 63  60   0 117]]"
    },
    "domains_2": {
      "load_data_time": 4.479311117,
      "training_time": 12.131197417,
      "prediction_time": 0.40415352,
      "accuracy_score": 0.5756457564575646,
      "f1_macro": 0.5576869839575516,
      "confusion_matrix": "[[ 33 441   0   1]\n [ 87 374   0  12]\n [  0   0 472   0]\n [160 104   0 213]]"
    },
    "domains_3": {
      "load_data_time": 4.447435904,
      "training_time": 12.187996004,
      "prediction_time": 0.401407438,
      "accuracy_score": 0.5522858644245927,
      "f1_macro": 0.5432880917580145,
      "confusion_matrix": "[[ 89 370   0  16]\n [ 64 295   0 120]\n [  0   0 473   0]\n [158 124   0 194]]"
    },
    "domains_4": {
      "load_data_time": 4.425191824,
      "training_time": 13.816342546,
      "prediction_time": 0.199697679,
      "accuracy_score": 0.674198633736206,
      "f1_macro": 0.6517813591923164,
      "confusion_matrix": "[[138 323   0  14]\n [  2 475   0   0]\n [  0   0 474   0]\n [155 126   0 196]]"
    },
    "domains_5": {
      "load_data_time": 4.435403847,
      "training_time": 13.741456454,
      "prediction_time": 0.199383195,
      "accuracy_score": 0.46638655462184875,
      "f1_macro": 0.39643315736909684,
      "confusion_matrix": "[[ 28   4   0 207]\n [  0   0   0 238]\n [  0   0 238   0]\n [ 59   0   0 178]]"
    },
    "domains_6": {
      "load_data_time": 4.426169818,
      "training_time": 13.734579432,
      "prediction_time": 0.200271749,
      "accuracy_score": 0.47163865546218486,
      "f1_macro": 0.40529133373656345,
      "confusion_matrix": "[[ 34   8   0 197]\n [  0   0   0 238]\n [  0   0 238   0]\n [ 60   0   0 177]]"
    },
    "domains_7": {
      "load_data_time": 4.43429872,
      "training_time": 13.837899415,
      "prediction_time": 0.202788499,
      "accuracy_score": 0.4800420168067227,
      "f1_macro": 0.41644139761782323,
      "confusion_matrix": "[[ 42   5   0 192]\n [  0   0   0 238]\n [  0   0 238   0]\n [ 60   0   0 177]]"
    },
    "domains_8": {
      "load_data_time": 3.981922148,
      "training_time": 14.130174603,
      "prediction_time": 0.166453446,
      "accuracy_score": 0.5441176470588235,
      "f1_macro": 0.4913345499877906,
      "confusion_matrix": "[[101  10   0 128]\n [  0   0   0 238]\n [  0   0 238   0]\n [ 58   0   0 179]]"
    },
    "domains_9": {
      "load_data_time": 3.983530013,
      "training_time": 14.103873886,
      "prediction_time": 0.372968204,
      "accuracy_score": 0.6035805626598465,
      "f1_macro": 0.39644691917419195,
      "confusion_matrix": "[[234   0   8   1]\n [ 61   0   0   1]\n [  0   0 238   0]\n [239   0   0   0]]"
    },
    "domains_10": {
      "load_data_time": 3.984121622,
      "training_time": 14.16501885,
      "prediction_time": 0.394606704,
      "accuracy_score": 0.5315466219988833,
      "f1_macro": 0.4130739569643548,
      "confusion_matrix": "[[448   0  24   2]\n [332  31   0   9]\n [  0   0 472   0]\n [472   0   0   1]]"
    },
    "domains_11": {
      "load_data_time": 3.964491561,
      "training_time": 14.079326028,
      "prediction_time": 0.394983342,
      "accuracy_score": 0.49710373880989994,
      "f1_macro": 0.3884633778837907,
      "confusion_matrix": "[[451   3  14   7]\n [452  17   0   7]\n [  0   0 473   0]\n [471   1   0   3]]"
    },
    "domains_12": {
      "load_data_time": 3.964491561,
      "training_time": 14.079326028,
      "prediction_time": 0.394983342,
      "accuracy_score": 0.507635597682991,
      "f1_macro": 0.402041096660226,
      "confusion_matrix": "[[463   1   1  10]\n [424  27   2  20]\n [  0   0 474   0]\n [477   0   0   0]]"
    }
  },
  "end_time": "2026-04-30_15-46-13"
}