{
  "holdout_0": {
    "load_data_time": 0.078160435,
    "training_time": 5.055147308,
    "prediction_time": 0.155302944,
    "accuracy_score": 0.6410614525139665,
    "f1_macro": 0.6386833702046595,
    "confusion_matrix": "[[141  96   1]\n [ 30 202   6]\n [ 49  75 116]]"
  }
}