{
  "experiment_name": "sehri_khalilian_et_al_setup",
  "feature_extraction": "WaveletFeatures",
  "classifier": "RandomForestClassifier",
  "augmentation": true,
  "start_time": "2026-05-01_09-27-09",
  "scores": {
    "domains_1": {
      "load_data_time": 4.516782566,
      "training_time": 12.205800813,
      "prediction_time": 0.40436223,
      "accuracy_score": 0.80083857442348,
      "f1_macro": 0.7929340491661544,
      "confusion_matrix": "[[216  21   0   1]\n [ 40 196   0   2]\n [  0   0 238   0]\n [ 70  56   0 114]]"
    },
    "domains_2": {
      "load_data_time": 4.492501078,
      "training_time": 12.063108928,
      "prediction_time": 0.404603552,
      "accuracy_score": 0.5777543489720611,
      "f1_macro": 0.5573842598587296,
      "confusion_matrix": "[[ 29 445   0   1]\n [ 82 381   0  10]\n [  0   0 472   0]\n [155 108   0 214]]"
    },
    "domains_3": {
      "load_data_time": 4.520473767,
      "training_time": 12.140193678,
      "prediction_time": 0.403686642,
      "accuracy_score": 0.5317919075144508,
      "f1_macro": 0.5278845076242904,
      "confusion_matrix": "[[ 88 371   0  16]\n [ 96 255   0 128]\n [  0   0 473   0]\n [159 121   0 196]]"
    },
    "domains_4": {
      "load_data_time": 4.475395423,
      "training_time": 13.801713354,
      "prediction_time": 0.20063599,
      "accuracy_score": 0.6773515501839201,
      "f1_macro": 0.6555165580804486,
      "confusion_matrix": "[[138 322   0  15]\n [  2 475   0   0]\n [  0   0 474   0]\n [155 120   0 202]]"
    },
    "domains_5": {
      "load_data_time": 4.479190768,
      "training_time": 13.776349704,
      "prediction_time": 0.200738396,
      "accuracy_score": 0.47584033613445376,
      "f1_macro": 0.4082565074962678,
      "confusion_matrix": "[[ 35   5   0 199]\n [  0   0   0 238]\n [  0   0 238   0]\n [ 57   0   0 180]]"
    },
    "domains_6": {
      "load_data_time": 4.475703179,
      "training_time": 13.74948235,
      "prediction_time": 0.200300693,
      "accuracy_score": 0.5262605042016807,
      "f1_macro": 0.46946719467194675,
      "confusion_matrix": "[[ 78   8   0 153]\n [  0   0   0 238]\n [  0   0 238   0]\n [ 52   0   0 185]]"
    },
    "domains_7": {
      "load_data_time": 4.469663286,
      "training_time": 13.761679499,
      "prediction_time": 0.199999387,
      "accuracy_score": 0.4842436974789916,
      "f1_macro": 0.4196792078932063,
      "confusion_matrix": "[[ 43   4   0 192]\n [  0   0   0 238]\n [  0   0 238   0]\n [ 57   0   0 180]]"
    },
    "domains_8": {
      "load_data_time": 4.063899841,
      "training_time": 14.061859377,
      "prediction_time": 0.165447317,
      "accuracy_score": 0.5252100840336135,
      "f1_macro": 0.46811649773272873,
      "confusion_matrix": "[[ 77   7   0 155]\n [  0   0   0 238]\n [  0   0 238   0]\n [ 52   0   0 185]]"
    },
    "domains_9": {
      "load_data_time": 4.067536912,
      "training_time": 14.059618161,
      "prediction_time": 0.373324747,
      "accuracy_score": 0.5460358056265985,
      "f1_macro": 0.35355751618811754,
      "confusion_matrix": "[[189   0  53   1]\n [ 60   0   2   0]\n [  0   0 238   0]\n [238   1   0   0]]"
    },
    "domains_10": {
      "load_data_time": 4.070182279,
      "training_time": 14.358883865,
      "prediction_time": 0.398393242,
      "accuracy_score": 0.5321049692908989,
      "f1_macro": 0.4129617496313085,
      "confusion_matrix": "[[450   0  21   3]\n [334  30   0   8]\n [  0   0 472   0]\n [472   0   0   1]]"
    },
    "domains_11": {
      "load_data_time": 4.085794613,
      "training_time": 14.103336411,
      "prediction_time": 0.396910709,
      "accuracy_score": 0.4986835176408636,
      "f1_macro": 0.39212203267559065,
      "confusion_matrix": "[[450   3  15   7]\n [448  21   0   7]\n [  0   0 473   0]\n [471   1   0   3]]"
    },
    "domains_12": {
      "load_data_time": 4.085794613,
      "training_time": 14.103336411,
      "prediction_time": 0.396910709,
      "accuracy_score": 0.5081621906266456,
      "f1_macro": 0.40393598517722684,
      "confusion_matrix": "[[461   2   4   8]\n [423  30   1  19]\n [  0   0 474   0]\n [477   0   0   0]]"
    }
  },
  "end_time": "2026-05-01_09-30-55"
}