{
  "experiment_name": "sehri_khalilian_et_al_setup",
  "feature_extraction": "RMSFeatures",
  "classifier": "CNNLSTMClassifier",
  "augmentation": false,
  "start_time": "2026-05-06_10-45-24",
  "scores": {
    "domains_1": {
      "load_data_time": 0.2632114,
      "training_time": 564.2552128,
      "prediction_time": 0.6833421,
      "accuracy_score": 0.3920335429769392,
      "f1_macro": 0.39499654847526267,
      "confusion_matrix": "[[  1 149   0  88]\n [ 10 177   0  51]\n [ 49   0 124  65]\n [153  15   0  72]]"
    },
    "domains_2": {
      "load_data_time": 1.1351867,
      "training_time": 704.4110364,
      "prediction_time": 0.6647201,
      "accuracy_score": 0.5213494992092778,
      "f1_macro": 0.4637761088812514,
      "confusion_matrix": "[[ 17 347   0 111]\n [  1 467   0   5]\n [  0   0 472   0]\n [420  24   0  33]]"
    },
    "domains_3": {
      "load_data_time": 1.0134076,
      "training_time": 780.625122,
      "prediction_time": 0.6507345,
      "accuracy_score": 0.5491329479768786,
      "f1_macro": 0.505072167371183,
      "confusion_matrix": "[[ 67 240   0 168]\n [  0 457   0  22]\n [  0   0 473   0]\n [373  48   7  48]]"
    },
    "domains_4": {
      "load_data_time": 1.0827085,
      "training_time": 781.9416393,
      "prediction_time": 0.3590255,
      "accuracy_score": 0.6820809248554913,
      "f1_macro": 0.6585178234625353,
      "confusion_matrix": "[[353  35   0  87]\n [ 74 388   0  15]\n [  0   0 474   0]\n [353   0  41  83]]"
    },
    "domains_5": {
      "load_data_time": 0.9752268,
      "training_time": 698.7912685,
      "prediction_time": 0.2657815,
      "accuracy_score": 0.6207983193277311,
      "f1_macro": 0.5929366380437394,
      "confusion_matrix": "[[ 32   4   0 203]\n [  2 106   0 130]\n [  0   0 233   5]\n [ 16   1   0 220]]"
    },
    "domains_6": {
      "load_data_time": 0.4507067,
      "training_time": 1055.6702831,
      "prediction_time": 0.4832961,
      "accuracy_score": 0.5976890756302521,
      "f1_macro": 0.5589779518465019,
      "confusion_matrix": "[[ 38   9   0 192]\n [ 75  67   1  95]\n [  0   0 238   0]\n [ 10   1   0 226]]"
    },
    "domains_7": {
      "load_data_time": 1.0345876,
      "training_time": 81828.6019157,
      "prediction_time": 0.1942359,
      "accuracy_score": 0.4317226890756303,
      "f1_macro": 0.3865949371852063,
      "confusion_matrix": "[[198  31   0  10]\n [117 119   0   2]\n [ 45 177  16   0]\n [143  16   0  78]]"
    },
    "domains_8": {
      "load_data_time": 0.5321943,
      "training_time": 541.6325166,
      "prediction_time": 0.1745932,
      "accuracy_score": 0.5010504201680672,
      "f1_macro": 0.3763396566048186,
      "confusion_matrix": "[[  0   0   0 239]\n [  0   2   7 229]\n [  0   0 238   0]\n [  0   0   0 237]]"
    },
    "domains_9": {
      "load_data_time": 0.1889359,
      "training_time": 557.7821508,
      "prediction_time": 0.374831,
      "accuracy_score": 0.5626598465473146,
      "f1_macro": 0.3482296002808566,
      "confusion_matrix": "[[202   0  41   0]\n [ 62   0   0   0]\n [  0   0 238   0]\n [121   0 118   0]]"
    },
    "domains_10": {
      "load_data_time": 0.3913025,
      "training_time": 568.0935744,
      "prediction_time": 0.372523,
      "accuracy_score": 0.3858179787828029,
      "f1_macro": 0.4026393603445928,
      "confusion_matrix": "[[ 63  46   0 365]\n [262  99   0  11]\n [  0   0 472   0]\n [413   3   0  57]]"
    },
    "domains_11": {
      "load_data_time": 0.2807067,
      "training_time": 550.919026,
      "prediction_time": 0.357825,
      "accuracy_score": 0.4676145339652449,
      "f1_macro": 0.4010908996858083,
      "confusion_matrix": "[[388  86   0   1]\n [406  70   0   0]\n [  0  43 430   0]\n [467   8   0   0]]"
    },
    "domains_12": {
      "load_data_time": 0.2807067,
      "training_time": 550.919026,
      "prediction_time": 0.357825,
      "accuracy_score": 0.39178515007898895,
      "f1_macro": 0.3790182593882734,
      "confusion_matrix": "[[319  92   0  64]\n [370  86  14   3]\n [  0 183 291   0]\n [421   8   0  48]]"
    }
  },
  "end_time": "2026-05-07_11-31-56"
}