{
  "experiment_name": "sehri_khalilian_et_al_setup",
  "feature_extraction": "WaveletFeatures",
  "classifier": "RandomForestClassifier",
  "augmentation": true,
  "start_time": "2026-05-01_05-45-17",
  "scores": {
    "domains_1": {
      "load_data_time": 4.516965882,
      "training_time": 12.306176441,
      "prediction_time": 0.413926883,
      "accuracy_score": 0.8155136268343816,
      "f1_macro": 0.8068299015249006,
      "confusion_matrix": "[[215  23   0   0]\n [ 27 209   0   2]\n [  0   0 238   0]\n [ 67  57   0 116]]"
    },
    "domains_2": {
      "load_data_time": 4.512790424,
      "training_time": 12.257961727,
      "prediction_time": 0.416784088,
      "accuracy_score": 0.5898787559304165,
      "f1_macro": 0.5626897462040324,
      "confusion_matrix": "[[ 29 444   0   2]\n [ 55 407   0  11]\n [  0   0 472   0]\n [156 110   0 211]]"
    },
    "domains_3": {
      "load_data_time": 4.508755915,
      "training_time": 12.238976655,
      "prediction_time": 0.413685348,
      "accuracy_score": 0.5522858644245927,
      "f1_macro": 0.5426838949141269,
      "confusion_matrix": "[[ 89 369   0  17]\n [ 51 291   0 137]\n [  0   0 473   0]\n [157 121   0 198]]"
    },
    "domains_4": {
      "load_data_time": 4.493261449,
      "training_time": 13.933471741,
      "prediction_time": 0.20522718,
      "accuracy_score": 0.6726221755123489,
      "f1_macro": 0.650106208275116,
      "confusion_matrix": "[[134 327   0  14]\n [  3 474   0   0]\n [  0   0 474   0]\n [158 121   0 198]]"
    },
    "domains_5": {
      "load_data_time": 4.45254948,
      "training_time": 13.952850834,
      "prediction_time": 0.204990485,
      "accuracy_score": 0.47794117647058826,
      "f1_macro": 0.4081204559734315,
      "confusion_matrix": "[[ 33   8   0 198]\n [  0   0   0 238]\n [  0   0 238   0]\n [ 53   0   0 184]]"
    },
    "domains_6": {
      "load_data_time": 4.49166099,
      "training_time": 13.806549156,
      "prediction_time": 0.204999522,
      "accuracy_score": 0.47794117647058826,
      "f1_macro": 0.4045376212174319,
      "confusion_matrix": "[[ 29   9   0 201]\n [  0   0   0 238]\n [  0   0 238   0]\n [ 49   0   0 188]]"
    },
    "domains_7": {
      "load_data_time": 4.4992579,
      "training_time": 13.827731026,
      "prediction_time": 0.205711287,
      "accuracy_score": 0.5346638655462185,
      "f1_macro": 0.4801497001121532,
      "confusion_matrix": "[[ 90   6   0 143]\n [  0   0   0 238]\n [  0   0 238   0]\n [ 56   0   0 181]]"
    },
    "domains_8": {
      "load_data_time": 4.082685879,
      "training_time": 14.102183008,
      "prediction_time": 0.168961666,
      "accuracy_score": 0.47794117647058826,
      "f1_macro": 0.40962423789971386,
      "confusion_matrix": "[[ 35   6   0 198]\n [  0   0   0 238]\n [  0   0 238   0]\n [ 55   0   0 182]]"
    },
    "domains_9": {
      "load_data_time": 4.076485484,
      "training_time": 14.132423974,
      "prediction_time": 0.382439607,
      "accuracy_score": 0.5485933503836317,
      "f1_macro": 0.35548777970440093,
      "confusion_matrix": "[[191   0  51   1]\n [ 61   0   1   0]\n [  0   0 238   0]\n [239   0   0   0]]"
    },
    "domains_10": {
      "load_data_time": 4.053887745,
      "training_time": 14.077249368,
      "prediction_time": 0.406814501,
      "accuracy_score": 0.5309882747068677,
      "f1_macro": 0.41227828726927435,
      "confusion_matrix": "[[448   0  22   4]\n [334  30   0   8]\n [  0   0 472   0]\n [472   0   0   1]]"
    },
    "domains_11": {
      "load_data_time": 4.065407024,
      "training_time": 14.152595244,
      "prediction_time": 0.405647568,
      "accuracy_score": 0.49710373880989994,
      "f1_macro": 0.3898866150297144,
      "confusion_matrix": "[[449   4  15   7]\n [449  19   0   8]\n [  0   0 473   0]\n [471   1   0   3]]"
    },
    "domains_12": {
      "load_data_time": 4.065407024,
      "training_time": 14.152595244,
      "prediction_time": 0.405647568,
      "accuracy_score": 0.5102685624012638,
      "f1_macro": 0.4067755903433055,
      "confusion_matrix": "[[464   1   1   9]\n [422  30   0  21]\n [  0   0 474   0]\n [476   0   0   1]]"
    }
  },
  "end_time": "2026-05-01_05-49-04"
}