{
  "experiment_name": "sehri_khalilian_et_al_setup",
  "feature_extraction": "WaveletFeatures",
  "classifier": "RandomForestClassifier",
  "augmentation": true,
  "start_time": "2026-04-30_17-11-14",
  "scores": {
    "domains_1": {
      "load_data_time": 4.509617501,
      "training_time": 12.258039101,
      "prediction_time": 0.407382413,
      "accuracy_score": 0.8113207547169812,
      "f1_macro": 0.8036435285730381,
      "confusion_matrix": "[[225  12   0   1]\n [ 43 193   0   2]\n [  0   0 238   0]\n [ 69  53   0 118]]"
    },
    "domains_2": {
      "load_data_time": 4.497384237,
      "training_time": 12.128722104,
      "prediction_time": 0.407699098,
      "accuracy_score": 0.5751186083289405,
      "f1_macro": 0.5565414104032019,
      "confusion_matrix": "[[ 30 444   0   1]\n [ 87 377   0   9]\n [  0   0 472   0]\n [163 102   0 212]]"
    },
    "domains_3": {
      "load_data_time": 4.516223921,
      "training_time": 12.201676471,
      "prediction_time": 0.406303906,
      "accuracy_score": 0.5370467682606411,
      "f1_macro": 0.5311910977197599,
      "confusion_matrix": "[[ 89 368   0  18]\n [ 80 265   0 134]\n [  0   0 473   0]\n [155 126   0 195]]"
    },
    "domains_4": {
      "load_data_time": 4.457015978,
      "training_time": 13.767347908,
      "prediction_time": 0.201558159,
      "accuracy_score": 0.674724119810825,
      "f1_macro": 0.6523845147296872,
      "confusion_matrix": "[[140 320   0  15]\n [  2 475   0   0]\n [  0   0 474   0]\n [160 122   0 195]]"
    },
    "domains_5": {
      "load_data_time": 4.455317203,
      "training_time": 13.783275751,
      "prediction_time": 0.202322181,
      "accuracy_score": 0.5199579831932774,
      "f1_macro": 0.4640165048640492,
      "confusion_matrix": "[[ 76   8   0 155]\n [  0   0   0 238]\n [  0   0 238   0]\n [ 56   0   0 181]]"
    },
    "domains_6": {
      "load_data_time": 4.437442889,
      "training_time": 13.749343435,
      "prediction_time": 0.201433766,
      "accuracy_score": 0.49684873949579833,
      "f1_macro": 0.4357471303810717,
      "confusion_matrix": "[[ 54   6   0 179]\n [  0   0   0 238]\n [  0   0 238   0]\n [ 56   0   0 181]]"
    },
    "domains_7": {
      "load_data_time": 4.471589277,
      "training_time": 13.767192989,
      "prediction_time": 0.20068556,
      "accuracy_score": 0.5,
      "f1_macro": 0.4346187943262412,
      "confusion_matrix": "[[ 49   8   0 182]\n [  0   0   0 238]\n [  0   0 238   0]\n [ 48   0   0 189]]"
    },
    "domains_8": {
      "load_data_time": 4.054190534,
      "training_time": 14.044978882,
      "prediction_time": 0.165959903,
      "accuracy_score": 0.5262605042016807,
      "f1_macro": 0.46946719467194675,
      "confusion_matrix": "[[ 78   8   0 153]\n [  0   0   0 238]\n [  0   0 238   0]\n [ 52   0   0 185]]"
    },
    "domains_9": {
      "load_data_time": 4.091767556,
      "training_time": 14.129701364,
      "prediction_time": 0.374827372,
      "accuracy_score": 0.6061381074168798,
      "f1_macro": 0.3988774990058687,
      "confusion_matrix": "[[236   0   5   2]\n [ 61   0   0   1]\n [  0   0 238   0]\n [239   0   0   0]]"
    },
    "domains_10": {
      "load_data_time": 4.061548368,
      "training_time": 14.047210228,
      "prediction_time": 0.399884184,
      "accuracy_score": 0.5321049692908989,
      "f1_macro": 0.4115672793820899,
      "confusion_matrix": "[[452   1  19   2]\n [333  28   0  11]\n [  0   0 472   0]\n [472   0   0   1]]"
    },
    "domains_11": {
      "load_data_time": 4.080961723,
      "training_time": 14.049805166,
      "prediction_time": 0.398145178,
      "accuracy_score": 0.4986835176408636,
      "f1_macro": 0.39155896015555497,
      "confusion_matrix": "[[451   3  14   7]\n [449  20   0   7]\n [  0   0 473   0]\n [471   1   0   3]]"
    },
    "domains_12": {
      "load_data_time": 4.080961723,
      "training_time": 14.049805166,
      "prediction_time": 0.398145178,
      "accuracy_score": 0.5086887835703001,
      "f1_macro": 0.4036030535106919,
      "confusion_matrix": "[[463   2   1   9]\n [424  29   3  17]\n [  0   0 474   0]\n [477   0   0   0]]"
    }
  },
  "end_time": "2026-04-30_17-15-00"
}