{
  "experiment_name": "sehri_khalilian_et_al_setup",
  "feature_extraction": "WaveletFeatures",
  "classifier": "RandomForestClassifier",
  "augmentation": true,
  "start_time": "2026-04-30_18-39-45",
  "scores": {
    "domains_1": {
      "load_data_time": 4.522406832,
      "training_time": 12.464910037,
      "prediction_time": 0.416478422,
      "accuracy_score": 0.8060796645702306,
      "f1_macro": 0.7977453842803607,
      "confusion_matrix": "[[215  23   0   0]\n [ 34 202   0   2]\n [  0   0 238   0]\n [ 71  55   0 114]]"
    },
    "domains_2": {
      "load_data_time": 4.509363023,
      "training_time": 12.336196332,
      "prediction_time": 0.416252038,
      "accuracy_score": 0.5751186083289405,
      "f1_macro": 0.5576182178196323,
      "confusion_matrix": "[[ 32 443   0   0]\n [ 90 376   0   7]\n [  0   0 472   0]\n [163 103   0 211]]"
    },
    "domains_3": {
      "load_data_time": 4.524438131,
      "training_time": 12.347843777,
      "prediction_time": 0.412725531,
      "accuracy_score": 0.5433526011560693,
      "f1_macro": 0.5361621906083816,
      "confusion_matrix": "[[ 87 370   0  18]\n [ 72 274   0 133]\n [  0   0 473   0]\n [154 122   0 200]]"
    },
    "domains_4": {
      "load_data_time": 4.491650696,
      "training_time": 13.936836483,
      "prediction_time": 0.205513409,
      "accuracy_score": 0.6726221755123489,
      "f1_macro": 0.6494997633520138,
      "confusion_matrix": "[[134 327   0  14]\n [  1 476   0   0]\n [  0   0 474   0]\n [154 127   0 196]]"
    },
    "domains_5": {
      "load_data_time": 4.494493558,
      "training_time": 13.988943927,
      "prediction_time": 0.206122256,
      "accuracy_score": 0.5178571428571429,
      "f1_macro": 0.45989552152987057,
      "confusion_matrix": "[[ 70  10   0 159]\n [  0   0   0 238]\n [  0   0 238   0]\n [ 52   0   0 185]]"
    },
    "domains_6": {
      "load_data_time": 4.498613147,
      "training_time": 13.971396668,
      "prediction_time": 0.206253726,
      "accuracy_score": 0.46008403361344535,
      "f1_macro": 0.38545179799395557,
      "confusion_matrix": "[[ 20   7   0 212]\n [  0   0   0 238]\n [  0   0 238   0]\n [ 57   0   0 180]]"
    },
    "domains_7": {
      "load_data_time": 4.489760604,
      "training_time": 13.953351884,
      "prediction_time": 0.20637729,
      "accuracy_score": 0.4695378151260504,
      "f1_macro": 0.39938837646637415,
      "confusion_matrix": "[[ 29   6   0 204]\n [  0   0   0 238]\n [  0   0 238   0]\n [ 57   0   0 180]]"
    },
    "domains_8": {
      "load_data_time": 4.057642828,
      "training_time": 14.278034508,
      "prediction_time": 0.170371602,
      "accuracy_score": 0.5031512605042017,
      "f1_macro": 0.4429444050991501,
      "confusion_matrix": "[[ 59   5   0 175]\n [  0   0   0 238]\n [  0   0 238   0]\n [ 55   0   0 182]]"
    },
    "domains_9": {
      "load_data_time": 4.058776549,
      "training_time": 14.247979172,
      "prediction_time": 0.383703433,
      "accuracy_score": 0.6074168797953964,
      "f1_macro": 0.39951934752961715,
      "confusion_matrix": "[[237   0   5   1]\n [ 61   0   0   1]\n [  0   0 238   0]\n [238   1   0   0]]"
    },
    "domains_10": {
      "load_data_time": 4.059928426,
      "training_time": 14.316267546,
      "prediction_time": 0.407697568,
      "accuracy_score": 0.5304299274148521,
      "f1_macro": 0.40942686597029776,
      "confusion_matrix": "[[450   1  20   3]\n [337  27   0   8]\n [  0   0 472   0]\n [472   0   0   1]]"
    },
    "domains_11": {
      "load_data_time": 4.03719044,
      "training_time": 14.274853312,
      "prediction_time": 0.409336561,
      "accuracy_score": 0.49973670352817273,
      "f1_macro": 0.3924984517069909,
      "confusion_matrix": "[[453   4  12   6]\n [450  19   0   7]\n [  0   0 473   0]\n [470   1   0   4]]"
    },
    "domains_12": {
      "load_data_time": 4.03719044,
      "training_time": 14.274853312,
      "prediction_time": 0.409336561,
      "accuracy_score": 0.5081621906266456,
      "f1_macro": 0.4033828163265912,
      "confusion_matrix": "[[463   1   2   9]\n [422  28   0  23]\n [  0   0 474   0]\n [477   0   0   0]]"
    }
  },
  "end_time": "2026-04-30_18-43-33"
}