{
  "experiment_name": "sehri_khalilian_et_al_setup",
  "feature_extraction": "WaveletFeatures",
  "classifier": "RandomForestClassifier",
  "augmentation": false,
  "start_time": "2026-05-01_13-51-57",
  "scores": {
    "domains_1": {
      "load_data_time": 0.058061149,
      "training_time": 5.705924716,
      "prediction_time": 0.407110229,
      "accuracy_score": 0.7379454926624738,
      "f1_macro": 0.7374278293192624,
      "confusion_matrix": "[[161  76   0   1]\n [ 44 187   0   7]\n [  0   0 238   0]\n [ 56  66   0 118]]"
    },
    "domains_2": {
      "load_data_time": 0.058272894,
      "training_time": 5.650753272,
      "prediction_time": 0.405912987,
      "accuracy_score": 0.5898787559304165,
      "f1_macro": 0.555837196393624,
      "confusion_matrix": "[[ 17 457   0   1]\n [ 40 415   0  18]\n [  0   0 472   0]\n [147 115   0 215]]"
    },
    "domains_3": {
      "load_data_time": 0.060193274,
      "training_time": 5.6926413,
      "prediction_time": 0.406267746,
      "accuracy_score": 0.5533368365738308,
      "f1_macro": 0.5360952779542197,
      "confusion_matrix": "[[ 62 396   0  17]\n [ 45 316   0 118]\n [  0   0 473   0]\n [129 145   0 202]]"
    },
    "domains_4": {
      "load_data_time": 0.063931532,
      "training_time": 5.9918852,
      "prediction_time": 0.200346989,
      "accuracy_score": 0.6626379400945875,
      "f1_macro": 0.6351586788855854,
      "confusion_matrix": "[[106 351   0  18]\n [  0 477   0   0]\n [  0   0 474   0]\n [128 145   0 204]]"
    },
    "domains_5": {
      "load_data_time": 0.05992097,
      "training_time": 6.076334776,
      "prediction_time": 0.201075031,
      "accuracy_score": 0.4642857142857143,
      "f1_macro": 0.38277105561184954,
      "confusion_matrix": "[[ 16   3   0 220]\n [  0   0   0 238]\n [  0   0 238   0]\n [ 49   0   0 188]]"
    },
    "domains_6": {
      "load_data_time": 0.06008031,
      "training_time": 5.980298534,
      "prediction_time": 0.201561663,
      "accuracy_score": 0.49684873949579833,
      "f1_macro": 0.42560622058376135,
      "confusion_matrix": "[[ 41   2   0 196]\n [  0   0   0 238]\n [  0   0 238   0]\n [ 43   0   0 194]]"
    },
    "domains_7": {
      "load_data_time": 0.060496904,
      "training_time": 5.974014369,
      "prediction_time": 0.200907828,
      "accuracy_score": 0.4653361344537815,
      "f1_macro": 0.3827489526021849,
      "confusion_matrix": "[[ 15   8   0 216]\n [  0   0   0 238]\n [  0   0 238   0]\n [ 47   0   0 190]]"
    },
    "domains_8": {
      "load_data_time": 0.059183323,
      "training_time": 5.384143043,
      "prediction_time": 0.164892938,
      "accuracy_score": 0.4737394957983193,
      "f1_macro": 0.38989763174545783,
      "confusion_matrix": "[[ 18   3   0 218]\n [  0   0   0 238]\n [  0   0 238   0]\n [ 42   0   0 195]]"
    },
    "domains_9": {
      "load_data_time": 0.059325988,
      "training_time": 5.374715468,
      "prediction_time": 0.372044313,
      "accuracy_score": 0.6138107416879796,
      "f1_macro": 0.4045338441890166,
      "confusion_matrix": "[[242   0   0   1]\n [ 61   0   0   1]\n [  0   0 238   0]\n [237   2   0   0]]"
    },
    "domains_10": {
      "load_data_time": 0.060257755,
      "training_time": 5.37617705,
      "prediction_time": 0.396403116,
      "accuracy_score": 0.5371300949190396,
      "f1_macro": 0.4202013061184304,
      "confusion_matrix": "[[459   1   0  14]\n [334  30   0   8]\n [  0   0 472   0]\n [472   0   0   1]]"
    },
    "domains_11": {
      "load_data_time": 0.059337932,
      "training_time": 5.351033202,
      "prediction_time": 0.396494616,
      "accuracy_score": 0.4886782517114271,
      "f1_macro": 0.3892619979742781,
      "confusion_matrix": "[[434   3   0  38]\n [455  17   0   4]\n [  0   0 473   0]\n [470   1   0   4]]"
    },
    "domains_12": {
      "load_data_time": 0.059337932,
      "training_time": 5.351033202,
      "prediction_time": 0.396494616,
      "accuracy_score": 0.48762506582411796,
      "f1_macro": 0.400070638133708,
      "confusion_matrix": "[[417   2   0  56]\n [420  35   3  15]\n [  0   0 474   0]\n [477   0   0   0]]"
    }
  },
  "end_time": "2026-05-01_13-53-15"
}