{
  "experiment_name": "sehri_khalilian_et_al_setup",
  "feature_extraction": "WaveletFeatures",
  "classifier": "RandomForestClassifier",
  "augmentation": false,
  "start_time": "2026-05-01_02-46-30",
  "scores": {
    "domains_1": {
      "load_data_time": 0.0580448,
      "training_time": 5.755084083,
      "prediction_time": 0.420005909,
      "accuracy_score": 0.7274633123689728,
      "f1_macro": 0.7261840299762126,
      "confusion_matrix": "[[141  96   0   1]\n [ 29 197   0  12]\n [  0   0 238   0]\n [ 52  70   0 118]]"
    },
    "domains_2": {
      "load_data_time": 0.058053892,
      "training_time": 5.770872783,
      "prediction_time": 0.419046492,
      "accuracy_score": 0.5914602003162889,
      "f1_macro": 0.555408346910349,
      "confusion_matrix": "[[ 11 464   0   0]\n [ 41 423   0   9]\n [  0   0 472   0]\n [146 115   0 216]]"
    },
    "domains_3": {
      "load_data_time": 0.058995902,
      "training_time": 5.748101328,
      "prediction_time": 0.417320437,
      "accuracy_score": 0.5438780872306884,
      "f1_macro": 0.5316763338035908,
      "confusion_matrix": "[[ 63 396   0  16]\n [ 69 289   0 121]\n [  0   0 473   0]\n [137 129   0 210]]"
    },
    "domains_4": {
      "load_data_time": 0.060443309,
      "training_time": 6.04420799,
      "prediction_time": 0.206904571,
      "accuracy_score": 0.6652653704676826,
      "f1_macro": 0.6380931592948939,
      "confusion_matrix": "[[106 347   0  22]\n [  1 476   0   0]\n [  0   0 474   0]\n [123 144   0 210]]"
    },
    "domains_5": {
      "load_data_time": 0.060424048,
      "training_time": 6.03129041,
      "prediction_time": 0.207840475,
      "accuracy_score": 0.46113445378151263,
      "f1_macro": 0.37780937365091877,
      "confusion_matrix": "[[ 13   4   0 222]\n [  0   0   0 238]\n [  0   0 238   0]\n [ 49   0   0 188]]"
    },
    "domains_6": {
      "load_data_time": 0.059634028,
      "training_time": 6.071259609,
      "prediction_time": 0.207802064,
      "accuracy_score": 0.4989495798319328,
      "f1_macro": 0.41787919740225615,
      "confusion_matrix": "[[ 31   4   0 204]\n [  0   0   0 238]\n [  0   0 238   0]\n [ 31   0   0 206]]"
    },
    "domains_7": {
      "load_data_time": 0.059987333,
      "training_time": 6.050065781,
      "prediction_time": 0.206532666,
      "accuracy_score": 0.46113445378151263,
      "f1_macro": 0.3791113805258077,
      "confusion_matrix": "[[ 14   5   0 220]\n [  0   0   0 238]\n [  0   0 238   0]\n [ 50   0   0 187]]"
    },
    "domains_8": {
      "load_data_time": 0.05881633,
      "training_time": 5.419790003,
      "prediction_time": 0.170600375,
      "accuracy_score": 0.46008403361344535,
      "f1_macro": 0.37609480812641083,
      "confusion_matrix": "[[ 12   4   0 223]\n [  0   0   0 238]\n [  0   0 238   0]\n [ 49   0   0 188]]"
    },
    "domains_9": {
      "load_data_time": 0.059812809,
      "training_time": 5.457537528,
      "prediction_time": 0.386590251,
      "accuracy_score": 0.6138107416879796,
      "f1_macro": 0.4045338441890166,
      "confusion_matrix": "[[242   0   0   1]\n [ 62   0   0   0]\n [  0   0 238   0]\n [236   3   0   0]]"
    },
    "domains_10": {
      "load_data_time": 0.061077058,
      "training_time": 5.420334415,
      "prediction_time": 0.407997141,
      "accuracy_score": 0.5388051367950866,
      "f1_macro": 0.4219013480261805,
      "confusion_matrix": "[[461   1   0  12]\n [333  32   0   7]\n [  0   0 472   0]\n [473   0   0   0]]"
    },
    "domains_11": {
      "load_data_time": 0.060801192,
      "training_time": 5.457977097,
      "prediction_time": 0.408349997,
      "accuracy_score": 0.48657187993680884,
      "f1_macro": 0.38994143404488235,
      "confusion_matrix": "[[428   4   0  43]\n [454  19   0   3]\n [  0   0 473   0]\n [470   1   0   4]]"
    },
    "domains_12": {
      "load_data_time": 0.060801192,
      "training_time": 5.457977097,
      "prediction_time": 0.408349997,
      "accuracy_score": 0.48973143759873616,
      "f1_macro": 0.408257248875204,
      "confusion_matrix": "[[411   2   0  62]\n [416  45   2  10]\n [  0   0 474   0]\n [477   0   0   0]]"
    }
  },
  "end_time": "2026-05-01_02-47-49"
}