{
  "experiment_name": "sehri_et_al_proposed_setup",
  "feature_extraction": "WaveletFeatures",
  "classifier": "RandomForestClassifier",
  "augmentation": false,
  "start_time": "2026-05-01_00-29-15",
  "scores": {
    "fold_0_0": {
      "load_data_time": 0.052211261,
      "training_time": 4.840077241,
      "prediction_time": 1.116102723,
      "accuracy_score": 0.2601723792343155,
      "f1_macro": 0.14448255147268899,
      "confusion_matrix": "[[  26    3 1637]\n [   5    0 1655]\n [ 391    0 1272]]"
    },
    "fold_0_1": {
      "load_data_time": 0.050792654,
      "training_time": 4.967895416,
      "prediction_time": 1.188355554,
      "accuracy_score": 0.347051336444633,
      "f1_macro": 0.20664137909256394,
      "confusion_matrix": "[[1550    6  111]\n [1275   83   25]\n [1660    1    3]]"
    },
    "fold_0_2": {
      "load_data_time": 0.056640838,
      "training_time": 4.864554001,
      "prediction_time": 1.182861323,
      "accuracy_score": 0.4896,
      "f1_macro": 0.46455283715959733,
      "confusion_matrix": "[[ 320 1306   37]\n [ 124 1383  160]\n [ 467  458  745]]"
    },
    "fold_1_0": {
      "load_data_time": 0.057125336,
      "training_time": 4.808074375,
      "prediction_time": 1.124562143,
      "accuracy_score": 0.021856827752155604,
      "f1_macro": 0.02201253593511336,
      "confusion_matrix": "[[ 108 1329  226]\n [   0    0 1660]\n [1528  135    1]]"
    },
    "fold_1_1": {
      "load_data_time": 0.055804338,
      "training_time": 5.277640402,
      "prediction_time": 1.182682238,
      "accuracy_score": 0.13646959101504555,
      "f1_macro": 0.12530225033603298,
      "confusion_matrix": "[[  22    0 1644]\n [1275   79   29]\n [ 719  408  543]]"
    },
    "fold_1_2": {
      "load_data_time": 0.056037751,
      "training_time": 5.148126074,
      "prediction_time": 1.182076944,
      "accuracy_score": 0.41765059035421254,
      "f1_macro": 0.3801702236514508,
      "confusion_matrix": "[[ 109  682  876]\n [1170  462   35]\n [ 147    0 1516]]"
    },
    "fold_2_0": {
      "load_data_time": 0.055288258,
      "training_time": 5.291858665,
      "prediction_time": 1.114409041,
      "accuracy_score": 0.20172103261957175,
      "f1_macro": 0.20192203462446132,
      "confusion_matrix": "[[ 254  780  633]\n [1330   92  238]\n [ 825  183  662]]"
    },
    "fold_2_1": {
      "load_data_time": 0.055552159,
      "training_time": 5.009038081,
      "prediction_time": 1.175925941,
      "accuracy_score": 0.6515183690804842,
      "f1_macro": 0.5883192760069081,
      "confusion_matrix": "[[1153  205  305]\n [1033  252   98]\n [   0    0 1663]]"
    },
    "fold_2_2": {
      "load_data_time": 0.055552159,
      "training_time": 5.009038081,
      "prediction_time": 1.175925941,
      "accuracy_score": 0.4162497498499099,
      "f1_macro": 0.3094973263779705,
      "confusion_matrix": "[[1625   41    0]\n [1188  454   25]\n [1401  262    1]]"
    }
  },
  "end_time": "2026-05-01_00-30-16"
}