{
  "experiment_name": "sehri_khalilian_et_al_setup",
  "feature_extraction": "WaveletFeatures",
  "classifier": "RandomForestClassifier",
  "augmentation": false,
  "start_time": "2026-05-01_00-33-10",
  "scores": {
    "domains_1": {
      "load_data_time": 0.058879171,
      "training_time": 5.747053816,
      "prediction_time": 0.414384205,
      "accuracy_score": 0.7243186582809225,
      "f1_macro": 0.7233474121715546,
      "confusion_matrix": "[[131 106   0   1]\n [ 21 200   0  17]\n [  0   0 238   0]\n [ 43  75   0 122]]"
    },
    "domains_2": {
      "load_data_time": 0.059130271,
      "training_time": 5.714977552,
      "prediction_time": 0.413178541,
      "accuracy_score": 0.5893516078017923,
      "f1_macro": 0.5516163302726663,
      "confusion_matrix": "[[ 13 460   0   2]\n [ 28 411   0  34]\n [  0   0 472   0]\n [138 117   0 222]]"
    },
    "domains_3": {
      "load_data_time": 0.05872245,
      "training_time": 5.697008387,
      "prediction_time": 0.409192359,
      "accuracy_score": 0.5606936416184971,
      "f1_macro": 0.5398240142710654,
      "confusion_matrix": "[[ 56 403   0  16]\n [ 31 330   0 118]\n [  0   0 473   0]\n [130 138   0 208]]"
    },
    "domains_4": {
      "load_data_time": 0.059710003,
      "training_time": 6.004809814,
      "prediction_time": 0.202454929,
      "accuracy_score": 0.6621124540199684,
      "f1_macro": 0.6350593154104944,
      "confusion_matrix": "[[106 353   0  16]\n [  1 476   0   0]\n [  0   0 474   0]\n [133 140   0 204]]"
    },
    "domains_5": {
      "load_data_time": 0.059805725,
      "training_time": 6.039705261,
      "prediction_time": 0.203913077,
      "accuracy_score": 0.4684873949579832,
      "f1_macro": 0.3842073332574982,
      "confusion_matrix": "[[ 15   7   0 217]\n [  0   0   0 238]\n [  0   0 238   0]\n [ 44   0   0 193]]"
    },
    "domains_6": {
      "load_data_time": 0.059835426,
      "training_time": 5.993831109,
      "prediction_time": 0.203147378,
      "accuracy_score": 0.4831932773109244,
      "f1_macro": 0.4055150176284197,
      "confusion_matrix": "[[ 27   9   0 203]\n [  0   0   0 238]\n [  0   0 238   0]\n [ 42   0   0 195]]"
    },
    "domains_7": {
      "load_data_time": 0.060503319,
      "training_time": 6.025516802,
      "prediction_time": 0.203203083,
      "accuracy_score": 0.47058823529411764,
      "f1_macro": 0.38513513513513514,
      "confusion_matrix": "[[ 15   6   0 218]\n [  0   0   0 238]\n [  0   0 238   0]\n [ 42   0   0 195]]"
    },
    "domains_8": {
      "load_data_time": 0.059680501,
      "training_time": 5.378056611,
      "prediction_time": 0.16692176,
      "accuracy_score": 0.4726890756302521,
      "f1_macro": 0.3884445722327732,
      "confusion_matrix": "[[ 17   5   0 217]\n [  0   0   0 238]\n [  0   0 238   0]\n [ 42   0   0 195]]"
    },
    "domains_9": {
      "load_data_time": 0.059805886,
      "training_time": 5.419250118,
      "prediction_time": 0.378766248,
      "accuracy_score": 0.612531969309463,
      "f1_macro": 0.40350318471337576,
      "confusion_matrix": "[[241   0   0   2]\n [ 62   0   0   0]\n [  0   0 238   0]\n [239   0   0   0]]"
    },
    "domains_10": {
      "load_data_time": 0.061599099,
      "training_time": 5.398250314,
      "prediction_time": 0.40207235,
      "accuracy_score": 0.5421552205471803,
      "f1_macro": 0.4290817363988865,
      "confusion_matrix": "[[461   1   0  12]\n [327  38   0   7]\n [  0   0 472   0]\n [473   0   0   0]]"
    },
    "domains_11": {
      "load_data_time": 0.061575267,
      "training_time": 5.386115882,
      "prediction_time": 0.401082411,
      "accuracy_score": 0.48762506582411796,
      "f1_macro": 0.38536444581855706,
      "confusion_matrix": "[[436   3   1  35]\n [456  15   0   5]\n [  0   0 473   0]\n [472   1   0   2]]"
    },
    "domains_12": {
      "load_data_time": 0.061575267,
      "training_time": 5.386115882,
      "prediction_time": 0.401082411,
      "accuracy_score": 0.4807793575566087,
      "f1_macro": 0.39884593333024465,
      "confusion_matrix": "[[402   2   0  71]\n [421  37   2  13]\n [  0   0 474   0]\n [477   0   0   0]]"
    }
  },
  "end_time": "2026-05-01_00-34-28"
}