{
  "experiment_name": "sehri_khalilian_et_al_setup",
  "feature_extraction": "WaveletFeatures",
  "classifier": "RandomForestClassifier",
  "augmentation": false,
  "start_time": "2026-04-30_17-09-54",
  "scores": {
    "domains_1": {
      "load_data_time": 0.058857825,
      "training_time": 5.753825366,
      "prediction_time": 0.415582911,
      "accuracy_score": 0.7180293501048218,
      "f1_macro": 0.7181814124804374,
      "confusion_matrix": "[[130 107   0   1]\n [ 30 194   0  14]\n [  0   0 238   0]\n [ 45  72   0 123]]"
    },
    "domains_2": {
      "load_data_time": 0.060800469,
      "training_time": 5.685450395,
      "prediction_time": 0.414552821,
      "accuracy_score": 0.5930416447021613,
      "f1_macro": 0.5575722994684525,
      "confusion_matrix": "[[ 15 460   0   0]\n [ 38 420   0  15]\n [  0   0 472   0]\n [142 117   0 218]]"
    },
    "domains_3": {
      "load_data_time": 0.060353261,
      "training_time": 5.695121394,
      "prediction_time": 0.413156721,
      "accuracy_score": 0.5522858644245927,
      "f1_macro": 0.5336587371292398,
      "confusion_matrix": "[[ 52 404   0  19]\n [ 46 311   0 122]\n [  0   0 473   0]\n [133 128   0 215]]"
    },
    "domains_4": {
      "load_data_time": 0.062494211,
      "training_time": 5.996173401,
      "prediction_time": 0.204531038,
      "accuracy_score": 0.6600105097214923,
      "f1_macro": 0.631847692629681,
      "confusion_matrix": "[[102 357   0  16]\n [  0 477   0   0]\n [  0   0 474   0]\n [126 148   0 203]]"
    },
    "domains_5": {
      "load_data_time": 0.058913702,
      "training_time": 6.05984677,
      "prediction_time": 0.204523099,
      "accuracy_score": 0.48214285714285715,
      "f1_macro": 0.39325105042016806,
      "confusion_matrix": "[[ 17   5   0 217]\n [  0   0   0 238]\n [  0   0 238   0]\n [ 33   0   0 204]]"
    },
    "domains_6": {
      "load_data_time": 0.059763703,
      "training_time": 6.003336255,
      "prediction_time": 0.206591661,
      "accuracy_score": 0.46113445378151263,
      "f1_macro": 0.38129185148951467,
      "confusion_matrix": "[[ 16   4   0 219]\n [  0   0   0 238]\n [  0   0 238   0]\n [ 52   0   0 185]]"
    },
    "domains_7": {
      "load_data_time": 0.061004169,
      "training_time": 6.042640113,
      "prediction_time": 0.203777487,
      "accuracy_score": 0.47584033613445376,
      "f1_macro": 0.39004951437821367,
      "confusion_matrix": "[[ 17   5   0 217]\n [  0   0   0 238]\n [  0   0 238   0]\n [ 39   0   0 198]]"
    },
    "domains_8": {
      "load_data_time": 0.060882653,
      "training_time": 5.376549524,
      "prediction_time": 0.167575799,
      "accuracy_score": 0.47478991596638653,
      "f1_macro": 0.39308990704449553,
      "confusion_matrix": "[[ 20   6   0 213]\n [  0   0   0 238]\n [  0   0 238   0]\n [ 43   0   0 194]]"
    },
    "domains_9": {
      "load_data_time": 0.058756372,
      "training_time": 5.389640592,
      "prediction_time": 0.379728955,
      "accuracy_score": 0.6138107416879796,
      "f1_macro": 0.40433673469387754,
      "confusion_matrix": "[[242   0   0   1]\n [ 62   0   0   0]\n [  0   0 238   0]\n [237   2   0   0]]"
    },
    "domains_10": {
      "load_data_time": 0.059796272,
      "training_time": 5.393683708,
      "prediction_time": 0.403871788,
      "accuracy_score": 0.5382467895030709,
      "f1_macro": 0.4206095953829462,
      "confusion_matrix": "[[461   1   0  12]\n [335  31   0   6]\n [  0   0 472   0]\n [473   0   0   0]]"
    },
    "domains_11": {
      "load_data_time": 0.060741745,
      "training_time": 5.406482924,
      "prediction_time": 0.404907049,
      "accuracy_score": 0.48973143759873616,
      "f1_macro": 0.3927448182911267,
      "confusion_matrix": "[[432   3   1  39]\n [448  23   0   5]\n [  0   0 473   0]\n [472   1   0   2]]"
    },
    "domains_12": {
      "load_data_time": 0.060741745,
      "training_time": 5.406482924,
      "prediction_time": 0.404907049,
      "accuracy_score": 0.4886782517114271,
      "f1_macro": 0.4034628815398903,
      "confusion_matrix": "[[415   2   0  58]\n [421  39   2  11]\n [  0   0 474   0]\n [477   0   0   0]]"
    }
  },
  "end_time": "2026-04-30_17-11-12"
}