{
  "domains_1": {
    "load_data_time": 0.063121654,
    "training_time": 5.817571954,
    "prediction_time": 0.423149475,
    "accuracy_score": 0.7211740041928721,
    "f1_macro": 0.7194863800556641,
    "confusion_matrix": "[[129 108   0   1]\n [ 21 202   0  15]\n [  0   0 238   0]\n [ 45  76   0 119]]"
  },
  "domains_2": {
    "load_data_time": 0.059569283,
    "training_time": 5.801655678,
    "prediction_time": 0.423537543,
    "accuracy_score": 0.5914602003162889,
    "f1_macro": 0.5608323848705,
    "confusion_matrix": "[[ 17 458   0   0]\n [ 53 412   0   8]\n [  0   0 472   0]\n [149 107   0 221]]"
  },
  "domains_3": {
    "load_data_time": 0.062162169,
    "training_time": 5.758159998,
    "prediction_time": 0.422525196,
    "accuracy_score": 0.5596426694692591,
    "f1_macro": 0.5409980362969331,
    "confusion_matrix": "[[ 58 401   0  16]\n [ 36 319   0 124]\n [  0   0 473   0]\n [137 124   0 215]]"
  },
  "domains_4": {
    "load_data_time": 0.064169434,
    "training_time": 6.111141599,
    "prediction_time": 0.208866519,
    "accuracy_score": 0.6563321071991592,
    "f1_macro": 0.6271792038453123,
    "confusion_matrix": "[[ 97 361   0  17]\n [  1 476   0   0]\n [  0   0 474   0]\n [126 149   0 202]]"
  },
  "domains_5": {
    "load_data_time": 0.06298216,
    "training_time": 6.175172037,
    "prediction_time": 0.211699615,
    "accuracy_score": 0.47163865546218486,
    "f1_macro": 0.39452897937560244,
    "confusion_matrix": "[[ 23   5   0 211]\n [  0   0   0 238]\n [  0   0 238   0]\n [ 49   0   0 188]]"
  },
  "domains_6": {
    "load_data_time": 0.06191744,
    "training_time": 6.21857636,
    "prediction_time": 0.208040588,
    "accuracy_score": 0.47058823529411764,
    "f1_macro": 0.38607987181812686,
    "confusion_matrix": "[[ 16   4   0 219]\n [  0   0   0 238]\n [  0   0 238   0]\n [ 43   0   0 194]]"
  },
  "domains_7": {
    "load_data_time": 0.06109083,
    "training_time": 6.106806257,
    "prediction_time": 0.210075672,
    "accuracy_score": 0.4684873949579832,
    "f1_macro": 0.38707132650631104,
    "confusion_matrix": "[[ 18   2   0 219]\n [  0   0   0 238]\n [  0   0 238   0]\n [ 47   0   0 190]]"
  },
  "domains_8": {
    "load_data_time": 0.060571588,
    "training_time": 5.460152488,
    "prediction_time": 0.17370874,
    "accuracy_score": 0.4653361344537815,
    "f1_macro": 0.3787659493429823,
    "confusion_matrix": "[[ 12   5   0 222]\n [  0   0   0 238]\n [  0   0 238   0]\n [ 44   0   0 193]]"
  },
  "domains_9": {
    "load_data_time": 0.060871846,
    "training_time": 5.456537502,
    "prediction_time": 0.390775842,
    "accuracy_score": 0.6138107416879796,
    "f1_macro": 0.4039440203562341,
    "confusion_matrix": "[[242   0   0   1]\n [ 62   0   0   0]\n [  0   0 238   0]\n [239   0   0   0]]"
  },
  "domains_10": {
    "load_data_time": 0.060777832,
    "training_time": 5.428739261,
    "prediction_time": 0.410924982,
    "accuracy_score": 0.5376884422110553,
    "f1_macro": 0.4205502446796404,
    "confusion_matrix": "[[460   1   0  13]\n [333  31   0   8]\n [  0   0 472   0]\n [473   0   0   0]]"
  },
  "domains_11": {
    "load_data_time": 0.06117175,
    "training_time": 5.466253002,
    "prediction_time": 0.409314403,
    "accuracy_score": 0.4886782517114271,
    "f1_macro": 0.387099742664016,
    "confusion_matrix": "[[436   3   2  34]\n [457  15   0   4]\n [  0   0 473   0]\n [470   1   0   4]]"
  },
  "domains_12": {
    "load_data_time": 0.06117175,
    "training_time": 5.466253002,
    "prediction_time": 0.409314403,
    "accuracy_score": 0.4855186940494997,
    "f1_macro": 0.3997145494969288,
    "confusion_matrix": "[[412   1   0  62]\n [420  36   4  13]\n [  0   0 474   0]\n [477   0   0   0]]"
  }
}